timestamp_sec,left_hand_present,right_hand_present,processed_json
1781631402.8924208,True,True,"{""t"": 1781631402957.0, ""seq"": 1620, ""fps"": 20.4, ""frame_info"": {""origin"": ""camera"", ""x"": ""right"", ""y"": ""up"", ""z"": ""away_from_camera"", ""units"": ""cm""}, ""calibration_info"": {""hand_size_cm"": 8, ""fov_deg"": 75, ""shoulder_width_cm"": 40}, ""landmark_names"": [""hand_joints"", ""body_joints""], ""body_landmarks"": [{""joint_name"": ""shoulder_L"", ""x"": -0.0185, ""y"": -0.2065, ""z"": 0.254}, {""joint_name"": ""shoulder_R"", ""x"": 0.0185, ""y"": 0.2065, ""z"": 0.315}, {""joint_name"": ""elbow_L"", ""x"": -0.3145, ""y"": -0.2535, ""z"": -0.04}, {""joint_name"": ""elbow_R"", ""x"": -0.3675, ""y"": 0.2485, ""z"": 0.117}, {""joint_name"": ""wrist_L"", ""x"": -0.5885, ""y"": -0.2965, ""z"": -0.312}, {""joint_name"": ""wrist_R"", ""x"": -0.7235, ""y"": 0.2885, ""z"": -0.067}], ""left_hand"": {""present"": true, ""confidence"": 0.988, ""depth_m"": 1.467, ""wrist_m"": {""x"": -0.2207, ""y"": 0.0847, ""z"": -0.0206}, ""joints_m"": [{""x"": -0.2103, ""y"": 0.087, ""z"": -0.0211}, {""x"": -0.2145, ""y"": 0.0783, ""z"": -0.0125}, {""x"": -0.2177, ""y"": 0.0709, ""z"": 0.0009}, {""x"": -0.2239, ""y"": 0.0678, ""z"": 0.0144}, {""x"": -0.2274, ""y"": 0.0707, ""z"": 0.0233}, {""x"": -0.2211, ""y"": 0.0766, ""z"": 0.0178}, {""x"": -0.2267, ""y"": 0.0755, ""z"": 0.0293}, {""x"": -0.2287, ""y"": 0.0748, ""z"": 0.0179}, {""x"": -0.2245, ""y"": 0.0755, ""z"": 0.0115}, {""x"": -0.2205, ""y"": 0.0829, ""z"": 0.0162}, {""x"": -0.2285, ""y"": 0.0813, ""z"": 0.0272}, {""x"": -0.2301, ""y"": 0.0799, ""z"": 0.0134}, {""x"": -0.2251, ""y"": 0.0808, ""z"": 0.0091}, {""x"": -0.2204, ""y"": 0.089, ""z"": 0.0126}, {""x"": -0.228, ""y"": 0.0872, ""z"": 0.0226}, {""x"": -0.2294, ""y"": 0.0852, ""z"": 0.0106}, {""x"": -0.2243, ""y"": 0.086, ""z"": 0.0061}, {""x"": -0.2213, ""y"": 0.0948, ""z"": 0.0071}, {""x"": -0.2267, ""y"": 0.0933, ""z"": 0.0161}, {""x"": -0.23, ""y"": 0.0906, ""z"": 0.008}, {""x"": -0.2268, ""y"": 0.0909, ""z"": 0.0036}], ""palm_normal"": [0.916, -0.154, -0.369], ""finger_dir"": [0.354, -0.116, 0.928], ""finger_curl"": [0.16, 0.905, 0.885, 0.883, 0.85], ""pinch_m"": [0.032, 0.046, 0.066, 0.087], ""grip_aperture_m"": 0.032, ""gesture"": ""GRAB"", ""gesture_id"": 1, ""is_grab"": true}, ""right_hand"": {""present"": true, ""confidence"": 0.997, ""depth_m"": 1.558, ""wrist_m"": {""x"": -0.1932, ""y"": -0.0855, ""z"": -0.0909}, ""joints_m"": [{""x"": -0.1762, ""y"": -0.0881, ""z"": -0.0942}, {""x"": -0.1842, ""y"": -0.0816, ""z"": -0.086}, {""x"": -0.1894, ""y"": -0.0758, ""z"": -0.0741}, {""x"": -0.1985, ""y"": -0.0745, ""z"": -0.0632}, {""x"": -0.2049, ""y"": -0.0778, ""z"": -0.057}, {""x"": -0.1941, ""y"": -0.0812, ""z"": -0.0505}, {""x"": -0.2011, ""y"": -0.0807, ""z"": -0.0479}, {""x"": -0.2046, ""y"": -0.0801, ""z"": -0.0559}, {""x"": -0.2065, ""y"": -0.0792, ""z"": -0.0633}, {""x"": -0.1934, ""y"": -0.088, ""z"": -0.0517}, {""x"": -0.2009, ""y"": -0.0868, ""z"": -0.0532}, {""x"": -0.2026, ""y"": -0.0851, ""z"": -0.0636}, {""x"": -0.2003, ""y"": -0.084, ""z"": -0.0694}, {""x"": -0.1926, ""y"": -0.0942, ""z"": -0.0565}, {""x"": -0.2, ""y"": -0.0927, ""z"": -0.0585}, {""x"": -0.2005, ""y"": -0.0905, ""z"": -0.0675}, {""x"": -0.1959, ""y"": -0.0895, ""z"": -0.0722}, {""x"": -0.1922, ""y"": -0.0996, ""z"": -0.064}, {""x"": -0.198, ""y"": -0.0982, ""z"": -0.0643}, {""x"": -0.2001, ""y"": -0.0955, ""z"": -0.0698}, {""x"": -0.1984, ""y"": -0.0939, ""z"": -0.0728}], ""palm_normal"": [-0.8, -0.189, 0.569], ""finger_dir"": [0.585, -0.032, 0.811], ""finger_curl"": [0.151, 0.336, 0.493, 0.583, 0.586], ""pinch_m"": [0.017, 0.035, 0.056, 0.067], ""grip_aperture_m"": 0.017, ""gesture"": ""GRAB"", ""gesture_id"": 1, ""is_grab"": true}}"
1781631402.9524574,True,True,"{""t"": 1781631403018.0, ""seq"": 1621, ""fps"": 20.1, ""frame_info"": {""origin"": ""camera"", ""x"": ""right"", ""y"": ""up"", ""z"": ""away_from_camera"", ""units"": ""cm""}, ""calibration_info"": {""hand_size_cm"": 8, ""fov_deg"": 75, ""shoulder_width_cm"": 40}, ""landmark_names"": [""hand_joints"", ""body_joints""], ""body_landmarks"": [{""joint_name"": ""shoulder_L"", ""x"": -0.0183, ""y"": -0.2065, ""z"": 0.2546}, {""joint_name"": ""shoulder_R"", ""x"": 0.0183, ""y"": 0.2065, ""z"": 0.3153}, {""joint_name"": ""elbow_L"", ""x"": -0.3152, ""y"": -0.2529, ""z"": -0.0403}, {""joint_name"": ""elbow_R"", ""x"": -0.3646, ""y"": 0.2491, ""z"": 0.1164}, {""joint_name"": ""wrist_L"", ""x"": -0.5895, ""y"": -0.2953, ""z"": -0.3126}, {""joint_name"": ""wrist_R"", ""x"": -0.7182, ""y"": 0.2891, ""z"": -0.0679}], ""left_hand"": {""present"": true, ""confidence"": 0.985, ""depth_m"": 1.472, ""wrist_m"": {""x"": -0.3749, ""y"": 0.1442, ""z"": -0.0352}, ""joints_m"": [{""x"": -0.358, ""y"": 0.1479, ""z"": -0.036}, {""x"": -0.3654, ""y"": 0.1332, ""z"": -0.0211}, {""x"": -0.3701, ""y"": 0.1213, ""z"": 0.0019}, {""x"": -0.3803, ""y"": 0.116, ""z"": 0.0243}, {""x"": -0.3856, ""y"": 0.121, ""z"": 0.0392}, {""x"": -0.3754, ""y"": 0.1307, ""z"": 0.0301}, {""x"": -0.3851, ""y"": 0.1292, ""z"": 0.0497}, {""x"": -0.3888, ""y"": 0.1274, ""z"": 0.0309}, {""x"": -0.3823, ""y"": 0.1282, ""z"": 0.0202}, {""x"": -0.3744, ""y"": 0.1417, ""z"": 0.0274}, {""x"": -0.3882, ""y"": 0.1391, ""z"": 0.0458}, {""x"": -0.3915, ""y"": 0.1363, ""z"": 0.0227}, {""x"": -0.3838, ""y"": 0.1376, ""z"": 0.0154}, {""x"": -0.3745, ""y"": 0.1521, ""z"": 0.0211}, {""x"": -0.3869, ""y"": 0.1493, ""z"": 0.0378}, {""x"": -0.39, ""y"": 0.1456, ""z"": 0.0179}, {""x"": -0.3816, ""y"": 0.1466, ""z"": 0.0102}, {""x"": -0.3764, ""y"": 0.1622, ""z"": 0.0116}, {""x"": -0.3852, ""y"": 0.1595, ""z"": 0.0268}, {""x"": -0.391, ""y"": 0.1547, ""z"": 0.0134}, {""x"": -0.386, ""y"": 0.1549, ""z"": 0.0062}], ""palm_normal"": [0.924, -0.168, -0.342], ""finger_dir"": [0.33, -0.1, 0.939], ""finger_curl"": [0.165, 0.855, 0.838, 0.85, 0.812], ""pinch_m"": [0.031, 0.047, 0.067, 0.087], ""grip_aperture_m"": 0.031, ""gesture"": ""GRAB"", ""gesture_id"": 1, ""is_grab"": true}, ""right_hand"": {""present"": true, ""confidence"": 0.99, ""depth_m"": 1.553, ""wrist_m"": {""x"": -0.3313, ""y"": -0.1438, ""z"": -0.1527}, ""joints_m"": [{""x"": -0.3035, ""y"": -0.1482, ""z"": -0.158}, {""x"": -0.3164, ""y"": -0.137, ""z"": -0.1446}, {""x"": -0.3247, ""y"": -0.1277, ""z"": -0.124}, {""x"": -0.3399, ""y"": -0.1262, ""z"": -0.1063}, {""x"": -0.3526, ""y"": -0.1322, ""z"": -0.0971}, {""x"": -0.3326, ""y"": -0.1378, ""z"": -0.0835}, {""x"": -0.3441, ""y"": -0.1371, ""z"": -0.0851}, {""x"": -0.3471, ""y"": -0.1357, ""z"": -0.0996}, {""x"": -0.345, ""y"": -0.1349, ""z"": -0.1089}, {""x"": -0.3316, ""y"": -0.1494, ""z"": -0.0858}, {""x"": -0.3439, ""y"": -0.1471, ""z"": -0.0946}, {""x"": -0.3441, ""y"": -0.144, ""z"": -0.1115}, {""x"": -0.338, ""y"": -0.1428, ""z"": -0.1176}, {""x"": -0.3302, ""y"": -0.1599, ""z"": -0.0942}, {""x"": -0.3413, ""y"": -0.1568, ""z"": -0.1028}, {""x"": -0.3403, ""y"": -0.1532, ""z"": -0.1177}, {""x"": -0.33, ""y"": -0.1525, ""z"": -0.1228}, {""x"": -0.3293, ""y"": -0.169, ""z"": -0.1069}, {""x"": -0.3387, ""y"": -0.1663, ""z"": -0.1112}, {""x"": -0.3398, ""y"": -0.1621, ""z"": -0.1214}, {""x"": -0.3355, ""y"": -0.16, ""z"": -0.1245}], ""palm_normal"": [-0.782, -0.181, 0.596], ""finger_dir"": [0.614, -0.063, 0.787], ""finger_curl"": [0.16, 0.541, 0.593, 0.613, 0.7], ""pinch_m"": [0.032, 0.044, 0.067, 0.071], ""grip_aperture_m"": 0.032, ""gesture"": ""GRAB"", ""gesture_id"": 1, ""is_grab"": true}}"
1781631403.0001307,True,True,"{""t"": 1781631403066.0, ""seq"": 1622, ""fps"": 20.3, ""frame_info"": {""origin"": ""camera"", ""x"": ""right"", ""y"": ""up"", ""z"": ""away_from_camera"", ""units"": ""cm""}, ""calibration_info"": {""hand_size_cm"": 8, ""fov_deg"": 75, ""shoulder_width_cm"": 40}, ""landmark_names"": [""hand_joints"", ""body_joints""], ""body_landmarks"": [{""joint_name"": ""shoulder_L"", ""x"": -0.0182, ""y"": -0.2065, ""z"": 0.255}, {""joint_name"": ""shoulder_R"", ""x"": 0.0182, ""y"": 0.2065, ""z"": 0.3155}, {""joint_name"": ""elbow_L"", ""x"": -0.3158, ""y"": -0.2525, ""z"": -0.0405}, {""joint_name"": ""elbow_R"", ""x"": -0.3627, ""y"": 0.2495, ""z"": 0.116}, {""joint_name"": ""wrist_L"", ""x"": -0.5903, ""y"": -0.2945, ""z"": -0.313}, {""joint_name"": ""wrist_R"", ""x"": -0.7146, ""y"": 0.2895, ""z"": -0.0685}], ""left_hand"": {""present"": true, ""confidence"": 0.984, ""depth_m"": 1.477, ""wrist_m"": {""x"": -0.4813, ""y"": 0.1858, ""z"": -0.0457}, ""joints_m"": [{""x"": -0.4599, ""y"": 0.1905, ""z"": -0.0467}, {""x"": -0.4698, ""y"": 0.1715, ""z"": -0.0271}, {""x"": -0.4757, ""y"": 0.1561, ""z"": 0.0028}, {""x"": -0.4881, ""y"": 0.1497, ""z"": 0.0313}, {""x"": -0.4942, ""y"": 0.1565, ""z"": 0.0493}, {""x"": -0.4818, ""y"": 0.1691, ""z"": 0.0383}, {""x"": -0.4946, ""y"": 0.1668, ""z"": 0.0632}, {""x"": -0.4998, ""y"": 0.1643, ""z"": 0.0398}, {""x"": -0.4928, ""y"": 0.1649, ""z"": 0.0251}, {""x"": -0.4807, ""y"": 0.183, ""z"": 0.035}, {""x"": -0.4985, ""y"": 0.1794, ""z"": 0.0582}, {""x"": -0.504, ""y"": 0.1757, ""z"": 0.0296}, {""x"": -0.4954, ""y"": 0.177, ""z"": 0.0186}, {""x"": -0.4809, ""y"": 0.1965, ""z"": 0.027}, {""x"": -0.4969, ""y"": 0.1927, ""z"": 0.0482}, {""x"": -0.5015, ""y"": 0.1878, ""z"": 0.0234}, {""x"": -0.4918, ""y"": 0.1888, ""z"": 0.012}, {""x"": -0.4833, ""y"": 0.2095, ""z"": 0.0147}, {""x"": -0.4943, ""y"": 0.2065, ""z"": 0.034}, {""x"": -0.5026, ""y"": 0.1999, ""z"": 0.0178}, {""x"": -0.4971, ""y"": 0.1997, ""z"": 0.008}], ""palm_normal"": [0.922, -0.172, -0.347], ""finger_dir"": [0.336, -0.089, 0.938], ""finger_curl"": [0.164, 0.79, 0.741, 0.805, 0.783], ""pinch_m"": [0.03, 0.047, 0.066, 0.086], ""grip_aperture_m"": 0.03, ""gesture"": ""GRAB"", ""gesture_id"": 1, ""is_grab"": true}, ""right_hand"": {""present"": true, ""confidence"": 0.995, ""depth_m"": 1.554, ""wrist_m"": {""x"": -0.4277, ""y"": -0.1854, ""z"": -0.1984}, ""joints_m"": [{""x"": -0.3918, ""y"": -0.191, ""z"": -0.2054}, {""x"": -0.4091, ""y"": -0.1764, ""z"": -0.1895}, {""x"": -0.4197, ""y"": -0.1641, ""z"": -0.1631}, {""x"": -0.4395, ""y"": -0.162, ""z"": -0.1388}, {""x"": -0.4554, ""y"": -0.17, ""z"": -0.1249}, {""x"": -0.4294, ""y"": -0.1766, ""z"": -0.1106}, {""x"": -0.4448, ""y"": -0.176, ""z"": -0.1094}, {""x"": -0.45, ""y"": -0.1746, ""z"": -0.1251}, {""x"": -0.4498, ""y"": -0.1735, ""z"": -0.136}, {""x"": -0.4283, ""y"": -0.1914, ""z"": -0.1121}, {""x"": -0.4444, ""y"": -0.1889, ""z"": -0.1231}, {""x"": -0.4448, ""y"": -0.1852, ""z"": -0.1455}, {""x"": -0.4364, ""y"": -0.1838, ""z"": -0.1526}, {""x"": -0.4263, ""y"": -0.2049, ""z"": -0.122}, {""x"": -0.4411, ""y"": -0.2017, ""z"": -0.1326}, {""x"": -0.4396, ""y"": -0.1972, ""z"": -0.1522}, {""x"": -0.4263, ""y"": -0.1964, ""z"": -0.1581}, {""x"": -0.4251, ""y"": -0.2165, ""z"": -0.1379}, {""x"": -0.4378, ""y"": -0.2137, ""z"": -0.1434}, {""x"": -0.4395, ""y"": -0.2082, ""z"": -0.157}, {""x"": -0.4333, ""y"": -0.2058, ""z"": -0.1609}], ""palm_normal"": [-0.794, -0.135, 0.593], ""finger_dir"": [0.599, -0.013, 0.8], ""finger_curl"": [0.164, 0.246, 0.552, 0.648, 0.644], ""pinch_m"": [0.009, 0.041, 0.062, 0.07], ""grip_aperture_m"": 0.009, ""gesture"": ""GRAB"", ""gesture_id"": 1, ""is_grab"": true}}"
1781631403.0514805,True,True,"{""t"": 1781631403116.0, ""seq"": 1623, ""fps"": 20.0, ""frame_info"": {""origin"": ""camera"", ""x"": ""right"", ""y"": ""up"", ""z"": ""away_from_camera"", ""units"": ""cm""}, ""calibration_info"": {""hand_size_cm"": 8, ""fov_deg"": 75, ""shoulder_width_cm"": 40}, ""landmark_names"": [""hand_joints"", ""body_joints""], ""body_landmarks"": [{""joint_name"": ""shoulder_L"", ""x"": -0.0182, ""y"": -0.2065, ""z"": 0.2553}, {""joint_name"": ""shoulder_R"", ""x"": 0.0182, ""y"": 0.2065, ""z"": 0.3157}, {""joint_name"": ""elbow_L"", ""x"": -0.3161, ""y"": -0.2522, ""z"": -0.0407}, {""joint_name"": ""elbow_R"", ""x"": -0.3613, ""y"": 0.2498, ""z"": 0.1157}, {""joint_name"": ""wrist_L"", ""x"": -0.5908, ""y"": -0.2939, ""z"": -0.3133}, {""joint_name"": ""wrist_R"", ""x"": -0.712, ""y"": 0.2898, ""z"": -0.069}], ""left_hand"": {""present"": true, ""confidence"": 0.988, ""depth_m"": 1.482, ""wrist_m"": {""x"": -0.5543, ""y"": 0.2154, ""z"": -0.0542}, ""joints_m"": [{""x"": -0.5283, ""y"": 0.2212, ""z"": -0.0555}, {""x"": -0.5403, ""y"": 0.199, ""z"": -0.0335}, {""x"": -0.5471, ""y"": 0.1809, ""z"": 0.0018}, {""x"": -0.5615, ""y"": 0.1733, ""z"": 0.0354}, {""x"": -0.5682, ""y"": 0.181, ""z"": 0.0566}, {""x"": -0.5547, ""y"": 0.1958, ""z"": 0.0431}, {""x"": -0.5699, ""y"": 0.1926, ""z"": 0.0714}, {""x"": -0.5762, ""y"": 0.1901, ""z"": 0.0445}, {""x"": -0.5685, ""y"": 0.1906, ""z"": 0.0272}, {""x"": -0.5536, ""y"": 0.2119, ""z"": 0.0398}, {""x"": -0.574, ""y"": 0.2076, ""z"": 0.0666}, {""x"": -0.5812, ""y"": 0.2036, ""z"": 0.0338}, {""x"": -0.572, ""y"": 0.2047, ""z"": 0.0202}, {""x"": -0.5538, ""y"": 0.2275, ""z"": 0.0306}, {""x"": -0.5724, ""y"": 0.2233, ""z"": 0.0551}, {""x"": -0.578, ""y"": 0.218, ""z"": 0.0267}, {""x"": -0.5673, ""y"": 0.2186, ""z"": 0.0126}, {""x"": -0.5565, ""y"": 0.2424, ""z"": 0.0161}, {""x"": -0.5691, ""y"": 0.2395, ""z"": 0.0374}, {""x"": -0.5788, ""y"": 0.2321, ""z"": 0.0189}, {""x"": -0.5727, ""y"": 0.2312, ""z"": 0.0076}], ""palm_normal"": [0.901, -0.193, -0.388], ""finger_dir"": [0.377, -0.091, 0.922], ""finger_curl"": [0.152, 0.781, 0.755, 0.82, 0.79], ""pinch_m"": [0.033, 0.048, 0.067, 0.087], ""grip_aperture_m"": 0.033, ""gesture"": ""GRAB"", ""gesture_id"": 1, ""is_grab"": true}, ""right_hand"": {""present"": true, ""confidence"": 0.997, ""depth_m"": 1.56, ""wrist_m"": {""x"": -0.4936, ""y"": -0.2144, ""z"": -0.23}, ""joints_m"": [{""x"": -0.4527, ""y"": -0.2208, ""z"": -0.2379}, {""x"": -0.4725, ""y"": -0.2035, ""z"": -0.2187}, {""x"": -0.4848, ""y"": -0.1896, ""z"": -0.1879}, {""x"": -0.5072, ""y"": -0.1877, ""z"": -0.16}, {""x"": -0.5244, ""y"": -0.1968, ""z"": -0.1444}, {""x"": -0.4952, ""y"": -0.2057, ""z"": -0.1295}, {""x"": -0.5123, ""y"": -0.2048, ""z"": -0.1249}, {""x"": -0.5201, ""y"": -0.2022, ""z"": -0.1431}, {""x"": -0.5232, ""y"": -0.1997, ""z"": -0.1583}, {""x"": -0.4941, ""y"": -0.2222, ""z"": -0.1322}, {""x"": -0.5125, ""y"": -0.2193, ""z"": -0.1388}, {""x"": -0.5156, ""y"": -0.2142, ""z"": -0.164}, {""x"": -0.5092, ""y"": -0.2116, ""z"": -0.1764}, {""x"": -0.492, ""y"": -0.2372, ""z"": -0.1442}, {""x"": -0.5098, ""y"": -0.2334, ""z"": -0.1504}, {""x"": -0.5108, ""y"": -0.2273, ""z"": -0.1731}, {""x"": -0.4987, ""y"": -0.2251, ""z"": -0.1843}, {""x"": -0.4912, ""y"": -0.2502, ""z"": -0.1626}, {""x"": -0.5059, ""y"": -0.2471, ""z"": -0.1641}, {""x"": -0.5107, ""y"": -0.2401, ""z"": -0.1791}, {""x"": -0.5057, ""y"": -0.2362, ""z"": -0.1865}], ""palm_normal"": [-0.811, -0.254, 0.526], ""finger_dir"": [0.565, -0.109, 0.818], ""finger_curl"": [0.161, 0.332, 0.461, 0.514, 0.547], ""pinch_m"": [0.022, 0.031, 0.05, 0.062], ""grip_aperture_m"": 0.022, ""gesture"": ""GRAB"", ""gesture_id"": 1, ""is_grab"": true}}"
1781631403.0987031,True,True,"{""t"": 1781631403163.0, ""seq"": 1624, ""fps"": 20.1, ""frame_info"": {""origin"": ""camera"", ""x"": ""right"", ""y"": ""up"", ""z"": ""away_from_camera"", ""units"": ""cm""}, ""calibration_info"": {""hand_size_cm"": 8, ""fov_deg"": 75, ""shoulder_width_cm"": 40}, ""landmark_names"": [""hand_joints"", ""body_joints""], ""body_landmarks"": [{""joint_name"": ""shoulder_L"", ""x"": -0.0181, ""y"": -0.2063, ""z"": 0.2552}, {""joint_name"": ""shoulder_R"", ""x"": 0.0181, ""y"": 0.2063, ""z"": 0.3155}, {""joint_name"": ""elbow_L"", ""x"": -0.3155, ""y"": -0.2512, ""z"": -0.0408}, {""joint_name"": ""elbow_R"", ""x"": -0.3564, ""y"": 0.2502, ""z"": 0.1146}, {""joint_name"": ""wrist_L"", ""x"": -0.5897, ""y"": -0.2927, ""z"": -0.3135}, {""joint_name"": ""wrist_R"", ""x"": -0.7024, ""y"": 0.2908, ""z"": -0.0711}], ""left_hand"": {""present"": true, ""confidence"": 0.797, ""depth_m"": 1.518, ""wrist_m"": {""x"": -0.5923, ""y"": 0.237, ""z"": -0.0626}, ""joints_m"": [{""x"": -0.5654, ""y"": 0.2428, ""z"": -0.064}, {""x"": -0.5779, ""y"": 0.2186, ""z"": -0.0404}, {""x"": -0.5842, ""y"": 0.1997, ""z"": -0.0032}, {""x"": -0.5975, ""y"": 0.1915, ""z"": 0.0313}, {""x"": -0.6027, ""y"": 0.1969, ""z"": 0.0546}, {""x"": -0.5929, ""y"": 0.2165, ""z"": 0.0375}, {""x"": -0.6047, ""y"": 0.2134, ""z"": 0.0713}, {""x"": -0.6122, ""y"": 0.2109, ""z"": 0.0603}, {""x"": -0.613, ""y"": 0.2101, ""z"": 0.0533}, {""x"": -0.5916, ""y"": 0.2342, ""z"": 0.0344}, {""x"": -0.6087, ""y"": 0.231, ""z"": 0.0662}, {""x"": -0.619, ""y"": 0.2276, ""z"": 0.0487}, {""x"": -0.619, ""y"": 0.2274, ""z"": 0.0424}, {""x"": -0.5914, ""y"": 0.2511, ""z"": 0.0243}, {""x"": -0.6074, ""y"": 0.2489, ""z"": 0.053}, {""x"": -0.617, ""y"": 0.2451, ""z"": 0.0384}, {""x"": -0.6128, ""y"": 0.2454, ""z"": 0.0322}, {""x"": -0.5941, ""y"": 0.2669, ""z"": 0.0084}, {""x"": -0.605, ""y"": 0.2662, ""z"": 0.0305}, {""x"": -0.6164, ""y"": 0.2602, ""z"": 0.0203}, {""x"": -0.6143, ""y"": 0.2591, ""z"": 0.0143}], ""palm_normal"": [0.901, -0.165, -0.401], ""finger_dir"": [0.404, -0.017, 0.915], ""finger_curl"": [0.079, 0.147, 0.12, 0.067, 0.21], ""pinch_m"": [0.051, 0.07, 0.088, 0.101], ""grip_aperture_m"": 0.051, ""gesture"": ""OPEN"", ""gesture_id"": 2, ""is_grab"": false}, ""right_hand"": {""present"": true, ""confidence"": 0.879, ""depth_m"": 1.629, ""wrist_m"": {""x"": -0.5166, ""y"": -0.2401, ""z"": -0.2598}, ""joints_m"": [{""x"": -0.478, ""y"": -0.2462, ""z"": -0.2674}, {""x"": -0.4968, ""y"": -0.2269, ""z"": -0.25}, {""x"": -0.5077, ""y"": -0.212, ""z"": -0.2212}, {""x"": -0.5279, ""y"": -0.2079, ""z"": -0.1958}, {""x"": -0.5427, ""y"": -0.2124, ""z"": -0.179}, {""x"": -0.5179, ""y"": -0.2293, ""z"": -0.159}, {""x"": -0.5305, ""y"": -0.2293, ""z"": -0.1425}, {""x"": -0.5392, ""y"": -0.2275, ""z"": -0.1461}, {""x"": -0.5497, ""y"": -0.2254, ""z"": -0.1489}, {""x"": -0.5168, ""y"": -0.2468, ""z"": -0.1628}, {""x"": -0.5306, ""y"": -0.2477, ""z"": -0.1557}, {""x"": -0.5374, ""y"": -0.2456, ""z"": -0.1649}, {""x"": -0.5409, ""y"": -0.2446, ""z"": -0.166}, {""x"": -0.515, ""y"": -0.2621, ""z"": -0.1761}, {""x"": -0.5283, ""y"": -0.2622, ""z"": -0.1705}, {""x"": -0.5339, ""y"": -0.2588, ""z"": -0.1784}, {""x"": -0.5313, ""y"": -0.2575, ""z"": -0.1794}, {""x"": -0.5155, ""y"": -0.2749, ""z"": -0.1954}, {""x"": -0.5268, ""y"": -0.2748, ""z"": -0.1891}, {""x"": -0.5333, ""y"": -0.2703, ""z"": -0.1941}, {""x"": -0.5345, ""y"": -0.2673, ""z"": -0.1945}], ""palm_normal"": [-0.798, -0.358, 0.486], ""finger_dir"": [0.48, 0.111, 0.87], ""finger_curl"": [0.044, 0.156, 0.118, 0.113, 0.118], ""pinch_m"": [0.089, 0.115, 0.111, 0.106], ""grip_aperture_m"": 0.089, ""gesture"": ""OPEN"", ""gesture_id"": 2, ""is_grab"": false}}"
1781631403.1399457,True,True,"{""t"": 1781631403203.0, ""seq"": 1625, ""fps"": 20.2, ""frame_info"": {""origin"": ""camera"", ""x"": ""right"", ""y"": ""up"", ""z"": ""away_from_camera"", ""units"": ""cm""}, ""calibration_info"": {""hand_size_cm"": 8, ""fov_deg"": 75, ""shoulder_width_cm"": 40}, ""landmark_names"": [""hand_joints"", ""body_joints""], ""body_landmarks"": [{""joint_name"": ""shoulder_L"", ""x"": -0.0181, ""y"": -0.2062, ""z"": 0.2552}, {""joint_name"": ""shoulder_R"", ""x"": 0.0181, ""y"": 0.2062, ""z"": 0.3153}, {""joint_name"": ""elbow_L"", ""x"": -0.315, ""y"": -0.2506, ""z"": -0.0408}, {""joint_name"": ""elbow_R"", ""x"": -0.353, ""y"": 0.2504, ""z"": 0.1138}, {""joint_name"": ""wrist_L"", ""x"": -0.5889, ""y"": -0.2919, ""z"": -0.3137}, {""joint_name"": ""wrist_R"", ""x"": -0.6957, ""y"": 0.2914, ""z"": -0.0726}], ""left_hand"": {""present"": true, ""confidence"": 0.525, ""depth_m"": 1.525, ""wrist_m"": {""x"": -0.6167, ""y"": 0.2511, ""z"": -0.0747}, ""joints_m"": [{""x"": -0.5899, ""y"": 0.2569, ""z"": -0.0762}, {""x"": -0.6004, ""y"": 0.2317, ""z"": -0.0523}, {""x"": -0.6069, ""y"": 0.2137, ""z"": -0.0155}, {""x"": -0.6184, ""y"": 0.2047, ""z"": 0.0176}, {""x"": -0.6228, ""y"": 0.2056, ""z"": 0.0403}, {""x"": -0.6177, ""y"": 0.231, ""z"": 0.0342}, {""x"": -0.6258, ""y"": 0.2283, ""z"": 0.0724}, {""x"": -0.631, ""y"": 0.2269, ""z"": 0.0727}, {""x"": -0.6339, ""y"": 0.2262, ""z"": 0.0728}, {""x"": -0.6167, ""y"": 0.2501, ""z"": 0.0313}, {""x"": -0.628, ""y"": 0.2494, ""z"": 0.0681}, {""x"": -0.6355, ""y"": 0.2479, ""z"": 0.0631}, {""x"": -0.6395, ""y"": 0.2474, ""z"": 0.0625}, {""x"": -0.6159, ""y"": 0.2681, ""z"": 0.0195}, {""x"": -0.6265, ""y"": 0.2691, ""z"": 0.0522}, {""x"": -0.6347, ""y"": 0.2674, ""z"": 0.0488}, {""x"": -0.6323, ""y"": 0.2683, ""z"": 0.0489}, {""x"": -0.6173, ""y"": 0.2845, ""z"": 0.0006}, {""x"": -0.6253, ""y"": 0.2868, ""z"": 0.0245}, {""x"": -0.6353, ""y"": 0.283, ""z"": 0.0213}, {""x"": -0.6358, ""y"": 0.2822, ""z"": 0.0195}], ""palm_normal"": [0.905, -0.111, -0.41], ""finger_dir"": [0.413, 0.004, 0.911], ""finger_curl"": [0.012, 0.046, 0.094, 0.047, 0.2], ""pinch_m"": [0.061, 0.077, 0.091, 0.097], ""grip_aperture_m"": 0.061, ""gesture"": ""OPEN"", ""gesture_id"": 2, ""is_grab"": false}, ""right_hand"": {""present"": true, ""confidence"": 0.675, ""depth_m"": 1.673, ""wrist_m"": {""x"": -0.5193, ""y"": -0.2592, ""z"": -0.2863}, ""joints_m"": [{""x"": -0.4811, ""y"": -0.2652, ""z"": -0.2939}, {""x"": -0.5011, ""y"": -0.2447, ""z"": -0.2767}, {""x"": -0.5121, ""y"": -0.2289, ""z"": -0.2494}, {""x"": -0.5309, ""y"": -0.2228, ""z"": -0.2262}, {""x"": -0.5455, ""y"": -0.224, ""z"": -0.2099}, {""x"": -0.5214, ""y"": -0.2481, ""z"": -0.1836}, {""x"": -0.5319, ""y"": -0.2489, ""z"": -0.1583}, {""x"": -0.5421, ""y"": -0.2478, ""z"": -0.1514}, {""x"": -0.5574, ""y"": -0.2461, ""z"": -0.1456}, {""x"": -0.5196, ""y"": -0.267, ""z"": -0.1879}, {""x"": -0.5301, ""y"": -0.2717, ""z"": -0.1708}, {""x"": -0.5402, ""y"": -0.2719, ""z"": -0.1705}, {""x"": -0.5507, ""y"": -0.2722, ""z"": -0.1662}, {""x"": -0.5169, ""y"": -0.2835, ""z"": -0.2024}, {""x"": -0.5277, ""y"": -0.287, ""z"": -0.1872}, {""x"": -0.5379, ""y"": -0.2859, ""z"": -0.1853}, {""x"": -0.5427, ""y"": -0.2853, ""z"": -0.1802}, {""x"": -0.5162, ""y"": -0.2971, ""z"": -0.2235}, {""x"": -0.5258, ""y"": -0.3008, ""z"": -0.2115}, {""x"": -0.5347, ""y"": -0.2999, ""z"": -0.2094}, {""x"": -0.541, ""y"": -0.2995, ""z"": -0.2044}], ""palm_normal"": [-0.821, -0.159, 0.549], ""finger_dir"": [0.558, -0.012, 0.83], ""finger_curl"": [0.039, 0.14, 0.198, 0.147, 0.062], ""pinch_m"": [0.091, 0.111, 0.115, 0.131], ""grip_aperture_m"": 0.091, ""gesture"": ""OPEN"", ""gesture_id"": 2, ""is_grab"": false}}"
1781631403.186843,False,False,"{""t"": 1781631403249.0, ""seq"": 1626, ""fps"": 20.6, ""frame_info"": {""origin"": ""camera"", ""x"": ""right"", ""y"": ""up"", ""z"": ""away_from_camera"", ""units"": ""cm""}, ""calibration_info"": {""hand_size_cm"": 8, ""fov_deg"": 75, ""shoulder_width_cm"": 40}, ""landmark_names"": [""hand_joints"", ""body_joints""], ""body_landmarks"": [{""joint_name"": ""shoulder_L"", ""x"": -0.0181, ""y"": -0.2062, ""z"": 0.2551}, {""joint_name"": ""shoulder_R"", ""x"": 0.0181, ""y"": 0.2062, ""z"": 0.3152}, {""joint_name"": ""elbow_L"", ""x"": -0.3147, ""y"": -0.2501, ""z"": -0.0409}, {""joint_name"": ""elbow_R"", ""x"": -0.3506, ""y"": 0.2506, ""z"": 0.1133}, {""joint_name"": ""wrist_L"", ""x"": -0.5883, ""y"": -0.2913, ""z"": -0.3138}, {""joint_name"": ""wrist_R"", ""x"": -0.691, ""y"": 0.2919, ""z"": -0.0736}], ""left_hand"": {""present"": false}, ""right_hand"": {""present"": false}}"
1781631403.2500656,False,True,"{""t"": 1781631403311.0, ""seq"": 1627, ""fps"": 20.2, ""frame_info"": {""origin"": ""camera"", ""x"": ""right"", ""y"": ""up"", ""z"": ""away_from_camera"", ""units"": ""cm""}, ""calibration_info"": {""hand_size_cm"": 8, ""fov_deg"": 75, ""shoulder_width_cm"": 40}, ""landmark_names"": [""hand_joints"", ""body_joints""], ""body_landmarks"": [{""joint_name"": ""shoulder_L"", ""x"": -0.0179, ""y"": -0.2061, ""z"": 0.2554}, {""joint_name"": ""shoulder_R"", ""x"": 0.0179, ""y"": 0.2061, ""z"": 0.317}, {""joint_name"": ""elbow_L"", ""x"": -0.3003, ""y"": -0.2528, ""z"": -0.0472}, {""joint_name"": ""elbow_R"", ""x"": -0.3452, ""y"": 0.2504, ""z"": 0.1093}, {""joint_name"": ""wrist_L"", ""x"": -0.5608, ""y"": -0.2966, ""z"": -0.3264}, {""joint_name"": ""wrist_R"", ""x"": -0.6803, ""y"": 0.2916, ""z"": -0.083}], ""left_hand"": {""present"": false}, ""right_hand"": {""present"": true, ""confidence"": 0.639, ""depth_m"": 1.532, ""wrist_m"": {""x"": -0.566, ""y"": -0.2518, ""z"": -0.2415}, ""joints_m"": [{""x"": -0.542, ""y"": -0.2556, ""z"": -0.2466}, {""x"": -0.556, ""y"": -0.2437, ""z"": -0.248}, {""x"": -0.5646, ""y"": -0.2364, ""z"": -0.245}, {""x"": -0.5788, ""y"": -0.2331, ""z"": -0.2426}, {""x"": -0.5877, ""y"": -0.2346, ""z"": -0.2419}, {""x"": -0.5688, ""y"": -0.2561, ""z"": -0.2016}, {""x"": -0.5765, ""y"": -0.2598, ""z"": -0.1965}, {""x"": -0.5847, ""y"": -0.2596, ""z"": -0.2012}, {""x"": -0.598, ""y"": -0.2578, ""z"": -0.2034}, {""x"": -0.566, ""y"": -0.2702, ""z"": -0.2031}, {""x"": -0.5735, ""y"": -0.2772, ""z"": -0.2039}, {""x"": -0.5829, ""y"": -0.2777, ""z"": -0.2126}, {""x"": -0.5929, ""y"": -0.2768, ""z"": -0.2152}, {""x"": -0.5628, ""y"": -0.2819, ""z"": -0.2118}, {""x"": -0.5716, ""y"": -0.2877, ""z"": -0.2138}, {""x"": -0.5797, ""y"": -0.2876, ""z"": -0.2208}, {""x"": -0.5836, ""y"": -0.287, ""z"": -0.2221}, {""x"": -0.5632, ""y"": -0.2908, ""z"": -0.2246}, {""x"": -0.5699, ""y"": -0.2963, ""z"": -0.2273}, {""x"": -0.5787, ""y"": -0.2961, ""z"": -0.2326}, {""x"": -0.5831, ""y"": -0.296, ""z"": -0.2338}], ""palm_normal"": [0.585, -0.731, 0.351], ""finger_dir"": [-0.146, -0.52, -0.841], ""finger_curl"": [0.03, 0.066, 0.146, 0.086, 0.14], ""pinch_m"": [0.028, 0.025, 0.022, 0.023], ""grip_aperture_m"": 0.028, ""gesture"": ""OPEN"", ""gesture_id"": 2, ""is_grab"": false}}"
1781631403.2943556,False,False,"{""t"": 1781631403354.0, ""seq"": 1628, ""fps"": 20.3, ""frame_info"": {""origin"": ""camera"", ""x"": ""right"", ""y"": ""up"", ""z"": ""away_from_camera"", ""units"": ""cm""}, ""calibration_info"": {""hand_size_cm"": 8, ""fov_deg"": 75, ""shoulder_width_cm"": 40}, ""landmark_names"": [""hand_joints"", ""body_joints""], ""body_landmarks"": [{""joint_name"": ""shoulder_L"", ""x"": -0.0178, ""y"": -0.2061, ""z"": 0.2556}, {""joint_name"": ""shoulder_R"", ""x"": 0.0178, ""y"": 0.2061, ""z"": 0.3182}, {""joint_name"": ""elbow_L"", ""x"": -0.2901, ""y"": -0.2546, ""z"": -0.0517}, {""joint_name"": ""elbow_R"", ""x"": -0.3414, ""y"": 0.2503, ""z"": 0.1065}, {""joint_name"": ""wrist_L"", ""x"": -0.5415, ""y"": -0.3003, ""z"": -0.3353}, {""joint_name"": ""wrist_R"", ""x"": -0.6729, ""y"": 0.2914, ""z"": -0.0896}], ""left_hand"": {""present"": false}, ""right_hand"": {""present"": false}}"
1781631403.3396494,False,False,"{""t"": 1781631403398.0, ""seq"": 1629, ""fps"": 20.4, ""frame_info"": {""origin"": ""camera"", ""x"": ""right"", ""y"": ""up"", ""z"": ""away_from_camera"", ""units"": ""cm""}, ""calibration_info"": {""hand_size_cm"": 8, ""fov_deg"": 75, ""shoulder_width_cm"": 40}, ""landmark_names"": [""hand_joints"", ""body_joints""], ""body_landmarks"": [{""joint_name"": ""shoulder_L"", ""x"": -0.0177, ""y"": -0.2061, ""z"": 0.2557}, {""joint_name"": ""shoulder_R"", ""x"": 0.0177, ""y"": 0.2061, ""z"": 0.319}, {""joint_name"": ""elbow_L"", ""x"": -0.283, ""y"": -0.2559, ""z"": -0.0548}, {""joint_name"": ""elbow_R"", ""x"": -0.3387, ""y"": 0.2502, ""z"": 0.1045}, {""joint_name"": ""wrist_L"", ""x"": -0.528, ""y"": -0.3029, ""z"": -0.3415}, {""joint_name"": ""wrist_R"", ""x"": -0.6677, ""y"": 0.2913, ""z"": -0.0942}], ""left_hand"": {""present"": false}, ""right_hand"": {""present"": false}}"
1781631403.3876927,False,False,"{""t"": 1781631403445.0, ""seq"": 1630, ""fps"": 20.4, ""frame_info"": {""origin"": ""camera"", ""x"": ""right"", ""y"": ""up"", ""z"": ""away_from_camera"", ""units"": ""cm""}, ""calibration_info"": {""hand_size_cm"": 8, ""fov_deg"": 75, ""shoulder_width_cm"": 40}, ""landmark_names"": [""hand_joints"", ""body_joints""], ""body_landmarks"": [{""joint_name"": ""shoulder_L"", ""x"": -0.0184, ""y"": -0.2063, ""z"": 0.2519}, {""joint_name"": ""shoulder_R"", ""x"": 0.0184, ""y"": 0.2063, ""z"": 0.3187}, {""joint_name"": ""elbow_L"", ""x"": -0.2758, ""y"": -0.2569, ""z"": -0.0587}, {""joint_name"": ""elbow_R"", ""x"": -0.3385, ""y"": 0.1688, ""z"": 0.0978}, {""joint_name"": ""wrist_L"", ""x"": -0.5136, ""y"": -0.3042, ""z"": -0.3459}, {""joint_name"": ""wrist_R"", ""x"": -0.6675, ""y"": 0.1346, ""z"": -0.1068}], ""left_hand"": {""present"": false}, ""right_hand"": {""present"": false}}"
1781631403.4414608,True,False,"{""t"": 1781631403498.0, ""seq"": 1631, ""fps"": 20.3, ""frame_info"": {""origin"": ""camera"", ""x"": ""right"", ""y"": ""up"", ""z"": ""away_from_camera"", ""units"": ""cm""}, ""calibration_info"": {""hand_size_cm"": 8, ""fov_deg"": 75, ""shoulder_width_cm"": 40}, ""landmark_names"": [""hand_joints"", ""body_joints""], ""body_landmarks"": [{""joint_name"": ""shoulder_L"", ""x"": -0.0189, ""y"": -0.2065, ""z"": 0.2492}, {""joint_name"": ""shoulder_R"", ""x"": 0.0189, ""y"": 0.2065, ""z"": 0.3185}, {""joint_name"": ""elbow_L"", ""x"": -0.2708, ""y"": -0.2575, ""z"": -0.0615}, {""joint_name"": ""elbow_R"", ""x"": -0.3383, ""y"": 0.1119, ""z"": 0.093}, {""joint_name"": ""wrist_L"", ""x"": -0.5035, ""y"": -0.305, ""z"": -0.3489}, {""joint_name"": ""wrist_R"", ""x"": -0.6673, ""y"": 0.0249, ""z"": -0.1155}], ""left_hand"": {""present"": true, ""confidence"": 0.943, ""depth_m"": 1.604, ""wrist_m"": {""x"": -0.6079, ""y"": 0.2468, ""z"": -0.1901}, ""joints_m"": [{""x"": -0.5732, ""y"": 0.2535, ""z"": -0.1958}, {""x"": -0.5829, ""y"": 0.225, ""z"": -0.1799}, {""x"": -0.5903, ""y"": 0.2035, ""z"": -0.1655}, {""x"": -0.6042, ""y"": 0.1905, ""z"": -0.1541}, {""x"": -0.6106, ""y"": 0.1864, ""z"": -0.1467}, {""x"": -0.6091, ""y"": 0.2203, ""z"": -0.1304}, {""x"": -0.6162, ""y"": 0.2153, ""z"": -0.1258}, {""x"": -0.6158, ""y"": 0.2118, ""z"": -0.1412}, {""x"": -0.6128, ""y"": 0.2104, ""z"": -0.1524}, {""x"": -0.6091, ""y"": 0.24, ""z"": -0.1366}, {""x"": -0.6156, ""y"": 0.2363, ""z"": -0.1349}, {""x"": -0.6152, ""y"": 0.2323, ""z"": -0.1546}, {""x"": -0.6157, ""y"": 0.2305, ""z"": -0.1647}, {""x"": -0.6081, ""y"": 0.2588, ""z"": -0.1481}, {""x"": -0.6137, ""y"": 0.2575, ""z"": -0.1489}, {""x"": -0.6141, ""y"": 0.2533, ""z"": -0.1641}, {""x"": -0.6081, ""y"": 0.2524, ""z"": -0.1726}, {""x"": -0.6061, ""y"": 0.2756, ""z"": -0.1641}, {""x"": -0.6109, ""y"": 0.2756, ""z"": -0.1661}, {""x"": -0.6139, ""y"": 0.2719, ""z"": -0.1772}, {""x"": -0.6117, ""y"": 0.2712, ""z"": -0.1843}], ""palm_normal"": [-0.597, -0.355, -0.719], ""finger_dir"": [0.798, -0.176, -0.576], ""finger_curl"": [0.069, 0.248, 0.084, 0.183, 0.149], ""pinch_m"": [0.038, 0.051, 0.059, 0.075], ""grip_aperture_m"": 0.038, ""gesture"": ""OPEN"", ""gesture_id"": 2, ""is_grab"": false}, ""right_hand"": {""present"": false}}"
1781631403.4910421,True,False,"{""t"": 1781631403546.0, ""seq"": 1632, ""fps"": 20.2, ""frame_info"": {""origin"": ""camera"", ""x"": ""right"", ""y"": ""up"", ""z"": ""away_from_camera"", ""units"": ""cm""}, ""calibration_info"": {""hand_size_cm"": 8, ""fov_deg"": 75, ""shoulder_width_cm"": 40}, ""landmark_names"": [""hand_joints"", ""body_joints""], ""body_landmarks"": [{""joint_name"": ""shoulder_L"", ""x"": -0.0192, ""y"": -0.2067, ""z"": 0.2474}, {""joint_name"": ""shoulder_R"", ""x"": 0.0192, ""y"": 0.2067, ""z"": 0.3183}, {""joint_name"": ""elbow_L"", ""x"": -0.2672, ""y"": -0.258, ""z"": -0.0635}, {""joint_name"": ""elbow_R"", ""x"": -0.3382, ""y"": 0.072, ""z"": 0.0897}, {""joint_name"": ""wrist_L"", ""x"": -0.4965, ""y"": -0.3056, ""z"": -0.351}, {""joint_name"": ""wrist_R"", ""x"": -0.6672, ""y"": -0.0518, ""z"": -0.1217}], ""left_hand"": {""present"": true, ""confidence"": 0.999, ""depth_m"": 1.621, ""wrist_m"": {""x"": -0.5967, ""y"": 0.2441, ""z"": -0.2748}, ""joints_m"": [{""x"": -0.552, ""y"": 0.2522, ""z"": -0.2846}, {""x"": -0.5641, ""y"": 0.2203, ""z"": -0.2756}, {""x"": -0.5741, ""y"": 0.1966, ""z"": -0.2781}, {""x"": -0.5921, ""y"": 0.1824, ""z"": -0.283}, {""x"": -0.6039, ""y"": 0.1751, ""z"": -0.2866}, {""x"": -0.5996, ""y"": 0.2116, ""z"": -0.2568}, {""x"": -0.6045, ""y"": 0.2043, ""z"": -0.2743}, {""x"": -0.6007, ""y"": 0.1995, ""z"": -0.2975}, {""x"": -0.5912, ""y"": 0.1972, ""z"": -0.3159}, {""x"": -0.5993, ""y"": 0.2325, ""z"": -0.2659}, {""x"": -0.6028, ""y"": 0.2256, ""z"": -0.2879}, {""x"": -0.5976, ""y"": 0.22, ""z"": -0.3158}, {""x"": -0.5913, ""y"": 0.2168, ""z"": -0.3335}, {""x"": -0.5954, ""y"": 0.2523, ""z"": -0.2788}, {""x"": -0.5983, ""y"": 0.2474, ""z"": -0.3017}, {""x"": -0.5948, ""y"": 0.2411, ""z"": -0.3243}, {""x"": -0.5844, ""y"": 0.2381, ""z"": -0.3381}, {""x"": -0.5889, ""y"": 0.2699, ""z"": -0.2937}, {""x"": -0.5925, ""y"": 0.2675, ""z"": -0.3136}, {""x"": -0.5929, ""y"": 0.262, ""z"": -0.3288}, {""x"": -0.588, ""y"": 0.2586, ""z"": -0.3382}], ""palm_normal"": [-0.455, -0.759, -0.466], ""finger_dir"": [0.873, -0.276, -0.402], ""finger_curl"": [0.018, 0.204, 0.093, 0.131, 0.13], ""pinch_m"": [0.052, 0.069, 0.072, 0.071], ""grip_aperture_m"": 0.052, ""gesture"": ""OPEN"", ""gesture_id"": 2, ""is_grab"": false}, ""right_hand"": {""present"": false}}"
1781631403.5551176,True,True,"{""t"": 1781631403609.0, ""seq"": 1633, ""fps"": 20.0, ""frame_info"": {""origin"": ""camera"", ""x"": ""right"", ""y"": ""up"", ""z"": ""away_from_camera"", ""units"": ""cm""}, ""calibration_info"": {""hand_size_cm"": 8, ""fov_deg"": 75, ""shoulder_width_cm"": 40}, ""landmark_names"": [""hand_joints"", ""body_joints""], ""body_landmarks"": [{""joint_name"": ""shoulder_L"", ""x"": -0.0223, ""y"": -0.2044, ""z"": 0.2391}, {""joint_name"": ""shoulder_R"", ""x"": 0.0223, ""y"": 0.2044, ""z"": 0.311}, {""joint_name"": ""elbow_L"", ""x"": -0.2415, ""y"": -0.2562, ""z"": -0.0681}, {""joint_name"": ""elbow_R"", ""x"": -0.2861, ""y"": 0.1188, ""z"": 0.0283}, {""joint_name"": ""wrist_L"", ""x"": -0.4437, ""y"": -0.3042, ""z"": -0.3525}, {""joint_name"": ""wrist_R"", ""x"": -0.5701, ""y"": 0.0402, ""z"": -0.2328}], ""left_hand"": {""present"": true, ""confidence"": 0.999, ""depth_m"": 1.702, ""wrist_m"": {""x"": -0.5165, ""y"": 0.2477, ""z"": -0.3433}, ""joints_m"": [{""x"": -0.4646, ""y"": 0.2569, ""z"": -0.3563}, {""x"": -0.4794, ""y"": 0.2213, ""z"": -0.3514}, {""x"": -0.4913, ""y"": 0.1958, ""z"": -0.3675}, {""x"": -0.5138, ""y"": 0.181, ""z"": -0.3841}, {""x"": -0.5295, ""y"": 0.1709, ""z"": -0.3949}, {""x"": -0.5214, ""y"": 0.213, ""z"": -0.3582}, {""x"": -0.5248, ""y"": 0.2038, ""z"": -0.394}, {""x"": -0.5196, ""y"": 0.1969, ""z"": -0.4232}, {""x"": -0.508, ""y"": 0.1928, ""z"": -0.4452}, {""x"": -0.5206, ""y"": 0.2349, ""z"": -0.3693}, {""x"": -0.5212, ""y"": 0.2253, ""z"": -0.4107}, {""x"": -0.5133, ""y"": 0.217, ""z"": -0.4439}, {""x"": -0.5019, ""y"": 0.2117, ""z"": -0.4654}, {""x"": -0.514, ""y"": 0.2544, ""z"": -0.3829}, {""x"": -0.5156, ""y"": 0.2461, ""z"": -0.4228}, {""x"": -0.5095, ""y"": 0.2373, ""z"": -0.4509}, {""x"": -0.4959, ""y"": 0.2319, ""z"": -0.4683}, {""x"": -0.504, ""y"": 0.271, ""z"": -0.3968}, {""x"": -0.507, ""y"": 0.265, ""z"": -0.4295}, {""x"": -0.5059, ""y"": 0.2571, ""z"": -0.45}, {""x"": -0.4986, ""y"": 0.2514, ""z"": -0.4641}], ""palm_normal"": [-0.334, -0.913, -0.235], ""finger_dir"": [0.878, -0.211, -0.429], ""finger_curl"": [0.025, 0.112, 0.067, 0.134, 0.114], ""pinch_m"": [0.049, 0.074, 0.08, 0.079], ""grip_aperture_m"": 0.049, ""gesture"": ""OPEN"", ""gesture_id"": 2, ""is_grab"": false}, ""right_hand"": {""present"": true, ""confidence"": 0.994, ""depth_m"": 1.652, ""wrist_m"": {""x"": -0.51, ""y"": -0.242, ""z"": -0.3196}, ""joints_m"": [{""x"": -0.4759, ""y"": -0.2467, ""z"": -0.3285}, {""x"": -0.491, ""y"": -0.2278, ""z"": -0.3256}, {""x"": -0.502, ""y"": -0.2139, ""z"": -0.329}, {""x"": -0.5188, ""y"": -0.205, ""z"": -0.3364}, {""x"": -0.531, ""y"": -0.2006, ""z"": -0.3431}, {""x"": -0.5154, ""y"": -0.2312, ""z"": -0.3164}, {""x"": -0.5214, ""y"": -0.229, ""z"": -0.332}, {""x"": -0.5232, ""y"": -0.2247, ""z"": -0.3439}, {""x"": -0.5282, ""y"": -0.2198, ""z"": -0.35}, {""x"": -0.5116, ""y"": -0.246, ""z"": -0.3242}, {""x"": -0.5146, ""y"": -0.2452, ""z"": -0.3459}, {""x"": -0.5154, ""y"": -0.2405, ""z"": -0.3606}, {""x"": -0.5192, ""y"": -0.2357, ""z"": -0.3653}, {""x"": -0.5055, ""y"": -0.2577, ""z"": -0.3349}, {""x"": -0.5095, ""y"": -0.2556, ""z"": -0.3547}, {""x"": -0.5104, ""y"": -0.2503, ""z"": -0.3671}, {""x"": -0.5082, ""y"": -0.2458, ""z"": -0.3716}, {""x"": -0.5011, ""y"": -0.2663, ""z"": -0.3464}, {""x"": -0.5036, ""y"": -0.2648, ""z"": -0.3636}, {""x"": -0.5079, ""y"": -0.2603, ""z"": -0.3724}, {""x"": -0.5084, ""y"": -0.2567, ""z"": -0.375}], ""palm_normal"": [0.437, -0.897, -0.058], ""finger_dir"": [0.735, 0.394, -0.552], ""finger_curl"": [0.004, 0.163, 0.032, 0.075, 0.063], ""pinch_m"": [0.054, 0.072, 0.083, 0.079], ""grip_aperture_m"": 0.054, ""gesture"": ""OPEN"", ""gesture_id"": 2, ""is_grab"": false}}"
1781631403.602215,True,True,"{""t"": 1781631403655.0, ""seq"": 1634, ""fps"": 20.2, ""frame_info"": {""origin"": ""camera"", ""x"": ""right"", ""y"": ""up"", ""z"": ""away_from_camera"", ""units"": ""cm""}, ""calibration_info"": {""hand_size_cm"": 8, ""fov_deg"": 75, ""shoulder_width_cm"": 40}, ""landmark_names"": [""hand_joints"", ""body_joints""], ""body_landmarks"": [{""joint_name"": ""shoulder_L"", ""x"": -0.0245, ""y"": -0.2028, ""z"": 0.2334}, {""joint_name"": ""shoulder_R"", ""x"": 0.0245, ""y"": 0.2028, ""z"": 0.3059}, {""joint_name"": ""elbow_L"", ""x"": -0.2235, ""y"": -0.2549, ""z"": -0.0714}, {""joint_name"": ""elbow_R"", ""x"": -0.2496, ""y"": 0.1516, ""z"": -0.0147}, {""joint_name"": ""wrist_L"", ""x"": -0.4067, ""y"": -0.3033, ""z"": -0.3536}, {""joint_name"": ""wrist_R"", ""x"": -0.5021, ""y"": 0.1046, ""z"": -0.3105}], ""left_hand"": {""present"": true, ""confidence"": 0.995, ""depth_m"": 1.718, ""wrist_m"": {""x"": -0.4557, ""y"": 0.2511, ""z"": -0.3861}, ""joints_m"": [{""x"": -0.4009, ""y"": 0.2606, ""z"": -0.4004}, {""x"": -0.4186, ""y"": 0.2236, ""z"": -0.3991}, {""x"": -0.4327, ""y"": 0.1976, ""z"": -0.4235}, {""x"": -0.4572, ""y"": 0.1822, ""z"": -0.4477}, {""x"": -0.4754, ""y"": 0.171, ""z"": -0.4647}, {""x"": -0.4645, ""y"": 0.2189, ""z"": -0.43}, {""x"": -0.4672, ""y"": 0.2084, ""z"": -0.4772}, {""x"": -0.4605, ""y"": 0.1994, ""z"": -0.5091}, {""x"": -0.4475, ""y"": 0.193, ""z"": -0.5317}, {""x"": -0.461, ""y"": 0.2405, ""z"": -0.4426}, {""x"": -0.459, ""y"": 0.2292, ""z"": -0.4964}, {""x"": -0.449, ""y"": 0.2182, ""z"": -0.531}, {""x"": -0.4352, ""y"": 0.2104, ""z"": -0.5528}, {""x"": -0.4506, ""y"": 0.2587, ""z"": -0.4559}, {""x"": -0.4496, ""y"": 0.2484, ""z"": -0.5067}, {""x"": -0.4425, ""y"": 0.237, ""z"": -0.5363}, {""x"": -0.4278, ""y"": 0.2295, ""z"": -0.5539}, {""x"": -0.4366, ""y"": 0.2731, ""z"": -0.4682}, {""x"": -0.4386, ""y"": 0.2653, ""z"": -0.5093}, {""x"": -0.4367, ""y"": 0.2552, ""z"": -0.5324}, {""x"": -0.4293, ""y"": 0.2475, ""z"": -0.5479}], ""palm_normal"": [-0.236, -0.961, -0.141], ""finger_dir"": [0.793, -0.107, -0.6], ""finger_curl"": [0.013, 0.135, 0.068, 0.095, 0.063], ""pinch_m"": [0.055, 0.084, 0.093, 0.096], ""grip_aperture_m"": 0.055, ""gesture"": ""OPEN"", ""gesture_id"": 2, ""is_grab"": false}, ""right_hand"": {""present"": true, ""confidence"": 0.959, ""depth_m"": 1.669, ""wrist_m"": {""x"": -0.4657, ""y"": -0.2348, ""z"": -0.3644}, ""joints_m"": [{""x"": -0.4281, ""y"": -0.2397, ""z"": -0.3745}, {""x"": -0.4447, ""y"": -0.215, ""z"": -0.3713}, {""x"": -0.4568, ""y"": -0.1966, ""z"": -0.3821}, {""x"": -0.4744, ""y"": -0.1845, ""z"": -0.3979}, {""x"": -0.4898, ""y"": -0.1772, ""z"": -0.4113}, {""x"": -0.4746, ""y"": -0.2152, ""z"": -0.3931}, {""x"": -0.479, ""y"": -0.2097, ""z"": -0.424}, {""x"": -0.4771, ""y"": -0.2031, ""z"": -0.4418}, {""x"": -0.476, ""y"": -0.1966, ""z"": -0.4516}, {""x"": -0.4687, ""y"": -0.2306, ""z"": -0.4026}, {""x"": -0.4684, ""y"": -0.2268, ""z"": -0.4395}, {""x"": -0.4647, ""y"": -0.2191, ""z"": -0.4581}, {""x"": -0.465, ""y"": -0.2116, ""z"": -0.4645}, {""x"": -0.4592, ""y"": -0.2423, ""z"": -0.4125}, {""x"": -0.4598, ""y"": -0.2378, ""z"": -0.4444}, {""x"": -0.4573, ""y"": -0.2299, ""z"": -0.462}, {""x"": -0.4528, ""y"": -0.2231, ""z"": -0.4694}, {""x"": -0.451, ""y"": -0.2506, ""z"": -0.421}, {""x"": -0.4512, ""y"": -0.2464, ""z"": -0.4478}, {""x"": -0.4524, ""y"": -0.2397, ""z"": -0.4614}, {""x"": -0.4511, ""y"": -0.2338, ""z"": -0.4664}], ""palm_normal"": [0.373, -0.927, 0.047], ""finger_dir"": [0.671, 0.235, -0.703], ""finger_curl"": [0.028, 0.113, 0.028, 0.033, 0.073], ""pinch_m"": [0.062, 0.075, 0.09, 0.092], ""grip_aperture_m"": 0.062, ""gesture"": ""OPEN"", ""gesture_id"": 2, ""is_grab"": false}}"
1781631403.6516898,True,True,"{""t"": 1781631403703.0, ""seq"": 1635, ""fps"": 20.2, ""frame_info"": {""origin"": ""camera"", ""x"": ""right"", ""y"": ""up"", ""z"": ""away_from_camera"", ""units"": ""cm""}, ""calibration_info"": {""hand_size_cm"": 8, ""fov_deg"": 75, ""shoulder_width_cm"": 40}, ""landmark_names"": [""hand_joints"", ""body_joints""], ""body_landmarks"": [{""joint_name"": ""shoulder_L"", ""x"": -0.026, ""y"": -0.2016, ""z"": 0.2294}, {""joint_name"": ""shoulder_R"", ""x"": 0.026, ""y"": 0.2016, ""z"": 0.3024}, {""joint_name"": ""elbow_L"", ""x"": -0.2109, ""y"": -0.254, ""z"": -0.0737}, {""joint_name"": ""elbow_R"", ""x"": -0.2241, ""y"": 0.1745, ""z"": -0.0448}, {""joint_name"": ""wrist_L"", ""x"": -0.3809, ""y"": -0.3026, ""z"": -0.3543}, {""joint_name"": ""wrist_R"", ""x"": -0.4545, ""y"": 0.1498, ""z"": -0.365}], ""left_hand"": {""present"": true, ""confidence"": 0.994, ""depth_m"": 1.737, ""wrist_m"": {""x"": -0.4072, ""y"": 0.2543, ""z"": -0.4055}, ""joints_m"": [{""x"": -0.3505, ""y"": 0.2641, ""z"": -0.4203}, {""x"": -0.3703, ""y"": 0.2269, ""z"": -0.4218}, {""x"": -0.3862, ""y"": 0.201, ""z"": -0.4506}, {""x"": -0.412, ""y"": 0.1852, ""z"": -0.4793}, {""x"": -0.4327, ""y"": 0.1732, ""z"": -0.5}, {""x"": -0.4188, ""y"": 0.2251, ""z"": -0.4694}, {""x"": -0.421, ""y"": 0.2146, ""z"": -0.5257}, {""x"": -0.4131, ""y"": 0.2037, ""z"": -0.5585}, {""x"": -0.3997, ""y"": 0.1953, ""z"": -0.5797}, {""x"": -0.4131, ""y"": 0.2463, ""z"": -0.4834}, {""x"": -0.4088, ""y"": 0.2345, ""z"": -0.5467}, {""x"": -0.3962, ""y"": 0.2214, ""z"": -0.5807}, {""x"": -0.3819, ""y"": 0.2117, ""z"": -0.5998}, {""x"": -0.4003, ""y"": 0.2632, ""z"": -0.4961}, {""x"": -0.3974, ""y"": 0.2519, ""z"": -0.5551}, {""x"": -0.3884, ""y"": 0.2389, ""z"": -0.5848}, {""x"": -0.3738, ""y"": 0.2298, ""z"": -0.6007}, {""x"": -0.3843, ""y"": 0.2755, ""z"": -0.5065}, {""x"": -0.3852, ""y"": 0.2667, ""z"": -0.5539}, {""x"": -0.3821, ""y"": 0.2555, ""z"": -0.579}, {""x"": -0.3746, ""y"": 0.2466, ""z"": -0.595}], ""palm_normal"": [-0.199, -0.969, -0.148], ""finger_dir"": [0.794, -0.071, -0.603], ""finger_curl"": [0.008, 0.147, 0.084, 0.17, 0.099], ""pinch_m"": [0.057, 0.089, 0.097, 0.101], ""grip_aperture_m"": 0.057, ""gesture"": ""OPEN"", ""gesture_id"": 2, ""is_grab"": false}, ""right_hand"": {""present"": true, ""confidence"": 0.981, ""depth_m"": 1.679, ""wrist_m"": {""x"": -0.4318, ""y"": -0.2318, ""z"": -0.3891}, ""joints_m"": [{""x"": -0.3949, ""y"": -0.2364, ""z"": -0.3989}, {""x"": -0.4116, ""y"": -0.2071, ""z"": -0.3959}, {""x"": -0.4241, ""y"": -0.1854, ""z"": -0.4121}, {""x"": -0.4416, ""y"": -0.1711, ""z"": -0.4341}, {""x"": -0.457, ""y"": -0.1612, ""z"": -0.4527}, {""x"": -0.443, ""y"": -0.2042, ""z"": -0.4411}, {""x"": -0.4454, ""y"": -0.1973, ""z"": -0.4816}, {""x"": -0.4413, ""y"": -0.1899, ""z"": -0.5018}, {""x"": -0.4367, ""y"": -0.1832, ""z"": -0.5124}, {""x"": -0.4353, ""y"": -0.2199, ""z"": -0.4517}, {""x"": -0.432, ""y"": -0.2145, ""z"": -0.4973}, {""x"": -0.4254, ""y"": -0.2057, ""z"": -0.5173}, {""x"": -0.4237, ""y"": -0.1975, ""z"": -0.5238}, {""x"": -0.4238, ""y"": -0.2322, ""z"": -0.4603}, {""x"": -0.422, ""y"": -0.2257, ""z"": -0.4987}, {""x"": -0.4163, ""y"": -0.2169, ""z"": -0.5188}, {""x"": -0.4096, ""y"": -0.2095, ""z"": -0.5269}, {""x"": -0.4137, ""y"": -0.2407, ""z"": -0.4661}, {""x"": -0.4118, ""y"": -0.2343, ""z"": -0.4979}, {""x"": -0.4108, ""y"": -0.2265, ""z"": -0.5138}, {""x"": -0.4081, ""y"": -0.2196, ""z"": -0.5198}], ""palm_normal"": [0.38, -0.915, -0.139], ""finger_dir"": [0.553, 0.345, -0.758], ""finger_curl"": [0.01, 0.067, 0.011, 0.024, 0.027], ""pinch_m"": [0.057, 0.072, 0.089, 0.089], ""grip_aperture_m"": 0.057, ""gesture"": ""OPEN"", ""gesture_id"": 2, ""is_grab"": false}}"
1781631403.7049472,True,True,"{""t"": 1781631403754.0, ""seq"": 1636, ""fps"": 20.1, ""frame_info"": {""origin"": ""camera"", ""x"": ""right"", ""y"": ""up"", ""z"": ""away_from_camera"", ""units"": ""cm""}, ""calibration_info"": {""hand_size_cm"": 8, ""fov_deg"": 75, ""shoulder_width_cm"": 40}, ""landmark_names"": [""hand_joints"", ""body_joints""], ""body_landmarks"": [{""joint_name"": ""shoulder_L"", ""x"": -0.0282, ""y"": -0.2005, ""z"": 0.2254}, {""joint_name"": ""shoulder_R"", ""x"": 0.0282, ""y"": 0.2005, ""z"": 0.2989}, {""joint_name"": ""elbow_L"", ""x"": -0.1976, ""y"": -0.2417, ""z"": -0.0915}, {""joint_name"": ""elbow_R"", ""x"": -0.184, ""y"": 0.1935, ""z"": -0.0622}, {""joint_name"": ""wrist_L"", ""x"": -0.3531, ""y"": -0.2799, ""z"": -0.3848}, {""joint_name"": ""wrist_R"", ""x"": -0.3792, ""y"": 0.187, ""z"": -0.3956}], ""left_hand"": {""present"": true, ""confidence"": 0.995, ""depth_m"": 1.754, ""wrist_m"": {""x"": -0.3597, ""y"": 0.2595, ""z"": -0.4099}, ""joints_m"": [{""x"": -0.3031, ""y"": 0.2692, ""z"": -0.4243}, {""x"": -0.3244, ""y"": 0.232, ""z"": -0.4264}, {""x"": -0.341, ""y"": 0.2058, ""z"": -0.4572}, {""x"": -0.3664, ""y"": 0.1892, ""z"": -0.4884}, {""x"": -0.3886, ""y"": 0.1759, ""z"": -0.5115}, {""x"": -0.3733, ""y"": 0.2317, ""z"": -0.4881}, {""x"": -0.3744, ""y"": 0.2194, ""z"": -0.5519}, {""x"": -0.3648, ""y"": 0.2067, ""z"": -0.5819}, {""x"": -0.3497, ""y"": 0.1978, ""z"": -0.5978}, {""x"": -0.3659, ""y"": 0.2525, ""z"": -0.5037}, {""x"": -0.3597, ""y"": 0.2383, ""z"": -0.5721}, {""x"": -0.345, ""y"": 0.2233, ""z"": -0.6008}, {""x"": -0.3304, ""y"": 0.2132, ""z"": -0.6132}, {""x"": -0.3516, ""y"": 0.2676, ""z"": -0.5157}, {""x"": -0.3476, ""y"": 0.2537, ""z"": -0.5778}, {""x"": -0.3362, ""y"": 0.239, ""z"": -0.6032}, {""x"": -0.322, ""y"": 0.2293, ""z"": -0.6136}, {""x"": -0.3341, ""y"": 0.2779, ""z"": -0.5246}, {""x"": -0.3342, ""y"": 0.2663, ""z"": -0.5747}, {""x"": -0.3292, ""y"": 0.2537, ""z"": -0.5977}, {""x"": -0.3223, ""y"": 0.2442, ""z"": -0.6097}], ""palm_normal"": [-0.147, -0.989, -0.028], ""finger_dir"": [0.756, -0.094, -0.647], ""finger_curl"": [0.014, 0.221, 0.163, 0.293, 0.256], ""pinch_m"": [0.062, 0.084, 0.092, 0.095], ""grip_aperture_m"": 0.062, ""gesture"": ""OPEN"", ""gesture_id"": 2, ""is_grab"": false}, ""right_hand"": {""present"": true, ""confidence"": 0.983, ""depth_m"": 1.694, ""wrist_m"": {""x"": -0.3949, ""y"": -0.2322, ""z"": -0.3994}, ""joints_m"": [{""x"": -0.3569, ""y"": -0.2369, ""z"": -0.4093}, {""x"": -0.3739, ""y"": -0.2033, ""z"": -0.4069}, {""x"": -0.3871, ""y"": -0.1794, ""z"": -0.4285}, {""x"": -0.4051, ""y"": -0.1634, ""z"": -0.4549}, {""x"": -0.4199, ""y"": -0.1518, ""z"": -0.4758}, {""x"": -0.4078, ""y"": -0.1984, ""z"": -0.4676}, {""x"": -0.409, ""y"": -0.1907, ""z"": -0.515}, {""x"": -0.4036, ""y"": -0.1836, ""z"": -0.5359}, {""x"": -0.3971, ""y"": -0.178, ""z"": -0.5466}, {""x"": -0.3988, ""y"": -0.2148, ""z"": -0.4788}, {""x"": -0.3933, ""y"": -0.2059, ""z"": -0.5271}, {""x"": -0.3848, ""y"": -0.1964, ""z"": -0.5448}, {""x"": -0.3815, ""y"": -0.1887, ""z"": -0.5496}, {""x"": -0.3859, ""y"": -0.2275, ""z"": -0.4858}, {""x"": -0.3828, ""y"": -0.2173, ""z"": -0.5236}, {""x"": -0.3735, ""y"": -0.2079, ""z"": -0.5413}, {""x"": -0.3642, ""y"": -0.2009, ""z"": -0.5483}, {""x"": -0.3742, ""y"": -0.2363, ""z"": -0.4893}, {""x"": -0.3708, ""y"": -0.2269, ""z"": -0.5206}, {""x"": -0.3675, ""y"": -0.2183, ""z"": -0.5338}, {""x"": -0.3637, ""y"": -0.2114, ""z"": -0.5376}], ""palm_normal"": [0.36, -0.927, -0.107], ""finger_dir"": [0.63, 0.327, -0.704], ""finger_curl"": [0.01, 0.099, 0.002, 0.081, 0.052], ""pinch_m"": [0.056, 0.062, 0.084, 0.083], ""grip_aperture_m"": 0.056, ""gesture"": ""OPEN"", ""gesture_id"": 2, ""is_grab"": false}}"
1781631403.7525234,True,True,"{""t"": 1781631403802.0, ""seq"": 1637, ""fps"": 20.2, ""frame_info"": {""origin"": ""camera"", ""x"": ""right"", ""y"": ""up"", ""z"": ""away_from_camera"", ""units"": ""cm""}, ""calibration_info"": {""hand_size_cm"": 8, ""fov_deg"": 75, ""shoulder_width_cm"": 40}, ""landmark_names"": [""hand_joints"", ""body_joints""], ""body_landmarks"": [{""joint_name"": ""shoulder_L"", ""x"": -0.0298, ""y"": -0.1998, ""z"": 0.2226}, {""joint_name"": ""shoulder_R"", ""x"": 0.0298, ""y"": 0.1998, ""z"": 0.2966}, {""joint_name"": ""elbow_L"", ""x"": -0.1883, ""y"": -0.2331, ""z"": -0.1039}, {""joint_name"": ""elbow_R"", ""x"": -0.156, ""y"": 0.2069, ""z"": -0.0745}, {""joint_name"": ""wrist_L"", ""x"": -0.3338, ""y"": -0.264, ""z"": -0.4062}, {""joint_name"": ""wrist_R"", ""x"": -0.3265, ""y"": 0.2131, ""z"": -0.417}], ""left_hand"": {""present"": true, ""confidence"": 0.994, ""depth_m"": 1.772, ""wrist_m"": {""x"": -0.3209, ""y"": 0.2653, ""z"": -0.4073}, ""joints_m"": [{""x"": -0.263, ""y"": 0.2753, ""z"": -0.4215}, {""x"": -0.2842, ""y"": 0.2381, ""z"": -0.4244}, {""x"": -0.3017, ""y"": 0.2111, ""z"": -0.4561}, {""x"": -0.3267, ""y"": 0.1931, ""z"": -0.4896}, {""x"": -0.3504, ""y"": 0.1776, ""z"": -0.5128}, {""x"": -0.3351, ""y"": 0.2361, ""z"": -0.4937}, {""x"": -0.336, ""y"": 0.2224, ""z"": -0.5587}, {""x"": -0.3249, ""y"": 0.2091, ""z"": -0.5871}, {""x"": -0.307, ""y"": 0.2004, ""z"": -0.6012}, {""x"": -0.3272, ""y"": 0.2558, ""z"": -0.5109}, {""x"": -0.3206, ""y"": 0.2397, ""z"": -0.5798}, {""x"": -0.3041, ""y"": 0.2238, ""z"": -0.6059}, {""x"": -0.2877, ""y"": 0.2136, ""z"": -0.6155}, {""x"": -0.3123, ""y"": 0.2699, ""z"": -0.5234}, {""x"": -0.3078, ""y"": 0.2542, ""z"": -0.586}, {""x"": -0.2956, ""y"": 0.2383, ""z"": -0.6087}, {""x"": -0.2798, ""y"": 0.2282, ""z"": -0.6168}, {""x"": -0.294, ""y"": 0.2794, ""z"": -0.532}, {""x"": -0.2942, ""y"": 0.266, ""z"": -0.5826}, {""x"": -0.2885, ""y"": 0.2519, ""z"": -0.604}, {""x"": -0.2809, ""y"": 0.2411, ""z"": -0.6142}], ""palm_normal"": [-0.161, -0.979, 0.126], ""finger_dir"": [0.802, -0.204, -0.561], ""finger_curl"": [0.003, 0.27, 0.123, 0.247, 0.242], ""pinch_m"": [0.061, 0.083, 0.089, 0.088], ""grip_aperture_m"": 0.061, ""gesture"": ""OPEN"", ""gesture_id"": 2, ""is_grab"": false}, ""right_hand"": {""present"": true, ""confidence"": 0.985, ""depth_m"": 1.695, ""wrist_m"": {""x"": -0.3686, ""y"": -0.2351, ""z"": -0.4025}, ""joints_m"": [{""x"": -0.3312, ""y"": -0.2398, ""z"": -0.412}, {""x"": -0.3487, ""y"": -0.2041, ""z"": -0.4106}, {""x"": -0.3621, ""y"": -0.1785, ""z"": -0.4359}, {""x"": -0.3801, ""y"": -0.1611, ""z"": -0.4657}, {""x"": -0.3921, ""y"": -0.1484, ""z"": -0.4883}, {""x"": -0.3824, ""y"": -0.1967, ""z"": -0.4842}, {""x"": -0.3831, ""y"": -0.1853, ""z"": -0.5307}, {""x"": -0.3765, ""y"": -0.1771, ""z"": -0.5491}, {""x"": -0.3694, ""y"": -0.1712, ""z"": -0.558}, {""x"": -0.3727, ""y"": -0.2133, ""z"": -0.4965}, {""x"": -0.3653, ""y"": -0.1993, ""z"": -0.5397}, {""x"": -0.3554, ""y"": -0.1888, ""z"": -0.5513}, {""x"": -0.3508, ""y"": -0.1813, ""z"": -0.5522}, {""x"": -0.3589, ""y"": -0.2262, ""z"": -0.5019}, {""x"": -0.3543, ""y"": -0.2112, ""z"": -0.5342}, {""x"": -0.3433, ""y"": -0.2012, ""z"": -0.546}, {""x"": -0.3335, ""y"": -0.1946, ""z"": -0.5482}, {""x"": -0.3465, ""y"": -0.2349, ""z"": -0.5029}, {""x"": -0.3419, ""y"": -0.2213, ""z"": -0.5301}, {""x"": -0.3375, ""y"": -0.2122, ""z"": -0.5384}, {""x"": -0.3331, ""y"": -0.206, ""z"": -0.5377}], ""palm_normal"": [0.554, -0.832, -0.025], ""finger_dir"": [0.496, 0.353, -0.793], ""finger_curl"": [0.015, 0.12, 0.07, 0.12, 0.183], ""pinch_m"": [0.039, 0.051, 0.072, 0.076], ""grip_aperture_m"": 0.039, ""gesture"": ""OPEN"", ""gesture_id"": 2, ""is_grab"": false}}"
1781631403.8021994,True,True,"{""t"": 1781631403850.0, ""seq"": 1638, ""fps"": 20.4, ""frame_info"": {""origin"": ""camera"", ""x"": ""right"", ""y"": ""up"", ""z"": ""away_from_camera"", ""units"": ""cm""}, ""calibration_info"": {""hand_size_cm"": 8, ""fov_deg"": 75, ""shoulder_width_cm"": 40}, ""landmark_names"": [""hand_joints"", ""body_joints""], ""body_landmarks"": [{""joint_name"": ""shoulder_L"", ""x"": -0.0309, ""y"": -0.1992, ""z"": 0.2206}, {""joint_name"": ""shoulder_R"", ""x"": 0.0309, ""y"": 0.1992, ""z"": 0.2949}, {""joint_name"": ""elbow_L"", ""x"": -0.1817, ""y"": -0.2271, ""z"": -0.1126}, {""joint_name"": ""elbow_R"", ""x"": -0.1363, ""y"": 0.2162, ""z"": -0.083}, {""joint_name"": ""wrist_L"", ""x"": -0.3202, ""y"": -0.2529, ""z"": -0.4211}, {""joint_name"": ""wrist_R"", ""x"": -0.2896, ""y"": 0.2314, ""z"": -0.432}], ""left_hand"": {""present"": true, ""confidence"": 0.996, ""depth_m"": 1.8, ""wrist_m"": {""x"": -0.2854, ""y"": 0.2711, ""z"": -0.406}, ""joints_m"": [{""x"": -0.2247, ""y"": 0.2815, ""z"": -0.4204}, {""x"": -0.2453, ""y"": 0.2433, ""z"": -0.4238}, {""x"": -0.2636, ""y"": 0.2154, ""z"": -0.4574}, {""x"": -0.2895, ""y"": 0.1973, ""z"": -0.494}, {""x"": -0.3137, ""y"": 0.181, ""z"": -0.5189}, {""x"": -0.299, ""y"": 0.2393, ""z"": -0.4957}, {""x"": -0.2997, ""y"": 0.2238, ""z"": -0.5638}, {""x"": -0.2875, ""y"": 0.2094, ""z"": -0.5874}, {""x"": -0.2684, ""y"": 0.2012, ""z"": -0.5958}, {""x"": -0.2919, ""y"": 0.2587, ""z"": -0.5139}, {""x"": -0.2848, ""y"": 0.2398, ""z"": -0.5843}, {""x"": -0.2662, ""y"": 0.2232, ""z"": -0.6052}, {""x"": -0.2482, ""y"": 0.214, ""z"": -0.6092}, {""x"": -0.2772, ""y"": 0.2725, ""z"": -0.5267}, {""x"": -0.2722, ""y"": 0.254, ""z"": -0.5906}, {""x"": -0.2583, ""y"": 0.2375, ""z"": -0.6079}, {""x"": -0.2409, ""y"": 0.2283, ""z"": -0.6109}, {""x"": -0.2585, ""y"": 0.282, ""z"": -0.5353}, {""x"": -0.2585, ""y"": 0.2661, ""z"": -0.5867}, {""x"": -0.2511, ""y"": 0.2513, ""z"": -0.6046}, {""x"": -0.2416, ""y"": 0.241, ""z"": -0.611}], ""palm_normal"": [-0.205, -0.974, 0.097], ""finger_dir"": [0.832, -0.226, -0.507], ""finger_curl"": [0.004, 0.324, 0.231, 0.316, 0.335], ""pinch_m"": [0.051, 0.076, 0.082, 0.084], ""grip_aperture_m"": 0.051, ""gesture"": ""OPEN"", ""gesture_id"": 2, ""is_grab"": false}, ""right_hand"": {""present"": true, ""confidence"": 0.984, ""depth_m"": 1.689, ""wrist_m"": {""x"": -0.352, ""y"": -0.2395, ""z"": -0.404}, ""joints_m"": [{""x"": -0.3111, ""y"": -0.2447, ""z"": -0.4142}, {""x"": -0.3306, ""y"": -0.2068, ""z"": -0.4118}, {""x"": -0.3439, ""y"": -0.18, ""z"": -0.4399}, {""x"": -0.3615, ""y"": -0.1617, ""z"": -0.4729}, {""x"": -0.3707, ""y"": -0.1478, ""z"": -0.4975}, {""x"": -0.3671, ""y"": -0.1962, ""z"": -0.4923}, {""x"": -0.3658, ""y"": -0.1784, ""z"": -0.5364}, {""x"": -0.3556, ""y"": -0.1696, ""z"": -0.5446}, {""x"": -0.346, ""y"": -0.1658, ""z"": -0.5476}, {""x"": -0.3571, ""y"": -0.2122, ""z"": -0.5067}, {""x"": -0.3469, ""y"": -0.1921, ""z"": -0.5444}, {""x"": -0.3346, ""y"": -0.183, ""z"": -0.5458}, {""x"": -0.3292, ""y"": -0.179, ""z"": -0.5418}, {""x"": -0.3422, ""y"": -0.2245, ""z"": -0.5128}, {""x"": -0.3344, ""y"": -0.2042, ""z"": -0.5399}, {""x"": -0.3224, ""y"": -0.1957, ""z"": -0.5427}, {""x"": -0.3129, ""y"": -0.1925, ""z"": -0.5397}, {""x"": -0.3279, ""y"": -0.2327, ""z"": -0.5138}, {""x"": -0.3216, ""y"": -0.2151, ""z"": -0.5374}, {""x"": -0.3157, ""y"": -0.2074, ""z"": -0.5387}, {""x"": -0.3113, ""y"": -0.2043, ""z"": -0.5332}], ""palm_normal"": [0.447, -0.89, -0.09], ""finger_dir"": [0.642, 0.389, -0.66], ""finger_curl"": [0.019, 0.241, 0.249, 0.265, 0.343], ""pinch_m"": [0.03, 0.048, 0.066, 0.074], ""grip_aperture_m"": 0.03, ""gesture"": ""OPEN"", ""gesture_id"": 2, ""is_grab"": false}}"
1781631403.8424485,True,False,"{""t"": 1781631403889.0, ""seq"": 1639, ""fps"": 20.6, ""frame_info"": {""origin"": ""camera"", ""x"": ""right"", ""y"": ""up"", ""z"": ""away_from_camera"", ""units"": ""cm""}, ""calibration_info"": {""hand_size_cm"": 8, ""fov_deg"": 75, ""shoulder_width_cm"": 40}, ""landmark_names"": [""hand_joints"", ""body_joints""], ""body_landmarks"": [{""joint_name"": ""shoulder_L"", ""x"": -0.0309, ""y"": -0.1992, ""z"": 0.2213}, {""joint_name"": ""shoulder_R"", ""x"": 0.0309, ""y"": 0.1992, ""z"": 0.2967}, {""joint_name"": ""elbow_L"", ""x"": -0.1743, ""y"": -0.2277, ""z"": -0.1122}, {""joint_name"": ""elbow_R"", ""x"": -0.1134, ""y"": 0.2261, ""z"": -0.08}, {""joint_name"": ""wrist_L"", ""x"": -0.3063, ""y"": -0.2538, ""z"": -0.4205}, {""joint_name"": ""wrist_R"", ""x"": -0.2462, ""y"": 0.2508, ""z"": -0.4278}], ""left_hand"": {""present"": true, ""confidence"": 0.995, ""depth_m"": 1.715, ""wrist_m"": {""x"": -0.289, ""y"": 0.27, ""z"": -0.4003}, ""joints_m"": [{""x"": -0.2297, ""y"": 0.2802, ""z"": -0.4142}, {""x"": -0.25, ""y"": 0.2422, ""z"": -0.4184}, {""x"": -0.2687, ""y"": 0.2152, ""z"": -0.453}, {""x"": -0.294, ""y"": 0.1982, ""z"": -0.4911}, {""x"": -0.3178, ""y"": 0.1826, ""z"": -0.5167}, {""x"": -0.3029, ""y"": 0.24, ""z"": -0.4946}, {""x"": -0.3021, ""y"": 0.2221, ""z"": -0.5617}, {""x"": -0.2888, ""y"": 0.2068, ""z"": -0.5806}, {""x"": -0.2689, ""y"": 0.1992, ""z"": -0.5846}, {""x"": -0.2955, ""y"": 0.2581, ""z"": -0.5131}, {""x"": -0.2874, ""y"": 0.236, ""z"": -0.5797}, {""x"": -0.2674, ""y"": 0.2188, ""z"": -0.5943}, {""x"": -0.2502, ""y"": 0.2107, ""z"": -0.593}, {""x"": -0.2804, ""y"": 0.2704, ""z"": -0.5249}, {""x"": -0.2748, ""y"": 0.2485, ""z"": -0.5843}, {""x"": -0.2601, ""y"": 0.2315, ""z"": -0.5954}, {""x"": -0.2428, ""y"": 0.2234, ""z"": -0.594}, {""x"": -0.2612, ""y"": 0.2784, ""z"": -0.5321}, {""x"": -0.2608, ""y"": 0.2599, ""z"": -0.5805}, {""x"": -0.2524, ""y"": 0.2445, ""z"": -0.5932}, {""x"": -0.2425, ""y"": 0.2349, ""z"": -0.5953}], ""palm_normal"": [-0.114, -0.991, 0.066], ""finger_dir"": [0.768, -0.13, -0.628], ""finger_curl"": [0.006, 0.227, 0.203, 0.297, 0.342], ""pinch_m"": [0.059, 0.075, 0.083, 0.086], ""grip_aperture_m"": 0.059, ""gesture"": ""OPEN"", ""gesture_id"": 2, ""is_grab"": false}, ""right_hand"": {""present"": false}}"
1781631403.8984098,True,False,"{""t"": 1781631403944.0, ""seq"": 1640, ""fps"": 20.5, ""frame_info"": {""origin"": ""camera"", ""x"": ""right"", ""y"": ""up"", ""z"": ""away_from_camera"", ""units"": ""cm""}, ""calibration_info"": {""hand_size_cm"": 8, ""fov_deg"": 75, ""shoulder_width_cm"": 40}, ""landmark_names"": [""hand_joints"", ""body_joints""], ""body_landmarks"": [{""joint_name"": ""shoulder_L"", ""x"": -0.031, ""y"": -0.1991, ""z"": 0.2218}, {""joint_name"": ""shoulder_R"", ""x"": 0.031, ""y"": 0.1991, ""z"": 0.298}, {""joint_name"": ""elbow_L"", ""x"": -0.1691, ""y"": -0.2281, ""z"": -0.1118}, {""joint_name"": ""elbow_R"", ""x"": -0.0974, ""y"": 0.2329, ""z"": -0.0779}, {""joint_name"": ""wrist_L"", ""x"": -0.2966, ""y"": -0.2545, ""z"": -0.42}, {""joint_name"": ""wrist_R"", ""x"": -0.2159, ""y"": 0.2643, ""z"": -0.4249}], ""left_hand"": {""present"": true, ""confidence"": 0.632, ""depth_m"": 1.713, ""wrist_m"": {""x"": -0.292, ""y"": 0.2686, ""z"": -0.397}, ""joints_m"": [{""x"": -0.2536, ""y"": 0.2753, ""z"": -0.4061}, {""x"": -0.2642, ""y"": 0.2399, ""z"": -0.4173}, {""x"": -0.2755, ""y"": 0.2164, ""z"": -0.4551}, {""x"": -0.2929, ""y"": 0.2026, ""z"": -0.4939}, {""x"": -0.3115, ""y"": 0.1899, ""z"": -0.5195}, {""x"": -0.299, ""y"": 0.2402, ""z"": -0.499}, {""x"": -0.2986, ""y"": 0.2242, ""z"": -0.5603}, {""x"": -0.29, ""y"": 0.2085, ""z"": -0.5737}, {""x"": -0.2764, ""y"": 0.2003, ""z"": -0.5732}, {""x"": -0.2961, ""y"": 0.2549, ""z"": -0.5141}, {""x"": -0.29, ""y"": 0.2356, ""z"": -0.5756}, {""x"": -0.2751, ""y"": 0.2187, ""z"": -0.5857}, {""x"": -0.263, ""y"": 0.2102, ""z"": -0.5804}, {""x"": -0.2877, ""y"": 0.2649, ""z"": -0.5231}, {""x"": -0.2835, ""y"": 0.2456, ""z"": -0.5787}, {""x"": -0.2734, ""y"": 0.2286, ""z"": -0.5863}, {""x"": -0.2607, ""y"": 0.2202, ""z"": -0.5809}, {""x"": -0.2766, ""y"": 0.2714, ""z"": -0.5277}, {""x"": -0.2766, ""y"": 0.2543, ""z"": -0.5727}, {""x"": -0.2712, ""y"": 0.239, ""z"": -0.5826}, {""x"": -0.264, ""y"": 0.2294, ""z"": -0.5814}], ""palm_normal"": [-0.531, 0.846, -0.039], ""finger_dir"": [-0.136, -0.13, -0.982], ""finger_curl"": [0.042, 0.313, 0.414, 0.418, 0.286], ""pinch_m"": [0.011, 0.006, 0.01, 0.024], ""grip_aperture_m"": 0.011, ""gesture"": ""OPEN"", ""gesture_id"": 2, ""is_grab"": false}, ""right_hand"": {""present"": false}}"
1781631403.9562237,True,False,"{""t"": 1781631404001.0, ""seq"": 1641, ""fps"": 20.2, ""frame_info"": {""origin"": ""camera"", ""x"": ""right"", ""y"": ""up"", ""z"": ""away_from_camera"", ""units"": ""cm""}, ""calibration_info"": {""hand_size_cm"": 8, ""fov_deg"": 75, ""shoulder_width_cm"": 40}, ""landmark_names"": [""hand_joints"", ""body_joints""], ""body_landmarks"": [{""joint_name"": ""shoulder_L"", ""x"": -0.031, ""y"": -0.1991, ""z"": 0.2222}, {""joint_name"": ""shoulder_R"", ""x"": 0.031, ""y"": 0.1991, ""z"": 0.2989}, {""joint_name"": ""elbow_L"", ""x"": -0.1655, ""y"": -0.2283, ""z"": -0.1116}, {""joint_name"": ""elbow_R"", ""x"": -0.0862, ""y"": 0.2378, ""z"": -0.0764}, {""joint_name"": ""wrist_L"", ""x"": -0.2898, ""y"": -0.2549, ""z"": -0.4197}, {""joint_name"": ""wrist_R"", ""x"": -0.1946, ""y"": 0.2738, ""z"": -0.4228}], ""left_hand"": {""present"": true, ""confidence"": 0.548, ""depth_m"": 1.743, ""wrist_m"": {""x"": -0.2852, ""y"": 0.2638, ""z"": -0.4}, ""joints_m"": [{""x"": -0.2591, ""y"": 0.2683, ""z"": -0.4061}, {""x"": -0.2656, ""y"": 0.2443, ""z"": -0.4309}, {""x"": -0.273, ""y"": 0.2282, ""z"": -0.4747}, {""x"": -0.2859, ""y"": 0.2182, ""z"": -0.5158}, {""x"": -0.2994, ""y"": 0.2079, ""z"": -0.5463}, {""x"": -0.2903, ""y"": 0.2461, ""z"": -0.5077}, {""x"": -0.2895, ""y"": 0.2339, ""z"": -0.5657}, {""x"": -0.2842, ""y"": 0.222, ""z"": -0.5846}, {""x"": -0.2767, ""y"": 0.215, ""z"": -0.5899}, {""x"": -0.2882, ""y"": 0.2542, ""z"": -0.5175}, {""x"": -0.2833, ""y"": 0.2396, ""z"": -0.577}, {""x"": -0.2733, ""y"": 0.2262, ""z"": -0.5927}, {""x"": -0.2663, ""y"": 0.2191, ""z"": -0.595}, {""x"": -0.2815, ""y"": 0.2593, ""z"": -0.5236}, {""x"": -0.2794, ""y"": 0.2444, ""z"": -0.577}, {""x"": -0.2723, ""y"": 0.2313, ""z"": -0.5913}, {""x"": -0.262, ""y"": 0.2252, ""z"": -0.5943}, {""x"": -0.2745, ""y"": 0.2614, ""z"": -0.526}, {""x"": -0.2755, ""y"": 0.2486, ""z"": -0.5688}, {""x"": -0.2742, ""y"": 0.2372, ""z"": -0.5821}, {""x"": -0.2697, ""y"": 0.2307, ""z"": -0.5862}], ""palm_normal"": [0.997, -0.057, -0.054], ""finger_dir"": [-0.038, 0.247, -0.968], ""finger_curl"": [0.006, 0.043, 0.02, 0.023, 0.005], ""pinch_m"": [0.014, 0.015, 0.013, 0.016], ""grip_aperture_m"": 0.014, ""gesture"": ""OPEN"", ""gesture_id"": 2, ""is_grab"": false}, ""right_hand"": {""present"": false}}"
1781631403.997151,False,False,"{""t"": 1781631404041.0, ""seq"": 1642, ""fps"": 20.4, ""frame_info"": {""origin"": ""camera"", ""x"": ""right"", ""y"": ""up"", ""z"": ""away_from_camera"", ""units"": ""cm""}, ""calibration_info"": {""hand_size_cm"": 8, ""fov_deg"": 75, ""shoulder_width_cm"": 40}, ""landmark_names"": [""hand_joints"", ""body_joints""], ""body_landmarks"": [{""joint_name"": ""shoulder_L"", ""x"": -0.032, ""y"": -0.1983, ""z"": 0.2209}, {""joint_name"": ""shoulder_R"", ""x"": 0.032, ""y"": 0.1983, ""z"": 0.2977}, {""joint_name"": ""elbow_L"", ""x"": -0.1562, ""y"": -0.1492, ""z"": -0.1102}, {""joint_name"": ""elbow_R"", ""x"": -0.0968, ""y"": 0.2356, ""z"": -0.0715}, {""joint_name"": ""wrist_L"", ""x"": -0.2711, ""y"": -0.1036, ""z"": -0.4156}, {""joint_name"": ""wrist_R"", ""x"": -0.2156, ""y"": 0.2701, ""z"": -0.4121}], ""left_hand"": {""present"": false}, ""right_hand"": {""present"": false}}"
1781631404.0522685,True,True,"{""t"": 1781631404095.0, ""seq"": 1643, ""fps"": 20.2, ""frame_info"": {""origin"": ""camera"", ""x"": ""right"", ""y"": ""up"", ""z"": ""away_from_camera"", ""units"": ""cm""}, ""calibration_info"": {""hand_size_cm"": 8, ""fov_deg"": 75, ""shoulder_width_cm"": 40}, ""landmark_names"": [""hand_joints"", ""body_joints""], ""body_landmarks"": [{""joint_name"": ""shoulder_L"", ""x"": -0.0328, ""y"": -0.1978, ""z"": 0.22}, {""joint_name"": ""shoulder_R"", ""x"": 0.0328, ""y"": 0.1978, ""z"": 0.2969}, {""joint_name"": ""elbow_L"", ""x"": -0.1497, ""y"": -0.0938, ""z"": -0.1092}, {""joint_name"": ""elbow_R"", ""x"": -0.1042, ""y"": 0.2341, ""z"": -0.0681}, {""joint_name"": ""wrist_L"", ""x"": -0.258, ""y"": 0.0023, ""z"": -0.4127}, {""joint_name"": ""wrist_R"", ""x"": -0.2302, ""y"": 0.2675, ""z"": -0.4045}], ""left_hand"": {""present"": true, ""confidence"": 0.982, ""depth_m"": 1.781, ""wrist_m"": {""x"": -0.2557, ""y"": 0.2695, ""z"": -0.4762}, ""joints_m"": [{""x"": -0.2329, ""y"": 0.2735, ""z"": -0.4822}, {""x"": -0.2413, ""y"": 0.2513, ""z"": -0.5036}, {""x"": -0.2497, ""y"": 0.2382, ""z"": -0.5479}, {""x"": -0.2597, ""y"": 0.2307, ""z"": -0.5932}, {""x"": -0.2716, ""y"": 0.2215, ""z"": -0.6274}, {""x"": -0.2632, ""y"": 0.2576, ""z"": -0.5901}, {""x"": -0.2621, ""y"": 0.248, ""z"": -0.6507}, {""x"": -0.2562, ""y"": 0.2361, ""z"": -0.6669}, {""x"": -0.2479, ""y"": 0.2284, ""z"": -0.6713}, {""x"": -0.2582, ""y"": 0.2654, ""z"": -0.6013}, {""x"": -0.2533, ""y"": 0.2526, ""z"": -0.6634}, {""x"": -0.2433, ""y"": 0.24, ""z"": -0.6744}, {""x"": -0.2369, ""y"": 0.2328, ""z"": -0.6719}, {""x"": -0.2502, ""y"": 0.2705, ""z"": -0.6079}, {""x"": -0.2493, ""y"": 0.257, ""z"": -0.6629}, {""x"": -0.2424, ""y"": 0.2453, ""z"": -0.6715}, {""x"": -0.2321, ""y"": 0.2394, ""z"": -0.6697}, {""x"": -0.2426, ""y"": 0.2727, ""z"": -0.6105}, {""x"": -0.2432, ""y"": 0.2622, ""z"": -0.656}, {""x"": -0.242, ""y"": 0.2514, ""z"": -0.6651}, {""x"": -0.2393, ""y"": 0.2444, ""z"": -0.665}], ""palm_normal"": [-0.047, -0.987, -0.152], ""finger_dir"": [0.264, 0.135, -0.955], ""finger_curl"": [0.017, 0.255, 0.463, 0.703, 0.784], ""pinch_m"": [0.03, 0.039, 0.047, 0.043], ""grip_aperture_m"": 0.03, ""gesture"": ""OPEN"", ""gesture_id"": 2, ""is_grab"": false}, ""right_hand"": {""present"": true, ""confidence"": 0.966, ""depth_m"": 1.738, ""wrist_m"": {""x"": -0.3153, ""y"": -0.2301, ""z"": -0.4767}, ""joints_m"": [{""x"": -0.2766, ""y"": -0.2348, ""z"": -0.4876}, {""x"": -0.2961, ""y"": -0.202, ""z"": -0.4958}, {""x"": -0.3107, ""y"": -0.1816, ""z"": -0.5291}, {""x"": -0.3288, ""y"": -0.1683, ""z"": -0.5657}, {""x"": -0.3393, ""y"": -0.1565, ""z"": -0.5935}, {""x"": -0.3314, ""y"": -0.2025, ""z"": -0.5767}, {""x"": -0.3301, ""y"": -0.1845, ""z"": -0.6292}, {""x"": -0.3197, ""y"": -0.1728, ""z"": -0.6374}, {""x"": -0.3083, ""y"": -0.1672, ""z"": -0.6382}, {""x"": -0.3204, ""y"": -0.216, ""z"": -0.588}, {""x"": -0.3093, ""y"": -0.1959, ""z"": -0.6361}, {""x"": -0.2983, ""y"": -0.1835, ""z"": -0.6384}, {""x"": -0.2925, ""y"": -0.1773, ""z"": -0.6319}, {""x"": -0.3044, ""y"": -0.2251, ""z"": -0.5929}, {""x"": -0.2968, ""y"": -0.2049, ""z"": -0.6297}, {""x"": -0.2851, ""y"": -0.194, ""z"": -0.6328}, {""x"": -0.2757, ""y"": -0.1888, ""z"": -0.6276}, {""x"": -0.29, ""y"": -0.2302, ""z"": -0.5941}, {""x"": -0.2832, ""y"": -0.2127, ""z"": -0.6239}, {""x"": -0.2787, ""y"": -0.2033, ""z"": -0.6256}, {""x"": -0.2746, ""y"": -0.198, ""z"": -0.6192}], ""palm_normal"": [0.051, -0.948, 0.313], ""finger_dir"": [0.539, -0.238, -0.808], ""finger_curl"": [0.019, 0.31, 0.206, 0.254, 0.384], ""pinch_m"": [0.048, 0.061, 0.079, 0.079], ""grip_aperture_m"": 0.048, ""gesture"": ""OPEN"", ""gesture_id"": 2, ""is_grab"": false}}"
1781631404.0921743,True,True,"{""t"": 1781631404134.0, ""seq"": 1644, ""fps"": 20.4, ""frame_info"": {""origin"": ""camera"", ""x"": ""right"", ""y"": ""up"", ""z"": ""away_from_camera"", ""units"": ""cm""}, ""calibration_info"": {""hand_size_cm"": 8, ""fov_deg"": 75, ""shoulder_width_cm"": 40}, ""landmark_names"": [""hand_joints"", ""body_joints""], ""body_landmarks"": [{""joint_name"": ""shoulder_L"", ""x"": -0.0333, ""y"": -0.1974, ""z"": 0.2194}, {""joint_name"": ""shoulder_R"", ""x"": 0.0333, ""y"": 0.1974, ""z"": 0.2963}, {""joint_name"": ""elbow_L"", ""x"": -0.1451, ""y"": -0.055, ""z"": -0.1086}, {""joint_name"": ""elbow_R"", ""x"": -0.1094, ""y"": 0.233, ""z"": -0.0656}, {""joint_name"": ""wrist_L"", ""x"": -0.2489, ""y"": 0.0765, ""z"": -0.4107}, {""joint_name"": ""wrist_R"", ""x"": -0.2405, ""y"": 0.2657, ""z"": -0.3993}], ""left_hand"": {""present"": true, ""confidence"": 0.98, ""depth_m"": 1.775, ""wrist_m"": {""x"": -0.2367, ""y"": 0.2794, ""z"": -0.5191}, ""joints_m"": [{""x"": -0.2063, ""y"": 0.2849, ""z"": -0.5283}, {""x"": -0.217, ""y"": 0.2601, ""z"": -0.5529}, {""x"": -0.2267, ""y"": 0.2475, ""z"": -0.6002}, {""x"": -0.2388, ""y"": 0.2411, ""z"": -0.6463}, {""x"": -0.2523, ""y"": 0.2321, ""z"": -0.6799}, {""x"": -0.2455, ""y"": 0.27, ""z"": -0.635}, {""x"": -0.245, ""y"": 0.2629, ""z"": -0.6973}, {""x"": -0.238, ""y"": 0.2501, ""z"": -0.717}, {""x"": -0.2271, ""y"": 0.241, ""z"": -0.7239}, {""x"": -0.2401, ""y"": 0.2796, ""z"": -0.6452}, {""x"": -0.2351, ""y"": 0.2686, ""z"": -0.7106}, {""x"": -0.2234, ""y"": 0.2547, ""z"": -0.7253}, {""x"": -0.2136, ""y"": 0.2457, ""z"": -0.7262}, {""x"": -0.231, ""y"": 0.2857, ""z"": -0.6521}, {""x"": -0.2298, ""y"": 0.2733, ""z"": -0.711}, {""x"": -0.2213, ""y"": 0.2599, ""z"": -0.7233}, {""x"": -0.2089, ""y"": 0.2521, ""z"": -0.7242}, {""x"": -0.2207, ""y"": 0.2888, ""z"": -0.6566}, {""x"": -0.2213, ""y"": 0.2784, ""z"": -0.7038}, {""x"": -0.2185, ""y"": 0.2662, ""z"": -0.7157}, {""x"": -0.2146, ""y"": 0.2573, ""z"": -0.7179}], ""palm_normal"": [-0.141, -0.943, -0.302], ""finger_dir"": [0.647, 0.143, -0.749], ""finger_curl"": [0.004, 0.26, 0.243, 0.319, 0.283], ""pinch_m"": [0.031, 0.05, 0.055, 0.053], ""grip_aperture_m"": 0.031, ""gesture"": ""OPEN"", ""gesture_id"": 2, ""is_grab"": false}, ""right_hand"": {""present"": true, ""confidence"": 0.898, ""depth_m"": 1.719, ""wrist_m"": {""x"": -0.2952, ""y"": -0.226, ""z"": -0.5159}, ""joints_m"": [{""x"": -0.2612, ""y"": -0.23, ""z"": -0.526}, {""x"": -0.2795, ""y"": -0.2001, ""z"": -0.5437}, {""x"": -0.2931, ""y"": -0.1824, ""z"": -0.5862}, {""x"": -0.3114, ""y"": -0.1709, ""z"": -0.6262}, {""x"": -0.3199, ""y"": -0.1602, ""z"": -0.6591}, {""x"": -0.3105, ""y"": -0.2053, ""z"": -0.6318}, {""x"": -0.3095, ""y"": -0.187, ""z"": -0.683}, {""x"": -0.3006, ""y"": -0.1726, ""z"": -0.69}, {""x"": -0.2899, ""y"": -0.1657, ""z"": -0.6914}, {""x"": -0.2995, ""y"": -0.2163, ""z"": -0.6385}, {""x"": -0.2902, ""y"": -0.1967, ""z"": -0.6859}, {""x"": -0.2814, ""y"": -0.1822, ""z"": -0.6886}, {""x"": -0.2773, ""y"": -0.1746, ""z"": -0.6832}, {""x"": -0.2844, ""y"": -0.2229, ""z"": -0.6395}, {""x"": -0.2794, ""y"": -0.2034, ""z"": -0.6767}, {""x"": -0.2692, ""y"": -0.1906, ""z"": -0.6813}, {""x"": -0.2601, ""y"": -0.1839, ""z"": -0.6777}, {""x"": -0.272, ""y"": -0.2256, ""z"": -0.6371}, {""x"": -0.2671, ""y"": -0.2089, ""z"": -0.6686}, {""x"": -0.2647, ""y"": -0.1984, ""z"": -0.6717}, {""x"": -0.2615, ""y"": -0.192, ""z"": -0.6671}], ""palm_normal"": [0.02, -0.998, -0.056], ""finger_dir"": [0.303, 0.06, -0.951], ""finger_curl"": [0.003, 0.125, 0.217, 0.194, 0.226], ""pinch_m"": [0.028, 0.037, 0.057, 0.053], ""grip_aperture_m"": 0.028, ""gesture"": ""OPEN"", ""gesture_id"": 2, ""is_grab"": false}}"
1781631404.1632748,True,True,"{""t"": 1781631404203.0, ""seq"": 1645, ""fps"": 20.1, ""frame_info"": {""origin"": ""camera"", ""x"": ""right"", ""y"": ""up"", ""z"": ""away_from_camera"", ""units"": ""cm""}, ""calibration_info"": {""hand_size_cm"": 8, ""fov_deg"": 75, ""shoulder_width_cm"": 40}, ""landmark_names"": [""hand_joints"", ""body_joints""], ""body_landmarks"": [{""joint_name"": ""shoulder_L"", ""x"": -0.0326, ""y"": -0.1958, ""z"": 0.2187}, {""joint_name"": ""shoulder_R"", ""x"": 0.0326, ""y"": 0.1958, ""z"": 0.2914}, {""joint_name"": ""elbow_L"", ""x"": -0.1256, ""y"": -0.1021, ""z"": -0.1408}, {""joint_name"": ""elbow_R"", ""x"": -0.079, ""y"": 0.2378, ""z"": -0.105}, {""joint_name"": ""wrist_L"", ""x"": -0.212, ""y"": -0.0152, ""z"": -0.4723}, {""joint_name"": ""wrist_R"", ""x"": -0.1819, ""y"": 0.2763, ""z"": -0.4703}], ""left_hand"": {""present"": true, ""confidence"": 0.935, ""depth_m"": 1.768, ""wrist_m"": {""x"": -0.1957, ""y"": 0.2804, ""z"": -0.5378}, ""joints_m"": [{""x"": -0.1658, ""y"": 0.2858, ""z"": -0.5471}, {""x"": -0.1783, ""y"": 0.2609, ""z"": -0.5746}, {""x"": -0.1889, ""y"": 0.2497, ""z"": -0.625}, {""x"": -0.2014, ""y"": 0.2444, ""z"": -0.6717}, {""x"": -0.2154, ""y"": 0.2358, ""z"": -0.7055}, {""x"": -0.2056, ""y"": 0.2763, ""z"": -0.6572}, {""x"": -0.2049, ""y"": 0.2674, ""z"": -0.7202}, {""x"": -0.199, ""y"": 0.2543, ""z"": -0.7435}, {""x"": -0.1893, ""y"": 0.245, ""z"": -0.7535}, {""x"": -0.1991, ""y"": 0.2857, ""z"": -0.6654}, {""x"": -0.1944, ""y"": 0.2742, ""z"": -0.7304}, {""x"": -0.1846, ""y"": 0.2605, ""z"": -0.7499}, {""x"": -0.1753, ""y"": 0.2513, ""z"": -0.7563}, {""x"": -0.1888, ""y"": 0.291, ""z"": -0.6712}, {""x"": -0.1874, ""y"": 0.2787, ""z"": -0.7294}, {""x"": -0.1787, ""y"": 0.2656, ""z"": -0.748}, {""x"": -0.1668, ""y"": 0.257, ""z"": -0.7544}, {""x"": -0.1782, ""y"": 0.2927, ""z"": -0.6754}, {""x"": -0.1789, ""y"": 0.2826, ""z"": -0.7223}, {""x"": -0.1769, ""y"": 0.2701, ""z"": -0.7382}, {""x"": -0.1744, ""y"": 0.2603, ""z"": -0.7442}], ""palm_normal"": [0.017, -0.955, -0.298], ""finger_dir"": [0.45, 0.273, -0.85], ""finger_curl"": [0.005, 0.021, 0.018, 0.091, 0.09], ""pinch_m"": [0.035, 0.048, 0.063, 0.051], ""grip_aperture_m"": 0.035, ""gesture"": ""OPEN"", ""gesture_id"": 2, ""is_grab"": false}, ""right_hand"": {""present"": true, ""confidence"": 0.81, ""depth_m"": 1.707, ""wrist_m"": {""x"": -0.2551, ""y"": -0.2295, ""z"": -0.5365}, ""joints_m"": [{""x"": -0.2212, ""y"": -0.2334, ""z"": -0.5471}, {""x"": -0.2388, ""y"": -0.206, ""z"": -0.5674}, {""x"": -0.2512, ""y"": -0.189, ""z"": -0.613}, {""x"": -0.2693, ""y"": -0.1775, ""z"": -0.6541}, {""x"": -0.2776, ""y"": -0.1666, ""z"": -0.6881}, {""x"": -0.2694, ""y"": -0.2103, ""z"": -0.6569}, {""x"": -0.2689, ""y"": -0.1918, ""z"": -0.7093}, {""x"": -0.2611, ""y"": -0.1771, ""z"": -0.7185}, {""x"": -0.2518, ""y"": -0.1698, ""z"": -0.7212}, {""x"": -0.2594, ""y"": -0.2192, ""z"": -0.6634}, {""x"": -0.2508, ""y"": -0.2, ""z"": -0.7128}, {""x"": -0.2438, ""y"": -0.1853, ""z"": -0.7179}, {""x"": -0.2413, ""y"": -0.1769, ""z"": -0.7129}, {""x"": -0.2449, ""y"": -0.224, ""z"": -0.6651}, {""x"": -0.2407, ""y"": -0.2051, ""z"": -0.7053}, {""x"": -0.2317, ""y"": -0.1921, ""z"": -0.7118}, {""x"": -0.2229, ""y"": -0.1849, ""z"": -0.709}, {""x"": -0.2333, ""y"": -0.2255, ""z"": -0.6636}, {""x"": -0.2294, ""y"": -0.2093, ""z"": -0.6981}, {""x"": -0.229, ""y"": -0.1983, ""z"": -0.7036}, {""x"": -0.227, ""y"": -0.1909, ""z"": -0.7008}], ""palm_normal"": [-0.05, -0.975, -0.218], ""finger_dir"": [0.489, 0.167, -0.856], ""finger_curl"": [0.009, 0.092, 0.177, 0.15, 0.172], ""pinch_m"": [0.02, 0.022, 0.043, 0.032], ""grip_aperture_m"": 0.02, ""gesture"": ""OPEN"", ""gesture_id"": 2, ""is_grab"": false}}"
1781631404.2217064,True,False,"{""t"": 1781631404261.0, ""seq"": 1646, ""fps"": 20.0, ""frame_info"": {""origin"": ""camera"", ""x"": ""right"", ""y"": ""up"", ""z"": ""away_from_camera"", ""units"": ""cm""}, ""calibration_info"": {""hand_size_cm"": 8, ""fov_deg"": 75, ""shoulder_width_cm"": 40}, ""landmark_names"": [""hand_joints"", ""body_joints""], ""body_landmarks"": [{""joint_name"": ""shoulder_L"", ""x"": -0.0321, ""y"": -0.1946, ""z"": 0.2182}, {""joint_name"": ""shoulder_R"", ""x"": 0.0321, ""y"": 0.1946, ""z"": 0.288}, {""joint_name"": ""elbow_L"", ""x"": -0.1119, ""y"": -0.1351, ""z"": -0.1634}, {""joint_name"": ""elbow_R"", ""x"": -0.0577, ""y"": 0.2412, ""z"": -0.1326}, {""joint_name"": ""wrist_L"", ""x"": -0.1862, ""y"": -0.0793, ""z"": -0.5154}, {""joint_name"": ""wrist_R"", ""x"": -0.1408, ""y"": 0.2837, ""z"": -0.52}], ""left_hand"": {""present"": true, ""confidence"": 0.952, ""depth_m"": 1.71, ""wrist_m"": {""x"": -0.1844, ""y"": 0.2797, ""z"": -0.5353}, ""joints_m"": [{""x"": -0.1528, ""y"": 0.2854, ""z"": -0.5451}, {""x"": -0.1672, ""y"": 0.2601, ""z"": -0.5705}, {""x"": -0.1788, ""y"": 0.2484, ""z"": -0.6201}, {""x"": -0.192, ""y"": 0.2431, ""z"": -0.6666}, {""x"": -0.2075, ""y"": 0.2358, ""z"": -0.6992}, {""x"": -0.1956, ""y"": 0.2781, ""z"": -0.6538}, {""x"": -0.1947, ""y"": 0.2672, ""z"": -0.7166}, {""x"": -0.1888, ""y"": 0.2534, ""z"": -0.7372}, {""x"": -0.1777, ""y"": 0.2441, ""z"": -0.7452}, {""x"": -0.1882, ""y"": 0.2874, ""z"": -0.6618}, {""x"": -0.1834, ""y"": 0.2744, ""z"": -0.7255}, {""x"": -0.1735, ""y"": 0.2603, ""z"": -0.7429}, {""x"": -0.1642, ""y"": 0.2511, ""z"": -0.7482}, {""x"": -0.1768, ""y"": 0.2921, ""z"": -0.668}, {""x"": -0.1758, ""y"": 0.2783, ""z"": -0.7241}, {""x"": -0.1663, ""y"": 0.2651, ""z"": -0.7409}, {""x"": -0.1557, ""y"": 0.2563, ""z"": -0.7454}, {""x"": -0.1652, ""y"": 0.293, ""z"": -0.6726}, {""x"": -0.1654, ""y"": 0.282, ""z"": -0.7187}, {""x"": -0.1627, ""y"": 0.2695, ""z"": -0.7331}, {""x"": -0.1603, ""y"": 0.2598, ""z"": -0.7375}], ""palm_normal"": [0.046, -0.982, -0.183], ""finger_dir"": [0.502, 0.181, -0.846], ""finger_curl"": [0.012, 0.116, 0.162, 0.288, 0.284], ""pinch_m"": [0.041, 0.051, 0.06, 0.063], ""grip_aperture_m"": 0.041, ""gesture"": ""OPEN"", ""gesture_id"": 2, ""is_grab"": false}, ""right_hand"": {""present"": false}}"
1781631404.277221,True,False,"{""t"": 1781631404315.0, ""seq"": 1647, ""fps"": 19.9, ""frame_info"": {""origin"": ""camera"", ""x"": ""right"", ""y"": ""up"", ""z"": ""away_from_camera"", ""units"": ""cm""}, ""calibration_info"": {""hand_size_cm"": 8, ""fov_deg"": 75, ""shoulder_width_cm"": 40}, ""landmark_names"": [""hand_joints"", ""body_joints""], ""body_landmarks"": [{""joint_name"": ""shoulder_L"", ""x"": -0.0318, ""y"": -0.1938, ""z"": 0.2178}, {""joint_name"": ""shoulder_R"", ""x"": 0.0318, ""y"": 0.1938, ""z"": 0.2856}, {""joint_name"": ""elbow_L"", ""x"": -0.1023, ""y"": -0.1581, ""z"": -0.1792}, {""joint_name"": ""elbow_R"", ""x"": -0.0428, ""y"": 0.2435, ""z"": -0.1519}, {""joint_name"": ""wrist_L"", ""x"": -0.1681, ""y"": -0.1242, ""z"": -0.5456}, {""joint_name"": ""wrist_R"", ""x"": -0.1121, ""y"": 0.2889, ""z"": -0.5548}], ""left_hand"": {""present"": true, ""confidence"": 0.982, ""depth_m"": 1.714, ""wrist_m"": {""x"": -0.1754, ""y"": 0.2845, ""z"": -0.5234}, ""joints_m"": [{""x"": -0.1415, ""y"": 0.2908, ""z"": -0.5337}, {""x"": -0.1572, ""y"": 0.2645, ""z"": -0.554}, {""x"": -0.1703, ""y"": 0.2515, ""z"": -0.6005}, {""x"": -0.1837, ""y"": 0.245, ""z"": -0.6462}, {""x"": -0.2004, ""y"": 0.2366, ""z"": -0.6768}, {""x"": -0.1878, ""y"": 0.281, ""z"": -0.6403}, {""x"": -0.186, ""y"": 0.2666, ""z"": -0.7009}, {""x"": -0.179, ""y"": 0.2538, ""z"": -0.7196}, {""x"": -0.1658, ""y"": 0.2464, ""z"": -0.7267}, {""x"": -0.1795, ""y"": 0.2913, ""z"": -0.6495}, {""x"": -0.1741, ""y"": 0.2755, ""z"": -0.7108}, {""x"": -0.1634, ""y"": 0.2622, ""z"": -0.7276}, {""x"": -0.1539, ""y"": 0.2538, ""z"": -0.7332}, {""x"": -0.1668, ""y"": 0.2965, ""z"": -0.6565}, {""x"": -0.1653, ""y"": 0.2805, ""z"": -0.7101}, {""x"": -0.1549, ""y"": 0.2678, ""z"": -0.7265}, {""x"": -0.1444, ""y"": 0.2595, ""z"": -0.7316}, {""x"": -0.1537, ""y"": 0.2977, ""z"": -0.6616}, {""x"": -0.1534, ""y"": 0.2851, ""z"": -0.7059}, {""x"": -0.1499, ""y"": 0.2727, ""z"": -0.7194}, {""x"": -0.1466, ""y"": 0.2632, ""z"": -0.7237}], ""palm_normal"": [0.041, -0.999, 0.02], ""finger_dir"": [0.589, 0.008, -0.808], ""finger_curl"": [0.004, 0.138, 0.047, 0.202, 0.234], ""pinch_m"": [0.05, 0.059, 0.069, 0.072], ""grip_aperture_m"": 0.05, ""gesture"": ""OPEN"", ""gesture_id"": 2, ""is_grab"": false}, ""right_hand"": {""present"": false}}"
1781631404.357499,False,False,"{""t"": 1781631404394.0, ""seq"": 1649, ""fps"": 20.2, ""frame_info"": {""origin"": ""camera"", ""x"": ""right"", ""y"": ""up"", ""z"": ""away_from_camera"", ""units"": ""cm""}, ""calibration_info"": {""hand_size_cm"": 8, ""fov_deg"": 75, ""shoulder_width_cm"": 40}, ""landmark_names"": [""hand_joints"", ""body_joints""], ""body_landmarks"": [{""joint_name"": ""shoulder_L"", ""x"": -0.033, ""y"": -0.1945, ""z"": 0.223}, {""joint_name"": ""shoulder_R"", ""x"": 0.033, ""y"": 0.1945, ""z"": 0.2863}, {""joint_name"": ""elbow_L"", ""x"": -0.0965, ""y"": -0.1809, ""z"": -0.1845}, {""joint_name"": ""elbow_R"", ""x"": -0.0425, ""y"": 0.2419, ""z"": -0.1439}, {""joint_name"": ""wrist_L"", ""x"": -0.1555, ""y"": -0.1674, ""z"": -0.5607}, {""joint_name"": ""wrist_R"", ""x"": -0.1123, ""y"": 0.285, ""z"": -0.5405}], ""left_hand"": {""present"": false}, ""right_hand"": {""present"": false}}"
1781631404.4063556,False,False,"{""t"": 1781631404442.0, ""seq"": 1650, ""fps"": 20.4, ""frame_info"": {""origin"": ""camera"", ""x"": ""right"", ""y"": ""up"", ""z"": ""away_from_camera"", ""units"": ""cm""}, ""calibration_info"": {""hand_size_cm"": 8, ""fov_deg"": 75, ""shoulder_width_cm"": 40}, ""landmark_names"": [""hand_joints"", ""body_joints""], ""body_landmarks"": [{""joint_name"": ""shoulder_L"", ""x"": -0.0339, ""y"": -0.1949, ""z"": 0.2266}, {""joint_name"": ""shoulder_R"", ""x"": 0.0339, ""y"": 0.1949, ""z"": 0.2868}, {""joint_name"": ""elbow_L"", ""x"": -0.0925, ""y"": -0.1968, ""z"": -0.1883}, {""joint_name"": ""elbow_R"", ""x"": -0.0424, ""y"": 0.2407, ""z"": -0.1382}, {""joint_name"": ""wrist_L"", ""x"": -0.1467, ""y"": -0.1975, ""z"": -0.5713}, {""joint_name"": ""wrist_R"", ""x"": -0.1125, ""y"": 0.2823, ""z"": -0.5304}], ""left_hand"": {""present"": false}, ""right_hand"": {""present"": false}}"
1781631404.4543278,False,False,"{""t"": 1781631404489.0, ""seq"": 1651, ""fps"": 20.4, ""frame_info"": {""origin"": ""camera"", ""x"": ""right"", ""y"": ""up"", ""z"": ""away_from_camera"", ""units"": ""cm""}, ""calibration_info"": {""hand_size_cm"": 8, ""fov_deg"": 75, ""shoulder_width_cm"": 40}, ""landmark_names"": [""hand_joints"", ""body_joints""], ""body_landmarks"": [{""joint_name"": ""shoulder_L"", ""x"": -0.0338, ""y"": -0.1953, ""z"": 0.2258}, {""joint_name"": ""shoulder_R"", ""x"": 0.0338, ""y"": 0.1953, ""z"": 0.2857}, {""joint_name"": ""elbow_L"", ""x"": -0.0745, ""y"": -0.214, ""z"": -0.1927}, {""joint_name"": ""elbow_R"", ""x"": -0.0271, ""y"": 0.2357, ""z"": -0.1324}, {""joint_name"": ""wrist_L"", ""x"": -0.1124, ""y"": -0.2304, ""z"": -0.5787}, {""joint_name"": ""wrist_R"", ""x"": -0.0831, ""y"": 0.2729, ""z"": -0.5183}], ""left_hand"": {""present"": false}, ""right_hand"": {""present"": false}}"
1781631404.4950528,False,False,"{""t"": 1781631404529.0, ""seq"": 1652, ""fps"": 20.5, ""frame_info"": {""origin"": ""camera"", ""x"": ""right"", ""y"": ""up"", ""z"": ""away_from_camera"", ""units"": ""cm""}, ""calibration_info"": {""hand_size_cm"": 8, ""fov_deg"": 75, ""shoulder_width_cm"": 40}, ""landmark_names"": [""hand_joints"", ""body_joints""], ""body_landmarks"": [{""joint_name"": ""shoulder_L"", ""x"": -0.0337, ""y"": -0.1955, ""z"": 0.2253}, {""joint_name"": ""shoulder_R"", ""x"": 0.0337, ""y"": 0.1955, ""z"": 0.2849}, {""joint_name"": ""elbow_L"", ""x"": -0.0619, ""y"": -0.226, ""z"": -0.1958}, {""joint_name"": ""elbow_R"", ""x"": -0.0164, ""y"": 0.2322, ""z"": -0.1284}, {""joint_name"": ""wrist_L"", ""x"": -0.0884, ""y"": -0.2534, ""z"": -0.5839}, {""joint_name"": ""wrist_R"", ""x"": -0.0625, ""y"": 0.2663, ""z"": -0.5098}], ""left_hand"": {""present"": false}, ""right_hand"": {""present"": false}}"
1781631404.5554764,False,False,"{""t"": 1781631404588.0, ""seq"": 1653, ""fps"": 20.4, ""frame_info"": {""origin"": ""camera"", ""x"": ""right"", ""y"": ""up"", ""z"": ""away_from_camera"", ""units"": ""cm""}, ""calibration_info"": {""hand_size_cm"": 8, ""fov_deg"": 75, ""shoulder_width_cm"": 40}, ""landmark_names"": [""hand_joints"", ""body_joints""], ""body_landmarks"": [{""joint_name"": ""shoulder_L"", ""x"": -0.0336, ""y"": -0.1956, ""z"": 0.2249}, {""joint_name"": ""shoulder_R"", ""x"": 0.0336, ""y"": 0.1956, ""z"": 0.2843}, {""joint_name"": ""elbow_L"", ""x"": -0.0531, ""y"": -0.2344, ""z"": -0.1979}, {""joint_name"": ""elbow_R"", ""x"": -0.009, ""y"": 0.2297, ""z"": -0.1256}, {""joint_name"": ""wrist_L"", ""x"": -0.0717, ""y"": -0.2695, ""z"": -0.5875}, {""joint_name"": ""wrist_R"", ""x"": -0.0481, ""y"": 0.2617, ""z"": -0.5039}], ""left_hand"": {""present"": false}, ""right_hand"": {""present"": false}}"
1781631404.5962923,False,False,"{""t"": 1781631404628.0, ""seq"": 1654, ""fps"": 20.4, ""frame_info"": {""origin"": ""camera"", ""x"": ""right"", ""y"": ""up"", ""z"": ""away_from_camera"", ""units"": ""cm""}, ""calibration_info"": {""hand_size_cm"": 8, ""fov_deg"": 75, ""shoulder_width_cm"": 40}, ""landmark_names"": [""hand_joints"", ""body_joints""], ""body_landmarks"": [{""joint_name"": ""shoulder_L"", ""x"": -0.0336, ""y"": -0.1939, ""z"": 0.2201}, {""joint_name"": ""shoulder_R"", ""x"": 0.0336, ""y"": 0.1939, ""z"": 0.2752}, {""joint_name"": ""elbow_L"", ""x"": -0.0208, ""y"": -0.2469, ""z"": -0.2016}, {""joint_name"": ""elbow_R"", ""x"": 0.0224, ""y"": 0.2199, ""z"": -0.1278}, {""joint_name"": ""wrist_L"", ""x"": -0.0095, ""y"": -0.2948, ""z"": -0.5901}, {""joint_name"": ""wrist_R"", ""x"": 0.0124, ""y"": 0.2444, ""z"": -0.4997}], ""left_hand"": {""present"": false}, ""right_hand"": {""present"": false}}"
1781631404.6527748,True,False,"{""t"": 1781631404684.0, ""seq"": 1655, ""fps"": 20.2, ""frame_info"": {""origin"": ""camera"", ""x"": ""right"", ""y"": ""up"", ""z"": ""away_from_camera"", ""units"": ""cm""}, ""calibration_info"": {""hand_size_cm"": 8, ""fov_deg"": 75, ""shoulder_width_cm"": 40}, ""landmark_names"": [""hand_joints"", ""body_joints""], ""body_landmarks"": [{""joint_name"": ""shoulder_L"", ""x"": -0.0336, ""y"": -0.1928, ""z"": 0.2168}, {""joint_name"": ""shoulder_R"", ""x"": 0.0336, ""y"": 0.1928, ""z"": 0.2689}, {""joint_name"": ""elbow_L"", ""x"": 0.0018, ""y"": -0.2556, ""z"": -0.2041}, {""joint_name"": ""elbow_R"", ""x"": 0.0443, ""y"": 0.213, ""z"": -0.1294}, {""joint_name"": ""wrist_L"", ""x"": 0.034, ""y"": -0.3126, ""z"": -0.5918}, {""joint_name"": ""wrist_R"", ""x"": 0.0547, ""y"": 0.2323, ""z"": -0.4968}], ""left_hand"": {""present"": true, ""confidence"": 0.842, ""depth_m"": 1.717, ""wrist_m"": {""x"": -0.0889, ""y"": 0.3189, ""z"": -0.5472}, ""joints_m"": [{""x"": -0.053, ""y"": 0.3273, ""z"": -0.5587}, {""x"": -0.0617, ""y"": 0.3048, ""z"": -0.5912}, {""x"": -0.0708, ""y"": 0.2895, ""z"": -0.6402}, {""x"": -0.0836, ""y"": 0.2772, ""z"": -0.6808}, {""x"": -0.1004, ""y"": 0.2636, ""z"": -0.7039}, {""x"": -0.0933, ""y"": 0.3127, ""z"": -0.6796}, {""x"": -0.0911, ""y"": 0.2878, ""z"": -0.7356}, {""x"": -0.0812, ""y"": 0.2765, ""z"": -0.7443}, {""x"": -0.0649, ""y"": 0.2742, ""z"": -0.7462}, {""x"": -0.0924, ""y"": 0.3167, ""z"": -0.6791}, {""x"": -0.0853, ""y"": 0.2915, ""z"": -0.7379}, {""x"": -0.0722, ""y"": 0.2809, ""z"": -0.7444}, {""x"": -0.0606, ""y"": 0.2784, ""z"": -0.7434}, {""x"": -0.086, ""y"": 0.3167, ""z"": -0.6754}, {""x"": -0.0817, ""y"": 0.2928, ""z"": -0.7277}, {""x"": -0.0682, ""y"": 0.284, ""z"": -0.735}, {""x"": -0.0557, ""y"": 0.2823, ""z"": -0.7346}, {""x"": -0.0771, ""y"": 0.314, ""z"": -0.6695}, {""x"": -0.075, ""y"": 0.2959, ""z"": -0.7109}, {""x"": -0.068, ""y"": 0.2878, ""z"": -0.7181}, {""x"": -0.0616, ""y"": 0.2848, ""z"": -0.7183}], ""palm_normal"": [0.567, 0.821, 0.066], ""finger_dir"": [0.467, -0.254, -0.847], ""finger_curl"": [0.108, 0.381, 0.399, 0.444, 0.522], ""pinch_m"": [0.038, 0.025, 0.025, 0.03], ""grip_aperture_m"": 0.038, ""gesture"": ""OPEN"", ""gesture_id"": 2, ""is_grab"": false}, ""right_hand"": {""present"": false}}"
1781631404.7318377,True,True,"{""t"": 1781631404761.0, ""seq"": 1657, ""fps"": 20.6, ""frame_info"": {""origin"": ""camera"", ""x"": ""right"", ""y"": ""up"", ""z"": ""away_from_camera"", ""units"": ""cm""}, ""calibration_info"": {""hand_size_cm"": 8, ""fov_deg"": 75, ""shoulder_width_cm"": 40}, ""landmark_names"": [""hand_joints"", ""body_joints""], ""body_landmarks"": [{""joint_name"": ""shoulder_L"", ""x"": -0.033, ""y"": -0.1918, ""z"": 0.2279}, {""joint_name"": ""shoulder_R"", ""x"": 0.033, ""y"": 0.1918, ""z"": 0.2707}, {""joint_name"": ""elbow_L"", ""x"": 0.0362, ""y"": -0.2502, ""z"": -0.2059}, {""joint_name"": ""elbow_R"", ""x"": 0.0786, ""y"": 0.2393, ""z"": -0.1449}, {""joint_name"": ""wrist_L"", ""x"": 0.0995, ""y"": -0.3036, ""z"": -0.6057}, {""joint_name"": ""wrist_R"", ""x"": 0.1212, ""y"": 0.2837, ""z"": -0.5281}], ""left_hand"": {""present"": true, ""confidence"": 0.996, ""depth_m"": 1.608, ""wrist_m"": {""x"": -0.027, ""y"": 0.3345, ""z"": -0.5429}, ""joints_m"": [{""x"": 0.0146, ""y"": 0.3462, ""z"": -0.5565}, {""x"": 0.0012, ""y"": 0.3148, ""z"": -0.5754}, {""x"": -0.0108, ""y"": 0.292, ""z"": -0.6169}, {""x"": -0.0266, ""y"": 0.2737, ""z"": -0.6554}, {""x"": -0.0437, ""y"": 0.259, ""z"": -0.6805}, {""x"": -0.036, ""y"": 0.3146, ""z"": -0.6717}, {""x"": -0.0319, ""y"": 0.2824, ""z"": -0.7233}, {""x"": -0.0191, ""y"": 0.2712, ""z"": -0.7233}, {""x"": -0.0024, ""y"": 0.2713, ""z"": -0.7178}, {""x"": -0.0316, ""y"": 0.3227, ""z"": -0.6794}, {""x"": -0.0219, ""y"": 0.2905, ""z"": -0.7297}, {""x"": -0.0062, ""y"": 0.2802, ""z"": -0.7268}, {""x"": 0.0034, ""y"": 0.2797, ""z"": -0.718}, {""x"": -0.0209, ""y"": 0.3266, ""z"": -0.6811}, {""x"": -0.0149, ""y"": 0.296, ""z"": -0.7231}, {""x"": 0.0009, ""y"": 0.2879, ""z"": -0.7223}, {""x"": 0.0111, ""y"": 0.2884, ""z"": -0.7154}, {""x"": -0.0083, ""y"": 0.3274, ""z"": -0.6778}, {""x"": -0.0045, ""y"": 0.3035, ""z"": -0.713}, {""x"": 0.0037, ""y"": 0.2953, ""z"": -0.7129}, {""x"": 0.0088, ""y"": 0.2938, ""z"": -0.7073}], ""palm_normal"": [-0.117, -0.928, 0.353], ""finger_dir"": [0.72, -0.324, -0.614], ""finger_curl"": [0.025, 0.249, 0.254, 0.289, 0.454], ""pinch_m"": [0.055, 0.067, 0.084, 0.092], ""grip_aperture_m"": 0.055, ""gesture"": ""OPEN"", ""gesture_id"": 2, ""is_grab"": false}, ""right_hand"": {""present"": true, ""confidence"": 0.986, ""depth_m"": 1.608, ""wrist_m"": {""x"": -0.1433, ""y"": -0.2364, ""z"": -0.5456}, ""joints_m"": [{""x"": -0.106, ""y"": -0.2395, ""z"": -0.5577}, {""x"": -0.1256, ""y"": -0.2084, ""z"": -0.5676}, {""x"": -0.14, ""y"": -0.186, ""z"": -0.6081}, {""x"": -0.1596, ""y"": -0.1704, ""z"": -0.6471}, {""x"": -0.1686, ""y"": -0.1558, ""z"": -0.6774}, {""x"": -0.1595, ""y"": -0.2056, ""z"": -0.6626}, {""x"": -0.1584, ""y"": -0.1825, ""z"": -0.7109}, {""x"": -0.1497, ""y"": -0.1658, ""z"": -0.7183}, {""x"": -0.1386, ""y"": -0.1566, ""z"": -0.7186}, {""x"": -0.1483, ""y"": -0.2156, ""z"": -0.6741}, {""x"": -0.1381, ""y"": -0.1911, ""z"": -0.7185}, {""x"": -0.1294, ""y"": -0.1742, ""z"": -0.7213}, {""x"": -0.1248, ""y"": -0.1638, ""z"": -0.7148}, {""x"": -0.1323, ""y"": -0.2216, ""z"": -0.6787}, {""x"": -0.126, ""y"": -0.1975, ""z"": -0.7129}, {""x"": -0.1155, ""y"": -0.1822, ""z"": -0.7181}, {""x"": -0.1067, ""y"": -0.1728, ""z"": -0.7139}, {""x"": -0.1185, ""y"": -0.2241, ""z"": -0.6784}, {""x"": -0.1134, ""y"": -0.2029, ""z"": -0.7089}, {""x"": -0.1115, ""y"": -0.1899, ""z"": -0.7123}, {""x"": -0.1099, ""y"": -0.1812, ""z"": -0.7067}], ""palm_normal"": [0.498, -0.855, -0.145], ""finger_dir"": [0.571, 0.449, -0.687], ""finger_curl"": [0.007, 0.135, 0.068, 0.053, 0.157], ""pinch_m"": [0.044, 0.063, 0.082, 0.083], ""grip_aperture_m"": 0.044, ""gesture"": ""OPEN"", ""gesture_id"": 2, ""is_grab"": false}}"
1781631404.7919416,True,True,"{""t"": 1781631404820.0, ""seq"": 1659, ""fps"": 21.1, ""frame_info"": {""origin"": ""camera"", ""x"": ""right"", ""y"": ""up"", ""z"": ""away_from_camera"", ""units"": ""cm""}, ""calibration_info"": {""hand_size_cm"": 8, ""fov_deg"": 75, ""shoulder_width_cm"": 40}, ""landmark_names"": [""hand_joints"", ""body_joints""], ""body_landmarks"": [{""joint_name"": ""shoulder_L"", ""x"": -0.0325, ""y"": -0.1911, ""z"": 0.2358}, {""joint_name"": ""shoulder_R"", ""x"": 0.0325, ""y"": 0.1911, ""z"": 0.272}, {""joint_name"": ""elbow_L"", ""x"": 0.0603, ""y"": -0.2464, ""z"": -0.2071}, {""joint_name"": ""elbow_R"", ""x"": 0.1026, ""y"": 0.2576, ""z"": -0.1557}, {""joint_name"": ""wrist_L"", ""x"": 0.1454, ""y"": -0.2972, ""z"": -0.6154}, {""joint_name"": ""wrist_R"", ""x"": 0.1678, ""y"": 0.3196, ""z"": -0.5499}], ""left_hand"": {""present"": true, ""confidence"": 0.998, ""depth_m"": 1.557, ""wrist_m"": {""x"": 0.0009, ""y"": 0.3441, ""z"": -0.5295}, ""joints_m"": [{""x"": 0.0449, ""y"": 0.3578, ""z"": -0.5437}, {""x"": 0.0289, ""y"": 0.3202, ""z"": -0.5534}, {""x"": 0.0145, ""y"": 0.2917, ""z"": -0.5903}, {""x"": -0.0038, ""y"": 0.268, ""z"": -0.6255}, {""x"": -0.0197, ""y"": 0.2491, ""z"": -0.649}, {""x"": -0.0116, ""y"": 0.3095, ""z"": -0.6544}, {""x"": -0.0068, ""y"": 0.2748, ""z"": -0.6997}, {""x"": 0.0059, ""y"": 0.2615, ""z"": -0.6963}, {""x"": 0.022, ""y"": 0.2602, ""z"": -0.6872}, {""x"": -0.0046, ""y"": 0.3217, ""z"": -0.6678}, {""x"": 0.0084, ""y"": 0.2874, ""z"": -0.7088}, {""x"": 0.0261, ""y"": 0.2776, ""z"": -0.6997}, {""x"": 0.0349, ""y"": 0.2773, ""z"": -0.6864}, {""x"": 0.0096, ""y"": 0.3302, ""z"": -0.6728}, {""x"": 0.019, ""y"": 0.2977, ""z"": -0.7044}, {""x"": 0.0366, ""y"": 0.2908, ""z"": -0.6983}, {""x"": 0.0471, ""y"": 0.2926, ""z"": -0.6875}, {""x"": 0.0257, ""y"": 0.3356, ""z"": -0.6716}, {""x"": 0.0314, ""y"": 0.3089, ""z"": -0.6987}, {""x"": 0.0415, ""y"": 0.3015, ""z"": -0.694}, {""x"": 0.0465, ""y"": 0.3007, ""z"": -0.6844}], ""palm_normal"": [-0.354, -0.913, 0.2], ""finger_dir"": [0.648, -0.394, -0.651], ""finger_curl"": [0.006, 0.134, 0.191, 0.172, 0.323], ""pinch_m"": [0.043, 0.076, 0.104, 0.11], ""grip_aperture_m"": 0.043, ""gesture"": ""PEACE"", ""gesture_id"": 4, ""is_grab"": false}, ""right_hand"": {""present"": true, ""confidence"": 0.962, ""depth_m"": 1.592, ""wrist_m"": {""x"": -0.0698, ""y"": -0.2265, ""z"": -0.5524}, ""joints_m"": [{""x"": -0.0275, ""y"": -0.2287, ""z"": -0.5667}, {""x"": -0.048, ""y"": -0.1947, ""z"": -0.5747}, {""x"": -0.0628, ""y"": -0.1715, ""z"": -0.6191}, {""x"": -0.0838, ""y"": -0.156, ""z"": -0.6625}, {""x"": -0.095, ""y"": -0.1418, ""z"": -0.6957}, {""x"": -0.086, ""y"": -0.1947, ""z"": -0.6693}, {""x"": -0.0857, ""y"": -0.1711, ""z"": -0.7209}, {""x"": -0.0777, ""y"": -0.1542, ""z"": -0.7359}, {""x"": -0.0667, ""y"": -0.1442, ""z"": -0.7432}, {""x"": -0.0752, ""y"": -0.2059, ""z"": -0.6834}, {""x"": -0.0663, ""y"": -0.1799, ""z"": -0.7312}, {""x"": -0.058, ""y"": -0.162, ""z"": -0.7412}, {""x"": -0.052, ""y"": -0.1498, ""z"": -0.7415}, {""x"": -0.0591, ""y"": -0.2123, ""z"": -0.6904}, {""x"": -0.054, ""y"": -0.1868, ""z"": -0.728}, {""x"": -0.0438, ""y"": -0.1698, ""z"": -0.7385}, {""x"": -0.0334, ""y"": -0.1583, ""z"": -0.7399}, {""x"": -0.0442, ""y"": -0.2144, ""z"": -0.6925}, {""x"": -0.0401, ""y"": -0.1922, ""z"": -0.7247}, {""x"": -0.0389, ""y"": -0.1782, ""z"": -0.7306}, {""x"": -0.0367, ""y"": -0.1681, ""z"": -0.7282}], ""palm_normal"": [0.223, -0.974, 0.031], ""finger_dir"": [0.735, 0.147, -0.661], ""finger_curl"": [0.004, 0.069, 0.003, 0.057, 0.08], ""pinch_m"": [0.031, 0.045, 0.062, 0.06], ""grip_aperture_m"": 0.031, ""gesture"": ""OPEN"", ""gesture_id"": 2, ""is_grab"": false}}"
1781631404.8293028,True,True,"{""t"": 1781631404857.0, ""seq"": 1660, ""fps"": 21.3, ""frame_info"": {""origin"": ""camera"", ""x"": ""right"", ""y"": ""up"", ""z"": ""away_from_camera"", ""units"": ""cm""}, ""calibration_info"": {""hand_size_cm"": 8, ""fov_deg"": 75, ""shoulder_width_cm"": 40}, ""landmark_names"": [""hand_joints"", ""body_joints""], ""body_landmarks"": [{""joint_name"": ""shoulder_L"", ""x"": -0.0312, ""y"": -0.1906, ""z"": 0.255}, {""joint_name"": ""shoulder_R"", ""x"": 0.0312, ""y"": 0.1906, ""z"": 0.2834}, {""joint_name"": ""elbow_L"", ""x"": 0.0692, ""y"": -0.2374, ""z"": -0.1933}, {""joint_name"": ""elbow_R"", ""x"": 0.1006, ""y"": 0.2618, ""z"": -0.1444}, {""joint_name"": ""wrist_L"", ""x"": 0.1615, ""y"": -0.2805, ""z"": -0.6072}, {""joint_name"": ""wrist_R"", ""x"": 0.1652, ""y"": 0.3277, ""z"": -0.5392}], ""left_hand"": {""present"": true, ""confidence"": 0.997, ""depth_m"": 1.529, ""wrist_m"": {""x"": 0.0252, ""y"": 0.3368, ""z"": -0.5199}, ""joints_m"": [{""x"": 0.0722, ""y"": 0.3523, ""z"": -0.5352}, {""x"": 0.0536, ""y"": 0.3101, ""z"": -0.5368}, {""x"": 0.0371, ""y"": 0.2763, ""z"": -0.5702}, {""x"": 0.0162, ""y"": 0.2479, ""z"": -0.6033}, {""x"": 0.0016, ""y"": 0.2266, ""z"": -0.6258}, {""x"": 0.0094, ""y"": 0.2896, ""z"": -0.6385}, {""x"": 0.0148, ""y"": 0.2539, ""z"": -0.6816}, {""x"": 0.0277, ""y"": 0.2395, ""z"": -0.6759}, {""x"": 0.0424, ""y"": 0.2374, ""z"": -0.6636}, {""x"": 0.0188, ""y"": 0.305, ""z"": -0.6571}, {""x"": 0.0344, ""y"": 0.2704, ""z"": -0.6905}, {""x"": 0.0538, ""y"": 0.2622, ""z"": -0.6772}, {""x"": 0.0626, ""y"": 0.2633, ""z"": -0.6616}, {""x"": 0.0358, ""y"": 0.3174, ""z"": -0.6655}, {""x"": 0.0478, ""y"": 0.2842, ""z"": -0.6889}, {""x"": 0.0671, ""y"": 0.2788, ""z"": -0.6791}, {""x"": 0.0771, ""y"": 0.2821, ""z"": -0.6655}, {""x"": 0.0548, ""y"": 0.3269, ""z"": -0.6673}, {""x"": 0.0622, ""y"": 0.2987, ""z"": -0.6885}, {""x"": 0.073, ""y"": 0.2919, ""z"": -0.68}, {""x"": 0.0778, ""y"": 0.292, ""z"": -0.6672}], ""palm_normal"": [-0.328, -0.9, 0.287], ""finger_dir"": [0.69, -0.436, -0.578], ""finger_curl"": [0.006, 0.141, 0.183, 0.193, 0.382], ""pinch_m"": [0.039, 0.082, 0.106, 0.113], ""grip_aperture_m"": 0.039, ""gesture"": ""PEACE"", ""gesture_id"": 4, ""is_grab"": false}, ""right_hand"": {""present"": true, ""confidence"": 0.644, ""depth_m"": 1.563, ""wrist_m"": {""x"": -0.0141, ""y"": -0.2242, ""z"": -0.556}, ""joints_m"": [{""x"": 0.027, ""y"": -0.2256, ""z"": -0.5701}, {""x"": 0.0055, ""y"": -0.1917, ""z"": -0.5813}, {""x"": -0.009, ""y"": -0.1694, ""z"": -0.6298}, {""x"": -0.0301, ""y"": -0.155, ""z"": -0.6757}, {""x"": -0.0417, ""y"": -0.1412, ""z"": -0.7115}, {""x"": -0.0313, ""y"": -0.1956, ""z"": -0.6789}, {""x"": -0.0308, ""y"": -0.1746, ""z"": -0.7331}, {""x"": -0.0245, ""y"": -0.1584, ""z"": -0.753}, {""x"": -0.0144, ""y"": -0.1478, ""z"": -0.7641}, {""x"": -0.0196, ""y"": -0.2068, ""z"": -0.6913}, {""x"": -0.0118, ""y"": -0.1834, ""z"": -0.7422}, {""x"": -0.0052, ""y"": -0.1652, ""z"": -0.7568}, {""x"": -0.0009, ""y"": -0.1518, ""z"": -0.7613}, {""x"": -0.0026, ""y"": -0.213, ""z"": -0.6971}, {""x"": 0.0014, ""y"": -0.1901, ""z"": -0.7375}, {""x"": 0.0107, ""y"": -0.1724, ""z"": -0.753}, {""x"": 0.0205, ""y"": -0.1594, ""z"": -0.759}, {""x"": 0.0127, ""y"": -0.2147, ""z"": -0.6984}, {""x"": 0.0157, ""y"": -0.1945, ""z"": -0.7335}, {""x"": 0.015, ""y"": -0.1803, ""z"": -0.743}, {""x"": 0.017, ""y"": -0.1695, ""z"": -0.7446}], ""palm_normal"": [0.312, -0.938, 0.152], ""finger_dir"": [0.583, 0.062, -0.81], ""finger_curl"": [0.006, 0.029, 0.033, 0.033, 0.089], ""pinch_m"": [0.036, 0.042, 0.066, 0.065], ""grip_aperture_m"": 0.036, ""gesture"": ""OPEN"", ""gesture_id"": 2, ""is_grab"": false}}"
1781631404.8637176,True,True,"{""t"": 1781631404891.0, ""seq"": 1661, ""fps"": 21.6, ""frame_info"": {""origin"": ""camera"", ""x"": ""right"", ""y"": ""up"", ""z"": ""away_from_camera"", ""units"": ""cm""}, ""calibration_info"": {""hand_size_cm"": 8, ""fov_deg"": 75, ""shoulder_width_cm"": 40}, ""landmark_names"": [""hand_joints"", ""body_joints""], ""body_landmarks"": [{""joint_name"": ""shoulder_L"", ""x"": -0.0302, ""y"": -0.1903, ""z"": 0.2685}, {""joint_name"": ""shoulder_R"", ""x"": 0.0302, ""y"": 0.1903, ""z"": 0.2914}, {""joint_name"": ""elbow_L"", ""x"": 0.0754, ""y"": -0.2311, ""z"": -0.1836}, {""joint_name"": ""elbow_R"", ""x"": 0.0992, ""y"": 0.2647, ""z"": -0.1365}, {""joint_name"": ""wrist_L"", ""x"": 0.1728, ""y"": -0.2688, ""z"": -0.6014}, {""joint_name"": ""wrist_R"", ""x"": 0.1633, ""y"": 0.3333, ""z"": -0.5316}], ""left_hand"": {""present"": true, ""confidence"": 0.99, ""depth_m"": 1.51, ""wrist_m"": {""x"": 0.0366, ""y"": 0.3306, ""z"": -0.516}, ""joints_m"": [{""x"": 0.0857, ""y"": 0.3476, ""z"": -0.5321}, {""x"": 0.0668, ""y"": 0.3028, ""z"": -0.5301}, {""x"": 0.0505, ""y"": 0.2659, ""z"": -0.5616}, {""x"": 0.0279, ""y"": 0.235, ""z"": -0.5938}, {""x"": 0.0126, ""y"": 0.2122, ""z"": -0.6141}, {""x"": 0.0209, ""y"": 0.2768, ""z"": -0.6291}, {""x"": 0.0264, ""y"": 0.2395, ""z"": -0.6729}, {""x"": 0.039, ""y"": 0.2241, ""z"": -0.6648}, {""x"": 0.0541, ""y"": 0.2215, ""z"": -0.6503}, {""x"": 0.0302, ""y"": 0.2934, ""z"": -0.6503}, {""x"": 0.0456, ""y"": 0.2567, ""z"": -0.6796}, {""x"": 0.0664, ""y"": 0.2497, ""z"": -0.6625}, {""x"": 0.0763, ""y"": 0.253, ""z"": -0.645}, {""x"": 0.0468, ""y"": 0.3071, ""z"": -0.6607}, {""x"": 0.0589, ""y"": 0.2716, ""z"": -0.6793}, {""x"": 0.0789, ""y"": 0.2675, ""z"": -0.6655}, {""x"": 0.0904, ""y"": 0.2731, ""z"": -0.651}, {""x"": 0.066, ""y"": 0.3184, ""z"": -0.6649}, {""x"": 0.0729, ""y"": 0.2878, ""z"": -0.6817}, {""x"": 0.0849, ""y"": 0.282, ""z"": -0.6697}, {""x"": 0.0905, ""y"": 0.2839, ""z"": -0.6553}], ""palm_normal"": [-0.366, -0.908, 0.207], ""finger_dir"": [0.697, -0.414, -0.586], ""finger_curl"": [0.006, 0.178, 0.262, 0.286, 0.428], ""pinch_m"": [0.044, 0.075, 0.092, 0.094], ""grip_aperture_m"": 0.044, ""gesture"": ""PEACE"", ""gesture_id"": 4, ""is_grab"": false}, ""right_hand"": {""present"": true, ""confidence"": 0.532, ""depth_m"": 1.54, ""wrist_m"": {""x"": 0.0179, ""y"": -0.2164, ""z"": -0.5586}, ""joints_m"": [{""x"": 0.0566, ""y"": -0.217, ""z"": -0.5722}, {""x"": 0.0351, ""y"": -0.1845, ""z"": -0.5869}, {""x"": 0.0205, ""y"": -0.1639, ""z"": -0.6392}, {""x"": 0.0002, ""y"": -0.1511, ""z"": -0.6873}, {""x"": -0.0109, ""y"": -0.1373, ""z"": -0.7251}, {""x"": 0.0002, ""y"": -0.1935, ""z"": -0.6882}, {""x"": 0.0016, ""y"": -0.1734, ""z"": -0.7458}, {""x"": 0.0064, ""y"": -0.1561, ""z"": -0.7676}, {""x"": 0.0144, ""y"": -0.1436, ""z"": -0.7781}, {""x"": 0.0124, ""y"": -0.2034, ""z"": -0.6991}, {""x"": 0.0195, ""y"": -0.1814, ""z"": -0.7544}, {""x"": 0.0239, ""y"": -0.1625, ""z"": -0.7713}, {""x"": 0.0267, ""y"": -0.1479, ""z"": -0.777}, {""x"": 0.0295, ""y"": -0.2079, ""z"": -0.704}, {""x"": 0.0326, ""y"": -0.1866, ""z"": -0.7486}, {""x"": 0.0394, ""y"": -0.1683, ""z"": -0.7674}, {""x"": 0.0467, ""y"": -0.1538, ""z"": -0.7749}, {""x"": 0.0449, ""y"": -0.2081, ""z"": -0.7043}, {""x"": 0.0467, ""y"": -0.1891, ""z"": -0.7434}, {""x"": 0.0455, ""y"": -0.1748, ""z"": -0.757}, {""x"": 0.0469, ""y"": -0.1629, ""z"": -0.7618}], ""palm_normal"": [0.273, -0.95, 0.154], ""finger_dir"": [0.494, 0.001, -0.869], ""finger_curl"": [0, 0.053, 0.074, 0.023, 0.065], ""pinch_m"": [0.03, 0.038, 0.051, 0.058], ""grip_aperture_m"": 0.03, ""gesture"": ""OPEN"", ""gesture_id"": 2, ""is_grab"": false}}"
1781631404.92666,False,True,"{""t"": 1781631404952.0, ""seq"": 1663, ""fps"": 22.4, ""frame_info"": {""origin"": ""camera"", ""x"": ""right"", ""y"": ""up"", ""z"": ""away_from_camera"", ""units"": ""cm""}, ""calibration_info"": {""hand_size_cm"": 8, ""fov_deg"": 75, ""shoulder_width_cm"": 40}, ""landmark_names"": [""hand_joints"", ""body_joints""], ""body_landmarks"": [{""joint_name"": ""shoulder_L"", ""x"": -0.028, ""y"": -0.1899, ""z"": 0.2834}, {""joint_name"": ""shoulder_R"", ""x"": 0.028, ""y"": 0.1899, ""z"": 0.3063}, {""joint_name"": ""elbow_L"", ""x"": 0.0657, ""y"": -0.1417, ""z"": -0.1678}, {""joint_name"": ""elbow_R"", ""x"": 0.0943, ""y"": 0.2609, ""z"": -0.1282}, {""joint_name"": ""wrist_L"", ""x"": 0.1521, ""y"": -0.097, ""z"": -0.5848}, {""joint_name"": ""wrist_R"", ""x"": 0.1557, ""y"": 0.3266, ""z"": -0.5296}], ""left_hand"": {""present"": false}, ""right_hand"": {""present"": true, ""confidence"": 0.961, ""depth_m"": 1.504, ""wrist_m"": {""x"": 0.036, ""y"": -0.2074, ""z"": -0.5573}, ""joints_m"": [{""x"": 0.0751, ""y"": -0.2072, ""z"": -0.5713}, {""x"": 0.0525, ""y"": -0.175, ""z"": -0.5896}, {""x"": 0.0386, ""y"": -0.1563, ""z"": -0.6458}, {""x"": 0.0188, ""y"": -0.1465, ""z"": -0.6959}, {""x"": 0.0094, ""y"": -0.1348, ""z"": -0.7355}, {""x"": 0.0178, ""y"": -0.1895, ""z"": -0.6917}, {""x"": 0.0196, ""y"": -0.1725, ""z"": -0.7549}, {""x"": 0.0249, ""y"": -0.1552, ""z"": -0.7785}, {""x"": 0.0327, ""y"": -0.1419, ""z"": -0.7888}, {""x"": 0.0305, ""y"": -0.2001, ""z"": -0.7011}, {""x"": 0.0386, ""y"": -0.1796, ""z"": -0.7631}, {""x"": 0.044, ""y"": -0.16, ""z"": -0.782}, {""x"": 0.0467, ""y"": -0.1447, ""z"": -0.7868}, {""x"": 0.0477, ""y"": -0.2043, ""z"": -0.705}, {""x"": 0.0518, ""y"": -0.1837, ""z"": -0.7558}, {""x"": 0.0588, ""y"": -0.1648, ""z"": -0.7755}, {""x"": 0.066, ""y"": -0.1498, ""z"": -0.7823}, {""x"": 0.0631, ""y"": -0.204, ""z"": -0.7048}, {""x"": 0.0654, ""y"": -0.1854, ""z"": -0.7484}, {""x"": 0.066, ""y"": -0.1705, ""z"": -0.7641}, {""x"": 0.0672, ""y"": -0.1579, ""z"": -0.7686}], ""palm_normal"": [0.354, -0.893, 0.277], ""finger_dir"": [0.553, -0.038, -0.832], ""finger_curl"": [0.014, 0.098, 0.086, 0.039, 0.063], ""pinch_m"": [0.028, 0.04, 0.056, 0.06], ""grip_aperture_m"": 0.028, ""gesture"": ""OPEN"", ""gesture_id"": 2, ""is_grab"": false}}"
1781631404.9977162,True,True,"{""t"": 1781631405022.0, ""seq"": 1665, ""fps"": 22.9, ""frame_info"": {""origin"": ""camera"", ""x"": ""right"", ""y"": ""up"", ""z"": ""away_from_camera"", ""units"": ""cm""}, ""calibration_info"": {""hand_size_cm"": 8, ""fov_deg"": 75, ""shoulder_width_cm"": 40}, ""landmark_names"": [""hand_joints"", ""body_joints""], ""body_landmarks"": [{""joint_name"": ""shoulder_L"", ""x"": -0.0265, ""y"": -0.1896, ""z"": 0.2938}, {""joint_name"": ""shoulder_R"", ""x"": 0.0265, ""y"": 0.1896, ""z"": 0.3167}, {""joint_name"": ""elbow_L"", ""x"": 0.0589, ""y"": -0.0791, ""z"": -0.1568}, {""joint_name"": ""elbow_R"", ""x"": 0.0909, ""y"": 0.2582, ""z"": -0.1225}, {""joint_name"": ""wrist_L"", ""x"": 0.1377, ""y"": 0.0233, ""z"": -0.5732}, {""joint_name"": ""wrist_R"", ""x"": 0.1504, ""y"": 0.3219, ""z"": -0.5282}], ""left_hand"": {""present"": true, ""confidence"": 0.965, ""depth_m"": 1.465, ""wrist_m"": {""x"": 0.0374, ""y"": 0.323, ""z"": -0.5603}, ""joints_m"": [{""x"": 0.077, ""y"": 0.337, ""z"": -0.5739}, {""x"": 0.0592, ""y"": 0.2956, ""z"": -0.582}, {""x"": 0.0454, ""y"": 0.2645, ""z"": -0.623}, {""x"": 0.0269, ""y"": 0.2399, ""z"": -0.6615}, {""x"": 0.0131, ""y"": 0.2209, ""z"": -0.6854}, {""x"": 0.0221, ""y"": 0.2821, ""z"": -0.6844}, {""x"": 0.0275, ""y"": 0.2509, ""z"": -0.7351}, {""x"": 0.0369, ""y"": 0.2342, ""z"": -0.7298}, {""x"": 0.0516, ""y"": 0.2306, ""z"": -0.7171}, {""x"": 0.032, ""y"": 0.2984, ""z"": -0.7006}, {""x"": 0.045, ""y"": 0.2678, ""z"": -0.7407}, {""x"": 0.0608, ""y"": 0.2567, ""z"": -0.7286}, {""x"": 0.0696, ""y"": 0.2557, ""z"": -0.7117}, {""x"": 0.0473, ""y"": 0.3107, ""z"": -0.7077}, {""x"": 0.0568, ""y"": 0.2804, ""z"": -0.7374}, {""x"": 0.0725, ""y"": 0.2719, ""z"": -0.7291}, {""x"": 0.0831, ""y"": 0.2732, ""z"": -0.7155}, {""x"": 0.0642, ""y"": 0.3204, ""z"": -0.7105}, {""x"": 0.0697, ""y"": 0.2937, ""z"": -0.7354}, {""x"": 0.0782, ""y"": 0.2843, ""z"": -0.7283}, {""x"": 0.0818, ""y"": 0.2819, ""z"": -0.7145}], ""palm_normal"": [-0.264, -0.949, -0.169], ""finger_dir"": [0.288, 0.09, -0.954], ""finger_curl"": [0.009, 0.203, 0.311, 0.367, 0.419], ""pinch_m"": [0.031, 0.041, 0.055, 0.054], ""grip_aperture_m"": 0.031, ""gesture"": ""OPEN"", ""gesture_id"": 2, ""is_grab"": false}, ""right_hand"": {""present"": true, ""confidence"": 0.989, ""depth_m"": 1.48, ""wrist_m"": {""x"": 0.0414, ""y"": -0.1975, ""z"": -0.5519}, ""joints_m"": [{""x"": 0.0847, ""y"": -0.1964, ""z"": -0.5675}, {""x"": 0.0611, ""y"": -0.1624, ""z"": -0.5859}, {""x"": 0.0469, ""y"": -0.1425, ""z"": -0.6417}, {""x"": 0.0257, ""y"": -0.1335, ""z"": -0.694}, {""x"": 0.015, ""y"": -0.1244, ""z"": -0.7346}, {""x"": 0.0234, ""y"": -0.1802, ""z"": -0.687}, {""x"": 0.0256, ""y"": -0.1627, ""z"": -0.7557}, {""x"": 0.0329, ""y"": -0.1437, ""z"": -0.7795}, {""x"": 0.0431, ""y"": -0.1285, ""z"": -0.7887}, {""x"": 0.0356, ""y"": -0.193, ""z"": -0.6981}, {""x"": 0.0445, ""y"": -0.1706, ""z"": -0.7653}, {""x"": 0.0526, ""y"": -0.1489, ""z"": -0.7849}, {""x"": 0.0589, ""y"": -0.1321, ""z"": -0.7894}, {""x"": 0.0526, ""y"": -0.1982, ""z"": -0.7035}, {""x"": 0.0578, ""y"": -0.1749, ""z"": -0.7588}, {""x"": 0.0674, ""y"": -0.1546, ""z"": -0.7784}, {""x"": 0.077, ""y"": -0.1388, ""z"": -0.7842}, {""x"": 0.0685, ""y"": -0.1982, ""z"": -0.7044}, {""x"": 0.072, ""y"": -0.1774, ""z"": -0.752}, {""x"": 0.0752, ""y"": -0.161, ""z"": -0.7676}, {""x"": 0.0777, ""y"": -0.1476, ""z"": -0.7705}], ""palm_normal"": [0.449, -0.796, 0.406], ""finger_dir"": [0.687, 0.016, -0.726], ""finger_curl"": [0.044, 0.178, 0.131, 0.118, 0.086], ""pinch_m"": [0.041, 0.06, 0.076, 0.077], ""grip_aperture_m"": 0.041, ""gesture"": ""OPEN"", ""gesture_id"": 2, ""is_grab"": false}}"
1781631405.0552285,True,True,"{""t"": 1781631405079.0, ""seq"": 1667, ""fps"": 23.6, ""frame_info"": {""origin"": ""camera"", ""x"": ""right"", ""y"": ""up"", ""z"": ""away_from_camera"", ""units"": ""cm""}, ""calibration_info"": {""hand_size_cm"": 8, ""fov_deg"": 75, ""shoulder_width_cm"": 40}, ""landmark_names"": [""hand_joints"", ""body_joints""], ""body_landmarks"": [{""joint_name"": ""shoulder_L"", ""x"": -0.024, ""y"": -0.1894, ""z"": 0.3046}, {""joint_name"": ""shoulder_R"", ""x"": 0.024, ""y"": 0.1894, ""z"": 0.3243}, {""joint_name"": ""elbow_L"", ""x"": 0.0604, ""y"": -0.1115, ""z"": -0.1493}, {""joint_name"": ""elbow_R"", ""x"": 0.0802, ""y"": 0.2543, ""z"": -0.1412}, {""joint_name"": ""wrist_L"", ""x"": 0.1384, ""y"": -0.0395, ""z"": -0.5689}, {""joint_name"": ""wrist_R"", ""x"": 0.1323, ""y"": 0.3145, ""z"": -0.5714}], ""left_hand"": {""present"": true, ""confidence"": 0.968, ""depth_m"": 1.417, ""wrist_m"": {""x"": 0.0335, ""y"": 0.3092, ""z"": -0.5927}, ""joints_m"": [{""x"": 0.0731, ""y"": 0.3236, ""z"": -0.6078}, {""x"": 0.0528, ""y"": 0.2822, ""z"": -0.6218}, {""x"": 0.0373, ""y"": 0.2543, ""z"": -0.668}, {""x"": 0.0177, ""y"": 0.2327, ""z"": -0.7098}, {""x"": 0.0045, ""y"": 0.2166, ""z"": -0.7382}, {""x"": 0.0163, ""y"": 0.2807, ""z"": -0.7247}, {""x"": 0.0217, ""y"": 0.2531, ""z"": -0.7845}, {""x"": 0.0318, ""y"": 0.236, ""z"": -0.7859}, {""x"": 0.0471, ""y"": 0.2309, ""z"": -0.7763}, {""x"": 0.028, ""y"": 0.2976, ""z"": -0.738}, {""x"": 0.0415, ""y"": 0.2699, ""z"": -0.7905}, {""x"": 0.0573, ""y"": 0.2555, ""z"": -0.7853}, {""x"": 0.0667, ""y"": 0.251, ""z"": -0.7713}, {""x"": 0.0447, ""y"": 0.3093, ""z"": -0.7438}, {""x"": 0.0541, ""y"": 0.2808, ""z"": -0.7831}, {""x"": 0.0699, ""y"": 0.2694, ""z"": -0.78}, {""x"": 0.0803, ""y"": 0.2674, ""z"": -0.7685}, {""x"": 0.0624, ""y"": 0.3174, ""z"": -0.7456}, {""x"": 0.0682, ""y"": 0.2932, ""z"": -0.7785}, {""x"": 0.0762, ""y"": 0.2818, ""z"": -0.7754}, {""x"": 0.0801, ""y"": 0.2771, ""z"": -0.7637}], ""palm_normal"": [-0.022, -0.976, -0.215], ""finger_dir"": [0.532, 0.171, -0.83], ""finger_curl"": [0.009, 0.183, 0.162, 0.2, 0.402], ""pinch_m"": [0.054, 0.076, 0.091, 0.097], ""grip_aperture_m"": 0.054, ""gesture"": ""OPEN"", ""gesture_id"": 2, ""is_grab"": false}, ""right_hand"": {""present"": true, ""confidence"": 0.993, ""depth_m"": 1.473, ""wrist_m"": {""x"": 0.0528, ""y"": -0.1982, ""z"": -0.5422}, ""joints_m"": [{""x"": 0.104, ""y"": -0.1962, ""z"": -0.5605}, {""x"": 0.0807, ""y"": -0.1584, ""z"": -0.5762}, {""x"": 0.0658, ""y"": -0.1361, ""z"": -0.6325}, {""x"": 0.0429, ""y"": -0.1264, ""z"": -0.6875}, {""x"": 0.0302, ""y"": -0.1187, ""z"": -0.7294}, {""x"": 0.0369, ""y"": -0.175, ""z"": -0.6705}, {""x"": 0.0389, ""y"": -0.156, ""z"": -0.7465}, {""x"": 0.0491, ""y"": -0.1362, ""z"": -0.7713}, {""x"": 0.0628, ""y"": -0.1212, ""z"": -0.7806}, {""x"": 0.0468, ""y"": -0.1909, ""z"": -0.6851}, {""x"": 0.0563, ""y"": -0.1659, ""z"": -0.7606}, {""x"": 0.0683, ""y"": -0.1435, ""z"": -0.7801}, {""x"": 0.0786, ""y"": -0.1278, ""z"": -0.7832}, {""x"": 0.0628, ""y"": -0.1989, ""z"": -0.6945}, {""x"": 0.069, ""y"": -0.1724, ""z"": -0.7568}, {""x"": 0.0818, ""y"": -0.1518, ""z"": -0.7749}, {""x"": 0.0952, ""y"": -0.1373, ""z"": -0.779}, {""x"": 0.0789, ""y"": -0.2011, ""z"": -0.6993}, {""x"": 0.0833, ""y"": -0.1775, ""z"": -0.7511}, {""x"": 0.0908, ""y"": -0.1601, ""z"": -0.7662}, {""x"": 0.0959, ""y"": -0.1475, ""z"": -0.7677}], ""palm_normal"": [0.392, -0.785, 0.479], ""finger_dir"": [0.857, 0.123, -0.5], ""finger_curl"": [0.028, 0.231, 0.167, 0.172, 0.105], ""pinch_m"": [0.043, 0.06, 0.076, 0.078], ""grip_aperture_m"": 0.043, ""gesture"": ""OPEN"", ""gesture_id"": 2, ""is_grab"": false}}"
1781631405.0979373,True,True,"{""t"": 1781631405120.0, ""seq"": 1668, ""fps"": 23.6, ""frame_info"": {""origin"": ""camera"", ""x"": ""right"", ""y"": ""up"", ""z"": ""away_from_camera"", ""units"": ""cm""}, ""calibration_info"": {""hand_size_cm"": 8, ""fov_deg"": 75, ""shoulder_width_cm"": 40}, ""landmark_names"": [""hand_joints"", ""body_joints""], ""body_landmarks"": [{""joint_name"": ""shoulder_L"", ""x"": -0.0222, ""y"": -0.1893, ""z"": 0.3122}, {""joint_name"": ""shoulder_R"", ""x"": 0.0222, ""y"": 0.1893, ""z"": 0.3296}, {""joint_name"": ""elbow_L"", ""x"": 0.0615, ""y"": -0.1341, ""z"": -0.1441}, {""joint_name"": ""elbow_R"", ""x"": 0.0726, ""y"": 0.2515, ""z"": -0.1544}, {""joint_name"": ""wrist_L"", ""x"": 0.1389, ""y"": -0.0834, ""z"": -0.5659}, {""joint_name"": ""wrist_R"", ""x"": 0.1196, ""y"": 0.3092, ""z"": -0.6016}], ""left_hand"": {""present"": true, ""confidence"": 0.979, ""depth_m"": 1.397, ""wrist_m"": {""x"": 0.0245, ""y"": 0.2964, ""z"": -0.613}, ""joints_m"": [{""x"": 0.0633, ""y"": 0.3109, ""z"": -0.6288}, {""x"": 0.0416, ""y"": 0.2696, ""z"": -0.6478}, {""x"": 0.0246, ""y"": 0.2436, ""z"": -0.6979}, {""x"": 0.0048, ""y"": 0.2239, ""z"": -0.7424}, {""x"": -0.0067, ""y"": 0.2103, ""z"": -0.775}, {""x"": 0.0058, ""y"": 0.2762, ""z"": -0.7523}, {""x"": 0.0118, ""y"": 0.2514, ""z"": -0.8191}, {""x"": 0.0221, ""y"": 0.2336, ""z"": -0.8239}, {""x"": 0.0378, ""y"": 0.2274, ""z"": -0.8162}, {""x"": 0.0188, ""y"": 0.2933, ""z"": -0.7624}, {""x"": 0.0331, ""y"": 0.2679, ""z"": -0.823}, {""x"": 0.0482, ""y"": 0.2509, ""z"": -0.8225}, {""x"": 0.0584, ""y"": 0.2439, ""z"": -0.8112}, {""x"": 0.0369, ""y"": 0.3045, ""z"": -0.7664}, {""x"": 0.0458, ""y"": 0.2775, ""z"": -0.8112}, {""x"": 0.0614, ""y"": 0.2639, ""z"": -0.8123}, {""x"": 0.0716, ""y"": 0.2592, ""z"": -0.8027}, {""x"": 0.0551, ""y"": 0.3116, ""z"": -0.7664}, {""x"": 0.0607, ""y"": 0.2892, ""z"": -0.8042}, {""x"": 0.0684, ""y"": 0.2767, ""z"": -0.8039}, {""x"": 0.0726, ""y"": 0.2704, ""z"": -0.7937}], ""palm_normal"": [0.013, -0.986, -0.167], ""finger_dir"": [0.541, 0.147, -0.828], ""finger_curl"": [0.014, 0.152, 0.121, 0.112, 0.419], ""pinch_m"": [0.051, 0.072, 0.086, 0.094], ""grip_aperture_m"": 0.051, ""gesture"": ""OPEN"", ""gesture_id"": 2, ""is_grab"": false}, ""right_hand"": {""present"": true, ""confidence"": 0.991, ""depth_m"": 1.478, ""wrist_m"": {""x"": 0.0624, ""y"": -0.198, ""z"": -0.535}, ""joints_m"": [{""x"": 0.1206, ""y"": -0.1953, ""z"": -0.5556}, {""x"": 0.0973, ""y"": -0.155, ""z"": -0.5714}, {""x"": 0.0813, ""y"": -0.1317, ""z"": -0.6286}, {""x"": 0.0569, ""y"": -0.122, ""z"": -0.6859}, {""x"": 0.0418, ""y"": -0.1151, ""z"": -0.7288}, {""x"": 0.0475, ""y"": -0.1726, ""z"": -0.6587}, {""x"": 0.0499, ""y"": -0.1519, ""z"": -0.7396}, {""x"": 0.062, ""y"": -0.1318, ""z"": -0.7665}, {""x"": 0.079, ""y"": -0.1164, ""z"": -0.7766}, {""x"": 0.0562, ""y"": -0.1909, ""z"": -0.6754}, {""x"": 0.0662, ""y"": -0.1638, ""z"": -0.7568}, {""x"": 0.0807, ""y"": -0.1409, ""z"": -0.7784}, {""x"": 0.0944, ""y"": -0.125, ""z"": -0.7822}, {""x"": 0.0714, ""y"": -0.201, ""z"": -0.6873}, {""x"": 0.0784, ""y"": -0.1722, ""z"": -0.7542}, {""x"": 0.0936, ""y"": -0.1512, ""z"": -0.7732}, {""x"": 0.1097, ""y"": -0.1368, ""z"": -0.7778}, {""x"": 0.0879, ""y"": -0.205, ""z"": -0.6945}, {""x"": 0.093, ""y"": -0.179, ""z"": -0.7484}, {""x"": 0.1035, ""y"": -0.1612, ""z"": -0.7628}, {""x"": 0.1103, ""y"": -0.1494, ""z"": -0.7631}], ""palm_normal"": [0.428, -0.662, 0.615], ""finger_dir"": [0.852, 0.068, -0.52], ""finger_curl"": [0.021, 0.217, 0.153, 0.167, 0.147], ""pinch_m"": [0.048, 0.063, 0.079, 0.082], ""grip_aperture_m"": 0.048, ""gesture"": ""OPEN"", ""gesture_id"": 2, ""is_grab"": false}}"
1781631405.1357412,True,True,"{""t"": 1781631405158.0, ""seq"": 1669, ""fps"": 23.9, ""frame_info"": {""origin"": ""camera"", ""x"": ""right"", ""y"": ""up"", ""z"": ""away_from_camera"", ""units"": ""cm""}, ""calibration_info"": {""hand_size_cm"": 8, ""fov_deg"": 75, ""shoulder_width_cm"": 40}, ""landmark_names"": [""hand_joints"", ""body_joints""], ""body_landmarks"": [{""joint_name"": ""shoulder_L"", ""x"": -0.0199, ""y"": -0.1883, ""z"": 0.3179}, {""joint_name"": ""shoulder_R"", ""x"": 0.0199, ""y"": 0.1883, ""z"": 0.333}, {""joint_name"": ""elbow_L"", ""x"": 0.0738, ""y"": -0.1509, ""z"": -0.1381}, {""joint_name"": ""elbow_R"", ""x"": 0.0672, ""y"": 0.2465, ""z"": -0.1647}, {""joint_name"": ""wrist_L"", ""x"": 0.1601, ""y"": -0.1166, ""z"": -0.5594}, {""joint_name"": ""wrist_R"", ""x"": 0.1109, ""y"": 0.3005, ""z"": -0.6245}], ""left_hand"": {""present"": true, ""confidence"": 0.972, ""depth_m"": 1.374, ""wrist_m"": {""x"": 0.0266, ""y"": 0.2835, ""z"": -0.627}, ""joints_m"": [{""x"": 0.0652, ""y"": 0.2981, ""z"": -0.6436}, {""x"": 0.0433, ""y"": 0.2573, ""z"": -0.6669}, {""x"": 0.0258, ""y"": 0.2327, ""z"": -0.7188}, {""x"": 0.0055, ""y"": 0.2142, ""z"": -0.7638}, {""x"": -0.0064, ""y"": 0.2021, ""z"": -0.7972}, {""x"": 0.0075, ""y"": 0.2686, ""z"": -0.7712}, {""x"": 0.0134, ""y"": 0.2455, ""z"": -0.8421}, {""x"": 0.024, ""y"": 0.2275, ""z"": -0.8484}, {""x"": 0.0409, ""y"": 0.2211, ""z"": -0.8421}, {""x"": 0.0209, ""y"": 0.2856, ""z"": -0.7792}, {""x"": 0.0348, ""y"": 0.2619, ""z"": -0.8456}, {""x"": 0.0503, ""y"": 0.2439, ""z"": -0.8476}, {""x"": 0.0611, ""y"": 0.2356, ""z"": -0.8376}, {""x"": 0.0393, ""y"": 0.2963, ""z"": -0.7824}, {""x"": 0.0478, ""y"": 0.271, ""z"": -0.8325}, {""x"": 0.0627, ""y"": 0.2561, ""z"": -0.8356}, {""x"": 0.0731, ""y"": 0.25, ""z"": -0.8272}, {""x"": 0.0579, ""y"": 0.3029, ""z"": -0.7822}, {""x"": 0.063, ""y"": 0.282, ""z"": -0.8244}, {""x"": 0.0702, ""y"": 0.2688, ""z"": -0.8259}, {""x"": 0.0746, ""y"": 0.2614, ""z"": -0.8167}], ""palm_normal"": [0.002, -0.989, -0.147], ""finger_dir"": [0.544, 0.124, -0.83], ""finger_curl"": [0.003, 0.17, 0.137, 0.155, 0.424], ""pinch_m"": [0.055, 0.074, 0.084, 0.09], ""grip_aperture_m"": 0.055, ""gesture"": ""OPEN"", ""gesture_id"": 2, ""is_grab"": false}, ""right_hand"": {""present"": true, ""confidence"": 0.987, ""depth_m"": 1.467, ""wrist_m"": {""x"": 0.0809, ""y"": -0.1998, ""z"": -0.5283}, ""joints_m"": [{""x"": 0.1452, ""y"": -0.1966, ""z"": -0.551}, {""x"": 0.1216, ""y"": -0.1547, ""z"": -0.5663}, {""x"": 0.105, ""y"": -0.1306, ""z"": -0.6246}, {""x"": 0.0794, ""y"": -0.1212, ""z"": -0.6837}, {""x"": 0.0625, ""y"": -0.115, ""z"": -0.7276}, {""x"": 0.067, ""y"": -0.171, ""z"": -0.647}, {""x"": 0.0697, ""y"": -0.1501, ""z"": -0.7329}, {""x"": 0.0827, ""y"": -0.1305, ""z"": -0.7625}, {""x"": 0.1019, ""y"": -0.1154, ""z"": -0.7744}, {""x"": 0.0744, ""y"": -0.1911, ""z"": -0.6649}, {""x"": 0.0844, ""y"": -0.1633, ""z"": -0.7521}, {""x"": 0.101, ""y"": -0.1404, ""z"": -0.7768}, {""x"": 0.1174, ""y"": -0.1248, ""z"": -0.7826}, {""x"": 0.0888, ""y"": -0.2032, ""z"": -0.6789}, {""x"": 0.096, ""y"": -0.1734, ""z"": -0.7502}, {""x"": 0.1128, ""y"": -0.1523, ""z"": -0.771}, {""x"": 0.1313, ""y"": -0.1382, ""z"": -0.7774}, {""x"": 0.1057, ""y"": -0.2092, ""z"": -0.6884}, {""x"": 0.1111, ""y"": -0.1822, ""z"": -0.7444}, {""x"": 0.1239, ""y"": -0.1641, ""z"": -0.7595}, {""x"": 0.132, ""y"": -0.1527, ""z"": -0.7602}], ""palm_normal"": [0.389, -0.664, 0.639], ""finger_dir"": [0.892, 0.099, -0.441], ""finger_curl"": [0.021, 0.189, 0.136, 0.155, 0.126], ""pinch_m"": [0.045, 0.061, 0.074, 0.079], ""grip_aperture_m"": 0.045, ""gesture"": ""OPEN"", ""gesture_id"": 2, ""is_grab"": false}}"
1781631405.1702642,True,True,"{""t"": 1781631405192.0, ""seq"": 1670, ""fps"": 24.3, ""frame_info"": {""origin"": ""camera"", ""x"": ""right"", ""y"": ""up"", ""z"": ""away_from_camera"", ""units"": ""cm""}, ""calibration_info"": {""hand_size_cm"": 8, ""fov_deg"": 75, ""shoulder_width_cm"": 40}, ""landmark_names"": [""hand_joints"", ""body_joints""], ""body_landmarks"": [{""joint_name"": ""shoulder_L"", ""x"": -0.0183, ""y"": -0.1876, ""z"": 0.3218}, {""joint_name"": ""shoulder_R"", ""x"": 0.0183, ""y"": 0.1876, ""z"": 0.3354}, {""joint_name"": ""elbow_L"", ""x"": 0.0824, ""y"": -0.1626, ""z"": -0.1339}, {""joint_name"": ""elbow_R"", ""x"": 0.0634, ""y"": 0.2431, ""z"": -0.172}, {""joint_name"": ""wrist_L"", ""x"": 0.1749, ""y"": -0.1398, ""z"": -0.5547}, {""joint_name"": ""wrist_R"", ""x"": 0.1048, ""y"": 0.2943, ""z"": -0.6405}], ""left_hand"": {""present"": true, ""confidence"": 0.973, ""depth_m"": 1.349, ""wrist_m"": {""x"": 0.0206, ""y"": 0.2691, ""z"": -0.6382}, ""joints_m"": [{""x"": 0.0594, ""y"": 0.2839, ""z"": -0.6555}, {""x"": 0.0396, ""y"": 0.2449, ""z"": -0.6841}, {""x"": 0.0237, ""y"": 0.222, ""z"": -0.7365}, {""x"": 0.0032, ""y"": 0.2045, ""z"": -0.7806}, {""x"": -0.0099, ""y"": 0.1925, ""z"": -0.8139}, {""x"": 0.0042, ""y"": 0.2597, ""z"": -0.7851}, {""x"": 0.0096, ""y"": 0.2374, ""z"": -0.8576}, {""x"": 0.0206, ""y"": 0.2195, ""z"": -0.8659}, {""x"": 0.0379, ""y"": 0.2127, ""z"": -0.8608}, {""x"": 0.0151, ""y"": 0.2759, ""z"": -0.7915}, {""x"": 0.0285, ""y"": 0.2525, ""z"": -0.861}, {""x"": 0.0451, ""y"": 0.2345, ""z"": -0.8654}, {""x"": 0.0565, ""y"": 0.2256, ""z"": -0.8561}, {""x"": 0.0316, ""y"": 0.2856, ""z"": -0.794}, {""x"": 0.0401, ""y"": 0.2607, ""z"": -0.8488}, {""x"": 0.0555, ""y"": 0.2454, ""z"": -0.8538}, {""x"": 0.0666, ""y"": 0.2386, ""z"": -0.8464}, {""x"": 0.0488, ""y"": 0.2909, ""z"": -0.7934}, {""x"": 0.0538, ""y"": 0.271, ""z"": -0.8398}, {""x"": 0.0619, ""y"": 0.2577, ""z"": -0.844}, {""x"": 0.0671, ""y"": 0.2498, ""z"": -0.8364}], ""palm_normal"": [-0.235, -0.916, -0.324], ""finger_dir"": [0.531, 0.158, -0.832], ""finger_curl"": [0.013, 0.204, 0.187, 0.2, 0.313], ""pinch_m"": [0.05, 0.065, 0.073, 0.074], ""grip_aperture_m"": 0.05, ""gesture"": ""OPEN"", ""gesture_id"": 2, ""is_grab"": false}, ""right_hand"": {""present"": true, ""confidence"": 0.992, ""depth_m"": 1.467, ""wrist_m"": {""x"": 0.0938, ""y"": -0.2031, ""z"": -0.5242}, ""joints_m"": [{""x"": 0.1614, ""y"": -0.1997, ""z"": -0.548}, {""x"": 0.1384, ""y"": -0.1564, ""z"": -0.5634}, {""x"": 0.121, ""y"": -0.132, ""z"": -0.6239}, {""x"": 0.0952, ""y"": -0.123, ""z"": -0.6845}, {""x"": 0.078, ""y"": -0.1175, ""z"": -0.7298}, {""x"": 0.0809, ""y"": -0.1708, ""z"": -0.64}, {""x"": 0.0834, ""y"": -0.1508, ""z"": -0.7297}, {""x"": 0.0964, ""y"": -0.1323, ""z"": -0.7623}, {""x"": 0.1169, ""y"": -0.1182, ""z"": -0.7756}, {""x"": 0.0872, ""y"": -0.1923, ""z"": -0.6586}, {""x"": 0.0972, ""y"": -0.1646, ""z"": -0.7504}, {""x"": 0.1145, ""y"": -0.1427, ""z"": -0.7761}, {""x"": 0.132, ""y"": -0.1283, ""z"": -0.7824}, {""x"": 0.1012, ""y"": -0.2061, ""z"": -0.674}, {""x"": 0.1082, ""y"": -0.1762, ""z"": -0.7493}, {""x"": 0.1255, ""y"": -0.1558, ""z"": -0.7703}, {""x"": 0.1454, ""y"": -0.1427, ""z"": -0.7769}, {""x"": 0.1179, ""y"": -0.2137, ""z"": -0.6853}, {""x"": 0.1231, ""y"": -0.1862, ""z"": -0.742}, {""x"": 0.137, ""y"": -0.1682, ""z"": -0.7574}, {""x"": 0.1467, ""y"": -0.1574, ""z"": -0.7593}], ""palm_normal"": [0.363, -0.743, 0.562], ""finger_dir"": [0.892, 0.103, -0.44], ""finger_curl"": [0.013, 0.188, 0.139, 0.181, 0.163], ""pinch_m"": [0.038, 0.053, 0.067, 0.072], ""grip_aperture_m"": 0.038, ""gesture"": ""OPEN"", ""gesture_id"": 2, ""is_grab"": false}}"
1781631405.2058637,True,True,"{""t"": 1781631405227.0, ""seq"": 1671, ""fps"": 24.5, ""frame_info"": {""origin"": ""camera"", ""x"": ""right"", ""y"": ""up"", ""z"": ""away_from_camera"", ""units"": ""cm""}, ""calibration_info"": {""hand_size_cm"": 8, ""fov_deg"": 75, ""shoulder_width_cm"": 40}, ""landmark_names"": [""hand_joints"", ""body_joints""], ""body_landmarks"": [{""joint_name"": ""shoulder_L"", ""x"": -0.0171, ""y"": -0.1871, ""z"": 0.3246}, {""joint_name"": ""shoulder_R"", ""x"": 0.0171, ""y"": 0.1871, ""z"": 0.3371}, {""joint_name"": ""elbow_L"", ""x"": 0.0884, ""y"": -0.1708, ""z"": -0.1309}, {""joint_name"": ""elbow_R"", ""x"": 0.0607, ""y"": 0.2407, ""z"": -0.1771}, {""joint_name"": ""wrist_L"", ""x"": 0.1853, ""y"": -0.1561, ""z"": -0.5515}, {""joint_name"": ""wrist_R"", ""x"": 0.1005, ""y"": 0.29, ""z"": -0.6518}], ""left_hand"": {""present"": true, ""confidence"": 0.986, ""depth_m"": 1.331, ""wrist_m"": {""x"": 0.0111, ""y"": 0.2555, ""z"": -0.6468}, ""joints_m"": [{""x"": 0.0525, ""y"": 0.2713, ""z"": -0.6662}, {""x"": 0.0311, ""y"": 0.2321, ""z"": -0.6948}, {""x"": 0.014, ""y"": 0.2099, ""z"": -0.7478}, {""x"": -0.0076, ""y"": 0.1933, ""z"": -0.7919}, {""x"": -0.0211, ""y"": 0.1817, ""z"": -0.8253}, {""x"": -0.0066, ""y"": 0.2487, ""z"": -0.7917}, {""x"": -0.0013, ""y"": 0.2281, ""z"": -0.8666}, {""x"": 0.0103, ""y"": 0.2103, ""z"": -0.8776}, {""x"": 0.0286, ""y"": 0.2035, ""z"": -0.8747}, {""x"": 0.0052, ""y"": 0.2654, ""z"": -0.7981}, {""x"": 0.0186, ""y"": 0.2429, ""z"": -0.8705}, {""x"": 0.0362, ""y"": 0.2245, ""z"": -0.8773}, {""x"": 0.048, ""y"": 0.2155, ""z"": -0.8694}, {""x"": 0.0229, ""y"": 0.2754, ""z"": -0.8014}, {""x"": 0.0314, ""y"": 0.2513, ""z"": -0.8594}, {""x"": 0.0469, ""y"": 0.2355, ""z"": -0.8659}, {""x"": 0.0581, ""y"": 0.2285, ""z"": -0.8592}, {""x"": 0.0413, ""y"": 0.2809, ""z"": -0.8018}, {""x"": 0.046, ""y"": 0.2617, ""z"": -0.851}, {""x"": 0.0541, ""y"": 0.2481, ""z"": -0.8563}, {""x"": 0.0596, ""y"": 0.2401, ""z"": -0.8494}], ""palm_normal"": [-0.058, -0.966, -0.252], ""finger_dir"": [0.632, 0.159, -0.758], ""finger_curl"": [0.003, 0.208, 0.176, 0.22, 0.438], ""pinch_m"": [0.055, 0.077, 0.088, 0.096], ""grip_aperture_m"": 0.055, ""gesture"": ""OPEN"", ""gesture_id"": 2, ""is_grab"": false}, ""right_hand"": {""present"": true, ""confidence"": 0.987, ""depth_m"": 1.462, ""wrist_m"": {""x"": 0.1015, ""y"": -0.2068, ""z"": -0.5233}, ""joints_m"": [{""x"": 0.1702, ""y"": -0.2034, ""z"": -0.5476}, {""x"": 0.1488, ""y"": -0.1594, ""z"": -0.5649}, {""x"": 0.1313, ""y"": -0.1348, ""z"": -0.6261}, {""x"": 0.1054, ""y"": -0.1263, ""z"": -0.6865}, {""x"": 0.0881, ""y"": -0.1221, ""z"": -0.7321}, {""x"": 0.09, ""y"": -0.1709, ""z"": -0.6366}, {""x"": 0.0924, ""y"": -0.1518, ""z"": -0.7276}, {""x"": 0.1057, ""y"": -0.1353, ""z"": -0.7632}, {""x"": 0.1273, ""y"": -0.123, ""z"": -0.7794}, {""x"": 0.0948, ""y"": -0.1937, ""z"": -0.6549}, {""x"": 0.1042, ""y"": -0.1674, ""z"": -0.749}, {""x"": 0.1226, ""y"": -0.1477, ""z"": -0.7784}, {""x"": 0.1412, ""y"": -0.1347, ""z"": -0.7875}, {""x"": 0.1079, ""y"": -0.2093, ""z"": -0.6709}, {""x"": 0.1147, ""y"": -0.1811, ""z"": -0.7501}, {""x"": 0.1321, ""y"": -0.1621, ""z"": -0.7733}, {""x"": 0.153, ""y"": -0.1497, ""z"": -0.7817}, {""x"": 0.1244, ""y"": -0.219, ""z"": -0.6834}, {""x"": 0.1288, ""y"": -0.193, ""z"": -0.7424}, {""x"": 0.1429, ""y"": -0.1756, ""z"": -0.7596}, {""x"": 0.1539, ""y"": -0.1649, ""z"": -0.7636}], ""palm_normal"": [0.422, -0.665, 0.617], ""finger_dir"": [0.879, 0.134, -0.457], ""finger_curl"": [0.018, 0.201, 0.126, 0.17, 0.188], ""pinch_m"": [0.04, 0.052, 0.062, 0.064], ""grip_aperture_m"": 0.04, ""gesture"": ""OPEN"", ""gesture_id"": 2, ""is_grab"": false}}"
1781631405.2671647,True,True,"{""t"": 1781631405287.0, ""seq"": 1673, ""fps"": 25.2, ""frame_info"": {""origin"": ""camera"", ""x"": ""right"", ""y"": ""up"", ""z"": ""away_from_camera"", ""units"": ""cm""}, ""calibration_info"": {""hand_size_cm"": 8, ""fov_deg"": 75, ""shoulder_width_cm"": 40}, ""landmark_names"": [""hand_joints"", ""body_joints""], ""body_landmarks"": [{""joint_name"": ""shoulder_L"", ""x"": -0.0162, ""y"": -0.1872, ""z"": 0.3325}, {""joint_name"": ""shoulder_R"", ""x"": 0.0162, ""y"": 0.1872, ""z"": 0.3395}, {""joint_name"": ""elbow_L"", ""x"": 0.0925, ""y"": -0.1803, ""z"": -0.1264}, {""joint_name"": ""elbow_R"", ""x"": 0.053, ""y"": 0.2325, ""z"": -0.1822}, {""joint_name"": ""wrist_L"", ""x"": 0.1924, ""y"": -0.1745, ""z"": -0.5502}, {""joint_name"": ""wrist_R"", ""x"": 0.0868, ""y"": 0.274, ""z"": -0.6635}], ""left_hand"": {""present"": true, ""confidence"": 0.966, ""depth_m"": 1.292, ""wrist_m"": {""x"": -0.0018, ""y"": 0.239, ""z"": -0.6498}, ""joints_m"": [{""x"": 0.04, ""y"": 0.255, ""z"": -0.6698}, {""x"": 0.0197, ""y"": 0.2165, ""z"": -0.701}, {""x"": 0.0025, ""y"": 0.1947, ""z"": -0.7541}, {""x"": -0.0195, ""y"": 0.1783, ""z"": -0.7981}, {""x"": -0.0349, ""y"": 0.1662, ""z"": -0.8313}, {""x"": -0.0192, ""y"": 0.2346, ""z"": -0.7956}, {""x"": -0.0144, ""y"": 0.215, ""z"": -0.869}, {""x"": -0.0026, ""y"": 0.1983, ""z"": -0.884}, {""x"": 0.0155, ""y"": 0.1912, ""z"": -0.8853}, {""x"": -0.0079, ""y"": 0.2512, ""z"": -0.8015}, {""x"": 0.0056, ""y"": 0.2301, ""z"": -0.8742}, {""x"": 0.0233, ""y"": 0.2126, ""z"": -0.8854}, {""x"": 0.0358, ""y"": 0.2032, ""z"": -0.8823}, {""x"": 0.0096, ""y"": 0.2611, ""z"": -0.8048}, {""x"": 0.0188, ""y"": 0.239, ""z"": -0.8645}, {""x"": 0.035, ""y"": 0.2237, ""z"": -0.876}, {""x"": 0.0465, ""y"": 0.2154, ""z"": -0.8733}, {""x"": 0.0282, ""y"": 0.2662, ""z"": -0.8055}, {""x"": 0.033, ""y"": 0.2487, ""z"": -0.8566}, {""x"": 0.0411, ""y"": 0.2352, ""z"": -0.8661}, {""x"": 0.0464, ""y"": 0.2262, ""z"": -0.863}], ""palm_normal"": [-0.25, -0.893, -0.374], ""finger_dir"": [0.563, 0.18, -0.806], ""finger_curl"": [0.008, 0.144, 0.11, 0.147, 0.247], ""pinch_m"": [0.055, 0.078, 0.091, 0.091], ""grip_aperture_m"": 0.055, ""gesture"": ""OPEN"", ""gesture_id"": 2, ""is_grab"": false}, ""right_hand"": {""present"": true, ""confidence"": 0.986, ""depth_m"": 1.431, ""wrist_m"": {""x"": 0.1032, ""y"": -0.2146, ""z"": -0.5307}, ""joints_m"": [{""x"": 0.1709, ""y"": -0.2115, ""z"": -0.5552}, {""x"": 0.1499, ""y"": -0.1665, ""z"": -0.5734}, {""x"": 0.1326, ""y"": -0.1426, ""z"": -0.6358}, {""x"": 0.1072, ""y"": -0.1355, ""z"": -0.697}, {""x"": 0.09, ""y"": -0.1319, ""z"": -0.7429}, {""x"": 0.0922, ""y"": -0.1788, ""z"": -0.6475}, {""x"": 0.0946, ""y"": -0.1613, ""z"": -0.7387}, {""x"": 0.1079, ""y"": -0.1454, ""z"": -0.7767}, {""x"": 0.1298, ""y"": -0.1331, ""z"": -0.7959}, {""x"": 0.0966, ""y"": -0.203, ""z"": -0.6642}, {""x"": 0.1062, ""y"": -0.1789, ""z"": -0.7595}, {""x"": 0.1246, ""y"": -0.1595, ""z"": -0.7905}, {""x"": 0.1427, ""y"": -0.1464, ""z"": -0.8009}, {""x"": 0.1094, ""y"": -0.2196, ""z"": -0.6781}, {""x"": 0.1159, ""y"": -0.194, ""z"": -0.7589}, {""x"": 0.1332, ""y"": -0.175, ""z"": -0.7834}, {""x"": 0.1539, ""y"": -0.1625, ""z"": -0.793}, {""x"": 0.1255, ""y"": -0.2297, ""z"": -0.6885}, {""x"": 0.1295, ""y"": -0.2064, ""z"": -0.7481}, {""x"": 0.144, ""y"": -0.1891, ""z"": -0.7659}, {""x"": 0.1549, ""y"": -0.1781, ""z"": -0.7702}], ""palm_normal"": [0.415, -0.735, 0.536], ""finger_dir"": [0.842, 0.087, -0.533], ""finger_curl"": [0.008, 0.156, 0.058, 0.108, 0.21], ""pinch_m"": [0.043, 0.054, 0.065, 0.069], ""grip_aperture_m"": 0.043, ""gesture"": ""OPEN"", ""gesture_id"": 2, ""is_grab"": false}}"
1781631405.303481,True,True,"{""t"": 1781631405323.0, ""seq"": 1674, ""fps"": 25.9, ""frame_info"": {""origin"": ""camera"", ""x"": ""right"", ""y"": ""up"", ""z"": ""away_from_camera"", ""units"": ""cm""}, ""calibration_info"": {""hand_size_cm"": 8, ""fov_deg"": 75, ""shoulder_width_cm"": 40}, ""landmark_names"": [""hand_joints"", ""body_joints""], ""body_landmarks"": [{""joint_name"": ""shoulder_L"", ""x"": -0.0155, ""y"": -0.1873, ""z"": 0.338}, {""joint_name"": ""shoulder_R"", ""x"": 0.0155, ""y"": 0.1873, ""z"": 0.3411}, {""joint_name"": ""elbow_L"", ""x"": 0.0954, ""y"": -0.187, ""z"": -0.1233}, {""joint_name"": ""elbow_R"", ""x"": 0.0476, ""y"": 0.2268, ""z"": -0.1857}, {""joint_name"": ""wrist_L"", ""x"": 0.1974, ""y"": -0.1874, ""z"": -0.5492}, {""joint_name"": ""wrist_R"", ""x"": 0.0773, ""y"": 0.2627, ""z"": -0.6718}], ""left_hand"": {""present"": true, ""confidence"": 0.985, ""depth_m"": 1.279, ""wrist_m"": {""x"": -0.0147, ""y"": 0.2292, ""z"": -0.6576}, ""joints_m"": [{""x"": 0.0291, ""y"": 0.246, ""z"": -0.6793}, {""x"": 0.0102, ""y"": 0.2066, ""z"": -0.7092}, {""x"": -0.0064, ""y"": 0.1841, ""z"": -0.7628}, {""x"": -0.0289, ""y"": 0.1681, ""z"": -0.8068}, {""x"": -0.0463, ""y"": 0.155, ""z"": -0.8399}, {""x"": -0.0307, ""y"": 0.2213, ""z"": -0.8023}, {""x"": -0.0266, ""y"": 0.2039, ""z"": -0.8748}, {""x"": -0.0155, ""y"": 0.1877, ""z"": -0.8929}, {""x"": 0.0021, ""y"": 0.1803, ""z"": -0.8974}, {""x"": -0.0208, ""y"": 0.2386, ""z"": -0.8084}, {""x"": -0.0089, ""y"": 0.2195, ""z"": -0.881}, {""x"": 0.0084, ""y"": 0.2027, ""z"": -0.8971}, {""x"": 0.0221, ""y"": 0.1933, ""z"": -0.8989}, {""x"": -0.0042, ""y"": 0.2496, ""z"": -0.8125}, {""x"": 0.0044, ""y"": 0.2295, ""z"": -0.8744}, {""x"": 0.021, ""y"": 0.2148, ""z"": -0.8905}, {""x"": 0.0337, ""y"": 0.2062, ""z"": -0.8916}, {""x"": 0.0139, ""y"": 0.2558, ""z"": -0.8144}, {""x"": 0.0181, ""y"": 0.2393, ""z"": -0.8671}, {""x"": 0.0263, ""y"": 0.2255, ""z"": -0.8811}, {""x"": 0.0322, ""y"": 0.2157, ""z"": -0.8821}], ""palm_normal"": [-0.332, -0.897, -0.293], ""finger_dir"": [0.654, 0.005, -0.756], ""finger_curl"": [0.011, 0.118, 0.135, 0.185, 0.193], ""pinch_m"": [0.045, 0.066, 0.081, 0.078], ""grip_aperture_m"": 0.045, ""gesture"": ""OPEN"", ""gesture_id"": 2, ""is_grab"": false}, ""right_hand"": {""present"": true, ""confidence"": 0.975, ""depth_m"": 1.425, ""wrist_m"": {""x"": 0.1024, ""y"": -0.2212, ""z"": -0.5405}, ""joints_m"": [{""x"": 0.169, ""y"": -0.2183, ""z"": -0.5652}, {""x"": 0.1494, ""y"": -0.1727, ""z"": -0.586}, {""x"": 0.1321, ""y"": -0.1492, ""z"": -0.6497}, {""x"": 0.1067, ""y"": -0.1433, ""z"": -0.7113}, {""x"": 0.0899, ""y"": -0.14, ""z"": -0.7582}, {""x"": 0.092, ""y"": -0.1851, ""z"": -0.6603}, {""x"": 0.0942, ""y"": -0.1691, ""z"": -0.751}, {""x"": 0.1076, ""y"": -0.1544, ""z"": -0.7912}, {""x"": 0.13, ""y"": -0.1426, ""z"": -0.8134}, {""x"": 0.0959, ""y"": -0.2104, ""z"": -0.6755}, {""x"": 0.105, ""y"": -0.1891, ""z"": -0.7714}, {""x"": 0.1235, ""y"": -0.171, ""z"": -0.8062}, {""x"": 0.1421, ""y"": -0.1579, ""z"": -0.8206}, {""x"": 0.1081, ""y"": -0.2281, ""z"": -0.6877}, {""x"": 0.1138, ""y"": -0.2059, ""z"": -0.7702}, {""x"": 0.1309, ""y"": -0.1876, ""z"": -0.7992}, {""x"": 0.1517, ""y"": -0.1747, ""z"": -0.8129}, {""x"": 0.1239, ""y"": -0.2388, ""z"": -0.6967}, {""x"": 0.1273, ""y"": -0.2184, ""z"": -0.7583}, {""x"": 0.1411, ""y"": -0.2018, ""z"": -0.7795}, {""x"": 0.1518, ""y"": -0.1903, ""z"": -0.787}], ""palm_normal"": [0.431, -0.734, 0.525], ""finger_dir"": [0.835, 0.103, -0.541], ""finger_curl"": [0.002, 0.177, 0.048, 0.11, 0.157], ""pinch_m"": [0.042, 0.055, 0.062, 0.063], ""grip_aperture_m"": 0.042, ""gesture"": ""OPEN"", ""gesture_id"": 2, ""is_grab"": false}}"
1781631405.3414476,True,True,"{""t"": 1781631405360.0, ""seq"": 1675, ""fps"": 26.4, ""frame_info"": {""origin"": ""camera"", ""x"": ""right"", ""y"": ""up"", ""z"": ""away_from_camera"", ""units"": ""cm""}, ""calibration_info"": {""hand_size_cm"": 8, ""fov_deg"": 75, ""shoulder_width_cm"": 40}, ""landmark_names"": [""hand_joints"", ""body_joints""], ""body_landmarks"": [{""joint_name"": ""shoulder_L"", ""x"": -0.0148, ""y"": -0.1871, ""z"": 0.3428}, {""joint_name"": ""shoulder_R"", ""x"": 0.0148, ""y"": 0.1871, ""z"": 0.3441}, {""joint_name"": ""elbow_L"", ""x"": 0.0943, ""y"": -0.1931, ""z"": -0.1271}, {""joint_name"": ""elbow_R"", ""x"": 0.0393, ""y"": 0.2219, ""z"": -0.1888}, {""joint_name"": ""wrist_L"", ""x"": 0.1946, ""y"": -0.1994, ""z"": -0.5612}, {""joint_name"": ""wrist_R"", ""x"": 0.0625, ""y"": 0.2534, ""z"": -0.6805}], ""left_hand"": {""present"": true, ""confidence"": 0.993, ""depth_m"": 1.268, ""wrist_m"": {""x"": -0.02, ""y"": 0.2247, ""z"": -0.667}, ""joints_m"": [{""x"": 0.0259, ""y"": 0.2425, ""z"": -0.6905}, {""x"": 0.0066, ""y"": 0.2019, ""z"": -0.7198}, {""x"": -0.011, ""y"": 0.1783, ""z"": -0.773}, {""x"": -0.0346, ""y"": 0.1621, ""z"": -0.816}, {""x"": -0.0527, ""y"": 0.1486, ""z"": -0.849}, {""x"": -0.0375, ""y"": 0.2142, ""z"": -0.8101}, {""x"": -0.0323, ""y"": 0.1988, ""z"": -0.8838}, {""x"": -0.0205, ""y"": 0.183, ""z"": -0.9033}, {""x"": -0.0017, ""y"": 0.1756, ""z"": -0.9093}, {""x"": -0.0267, ""y"": 0.2329, ""z"": -0.8162}, {""x"": -0.0136, ""y"": 0.2155, ""z"": -0.8903}, {""x"": 0.0046, ""y"": 0.1992, ""z"": -0.9088}, {""x"": 0.0192, ""y"": 0.1895, ""z"": -0.9116}, {""x"": -0.0087, ""y"": 0.2456, ""z"": -0.8204}, {""x"": 0.0013, ""y"": 0.2268, ""z"": -0.8847}, {""x"": 0.0191, ""y"": 0.2127, ""z"": -0.9032}, {""x"": 0.0324, ""y"": 0.2041, ""z"": -0.9049}, {""x"": 0.0112, ""y"": 0.2537, ""z"": -0.8232}, {""x"": 0.0159, ""y"": 0.2376, ""z"": -0.877}, {""x"": 0.0247, ""y"": 0.2238, ""z"": -0.8922}, {""x"": 0.0309, ""y"": 0.2137, ""z"": -0.8936}], ""palm_normal"": [-0.298, -0.886, -0.356], ""finger_dir"": [0.696, 0.053, -0.716], ""finger_curl"": [0.008, 0.14, 0.122, 0.156, 0.257], ""pinch_m"": [0.058, 0.083, 0.102, 0.103], ""grip_aperture_m"": 0.058, ""gesture"": ""OPEN"", ""gesture_id"": 2, ""is_grab"": false}, ""right_hand"": {""present"": true, ""confidence"": 0.975, ""depth_m"": 1.413, ""wrist_m"": {""x"": 0.1057, ""y"": -0.2256, ""z"": -0.554}, ""joints_m"": [{""x"": 0.1723, ""y"": -0.2228, ""z"": -0.5797}, {""x"": 0.1532, ""y"": -0.177, ""z"": -0.6}, {""x"": 0.1352, ""y"": -0.1536, ""z"": -0.6639}, {""x"": 0.1101, ""y"": -0.148, ""z"": -0.7261}, {""x"": 0.0927, ""y"": -0.1449, ""z"": -0.7728}, {""x"": 0.0956, ""y"": -0.1891, ""z"": -0.6752}, {""x"": 0.0977, ""y"": -0.1733, ""z"": -0.7667}, {""x"": 0.1108, ""y"": -0.1591, ""z"": -0.8089}, {""x"": 0.1331, ""y"": -0.1478, ""z"": -0.8331}, {""x"": 0.0991, ""y"": -0.2148, ""z"": -0.6903}, {""x"": 0.1071, ""y"": -0.1944, ""z"": -0.7874}, {""x"": 0.1254, ""y"": -0.1767, ""z"": -0.8245}, {""x"": 0.1444, ""y"": -0.1635, ""z"": -0.8416}, {""x"": 0.1113, ""y"": -0.2327, ""z"": -0.7028}, {""x"": 0.1156, ""y"": -0.2121, ""z"": -0.7873}, {""x"": 0.1319, ""y"": -0.1939, ""z"": -0.8183}, {""x"": 0.153, ""y"": -0.1804, ""z"": -0.8342}, {""x"": 0.127, ""y"": -0.2437, ""z"": -0.7118}, {""x"": 0.1295, ""y"": -0.225, ""z"": -0.7768}, {""x"": 0.1418, ""y"": -0.2085, ""z"": -0.8003}, {""x"": 0.1531, ""y"": -0.1965, ""z"": -0.8104}], ""palm_normal"": [0.345, -0.823, 0.452], ""finger_dir"": [0.873, 0.104, -0.477], ""finger_curl"": [0.003, 0.145, 0.068, 0.174, 0.212], ""pinch_m"": [0.043, 0.054, 0.061, 0.063], ""grip_aperture_m"": 0.043, ""gesture"": ""OPEN"", ""gesture_id"": 2, ""is_grab"": false}}"
1781631405.3979235,True,True,"{""t"": 1781631405415.0, ""seq"": 1677, ""fps"": 27.1, ""frame_info"": {""origin"": ""camera"", ""x"": ""right"", ""y"": ""up"", ""z"": ""away_from_camera"", ""units"": ""cm""}, ""calibration_info"": {""hand_size_cm"": 8, ""fov_deg"": 75, ""shoulder_width_cm"": 40}, ""landmark_names"": [""hand_joints"", ""body_joints""], ""body_landmarks"": [{""joint_name"": ""shoulder_L"", ""x"": -0.0142, ""y"": -0.1869, ""z"": 0.3462}, {""joint_name"": ""shoulder_R"", ""x"": 0.0142, ""y"": 0.1869, ""z"": 0.3462}, {""joint_name"": ""elbow_L"", ""x"": 0.0936, ""y"": -0.1974, ""z"": -0.1298}, {""joint_name"": ""elbow_R"", ""x"": 0.0335, ""y"": 0.2185, ""z"": -0.191}, {""joint_name"": ""wrist_L"", ""x"": 0.1926, ""y"": -0.2079, ""z"": -0.5695}, {""joint_name"": ""wrist_R"", ""x"": 0.0522, ""y"": 0.2468, ""z"": -0.6867}], ""left_hand"": {""present"": true, ""confidence"": 0.995, ""depth_m"": 1.247, ""wrist_m"": {""x"": -0.03, ""y"": 0.2248, ""z"": -0.679}, ""joints_m"": [{""x"": 0.0187, ""y"": 0.244, ""z"": -0.7048}, {""x"": -0.0005, ""y"": 0.2025, ""z"": -0.7328}, {""x"": -0.0183, ""y"": 0.1783, ""z"": -0.787}, {""x"": -0.042, ""y"": 0.1629, ""z"": -0.831}, {""x"": -0.0615, ""y"": 0.15, ""z"": -0.8627}, {""x"": -0.0474, ""y"": 0.2121, ""z"": -0.8187}, {""x"": -0.0419, ""y"": 0.1993, ""z"": -0.8953}, {""x"": -0.0305, ""y"": 0.1844, ""z"": -0.9207}, {""x"": -0.0117, ""y"": 0.1776, ""z"": -0.933}, {""x"": -0.0368, ""y"": 0.2326, ""z"": -0.826}, {""x"": -0.0245, ""y"": 0.2176, ""z"": -0.9024}, {""x"": -0.0061, ""y"": 0.2026, ""z"": -0.9279}, {""x"": 0.0086, ""y"": 0.1932, ""z"": -0.9362}, {""x"": -0.0192, ""y"": 0.2472, ""z"": -0.8319}, {""x"": -0.0095, ""y"": 0.2306, ""z"": -0.8991}, {""x"": 0.0084, ""y"": 0.2174, ""z"": -0.9228}, {""x"": 0.0219, ""y"": 0.2088, ""z"": -0.9289}, {""x"": 0.0012, ""y"": 0.2573, ""z"": -0.837}, {""x"": 0.0053, ""y"": 0.2427, ""z"": -0.8927}, {""x"": 0.0138, ""y"": 0.2289, ""z"": -0.9117}, {""x"": 0.0197, ""y"": 0.2182, ""z"": -0.9167}], ""palm_normal"": [-0.262, -0.903, -0.34], ""finger_dir"": [0.762, 0.023, -0.647], ""finger_curl"": [0.011, 0.051, 0.042, 0.127, 0.123], ""pinch_m"": [0.051, 0.071, 0.084, 0.083], ""grip_aperture_m"": 0.051, ""gesture"": ""OPEN"", ""gesture_id"": 2, ""is_grab"": false}, ""right_hand"": {""present"": true, ""confidence"": 0.985, ""depth_m"": 1.398, ""wrist_m"": {""x"": 0.1033, ""y"": -0.2306, ""z"": -0.5778}, ""joints_m"": [{""x"": 0.1704, ""y"": -0.2281, ""z"": -0.605}, {""x"": 0.1523, ""y"": -0.182, ""z"": -0.6244}, {""x"": 0.1344, ""y"": -0.1581, ""z"": -0.688}, {""x"": 0.1092, ""y"": -0.1526, ""z"": -0.7499}, {""x"": 0.0911, ""y"": -0.1506, ""z"": -0.7954}, {""x"": 0.0945, ""y"": -0.1925, ""z"": -0.6966}, {""x"": 0.0956, ""y"": -0.1774, ""z"": -0.7896}, {""x"": 0.1095, ""y"": -0.1645, ""z"": -0.8355}, {""x"": 0.1322, ""y"": -0.1548, ""z"": -0.864}, {""x"": 0.0969, ""y"": -0.2188, ""z"": -0.7125}, {""x"": 0.1042, ""y"": -0.1996, ""z"": -0.813}, {""x"": 0.1233, ""y"": -0.183, ""z"": -0.852}, {""x"": 0.1426, ""y"": -0.1712, ""z"": -0.8695}, {""x"": 0.1082, ""y"": -0.2377, ""z"": -0.7265}, {""x"": 0.1119, ""y"": -0.2192, ""z"": -0.8159}, {""x"": 0.1282, ""y"": -0.2019, ""z"": -0.8481}, {""x"": 0.1498, ""y"": -0.1895, ""z"": -0.8639}, {""x"": 0.1232, ""y"": -0.2498, ""z"": -0.7377}, {""x"": 0.1247, ""y"": -0.2344, ""z"": -0.8071}, {""x"": 0.1364, ""y"": -0.2194, ""z"": -0.8326}, {""x"": 0.1486, ""y"": -0.2083, ""z"": -0.8445}], ""palm_normal"": [0.253, -0.919, 0.303], ""finger_dir"": [0.912, 0.121, -0.392], ""finger_curl"": [0.014, 0.281, 0.089, 0.201, 0.272], ""pinch_m"": [0.045, 0.053, 0.059, 0.059], ""grip_aperture_m"": 0.045, ""gesture"": ""OPEN"", ""gesture_id"": 2, ""is_grab"": false}}"
1781631405.4682636,True,True,"{""t"": 1781631405485.0, ""seq"": 1679, ""fps"": 27.8, ""frame_info"": {""origin"": ""camera"", ""x"": ""right"", ""y"": ""up"", ""z"": ""away_from_camera"", ""units"": ""cm""}, ""calibration_info"": {""hand_size_cm"": 8, ""fov_deg"": 75, ""shoulder_width_cm"": 40}, ""landmark_names"": [""hand_joints"", ""body_joints""], ""body_landmarks"": [{""joint_name"": ""shoulder_L"", ""x"": -0.0137, ""y"": -0.1866, ""z"": 0.3416}, {""joint_name"": ""shoulder_R"", ""x"": 0.0137, ""y"": 0.1866, ""z"": 0.3476}, {""joint_name"": ""elbow_L"", ""x"": 0.1002, ""y"": -0.1979, ""z"": -0.1466}, {""joint_name"": ""elbow_R"", ""x"": 0.0362, ""y"": 0.2228, ""z"": -0.1982}, {""joint_name"": ""wrist_L"", ""x"": 0.2049, ""y"": -0.2091, ""z"": -0.5979}, {""joint_name"": ""wrist_R"", ""x"": 0.0574, ""y"": 0.2556, ""z"": -0.7021}], ""left_hand"": {""present"": true, ""confidence"": 0.98, ""depth_m"": 1.222, ""wrist_m"": {""x"": -0.024, ""y"": 0.2376, ""z"": -0.6886}, ""joints_m"": [{""x"": 0.0203, ""y"": 0.2554, ""z"": -0.7126}, {""x"": 0.0029, ""y"": 0.2146, ""z"": -0.7423}, {""x"": -0.0132, ""y"": 0.1916, ""z"": -0.7979}, {""x"": -0.0345, ""y"": 0.1784, ""z"": -0.8429}, {""x"": -0.0513, ""y"": 0.1677, ""z"": -0.8752}, {""x"": -0.0401, ""y"": 0.2255, ""z"": -0.831}, {""x"": -0.0347, ""y"": 0.2169, ""z"": -0.9056}, {""x"": -0.024, ""y"": 0.204, ""z"": -0.9339}, {""x"": -0.0068, ""y"": 0.1977, ""z"": -0.949}, {""x"": -0.0303, ""y"": 0.2467, ""z"": -0.8361}, {""x"": -0.0179, ""y"": 0.236, ""z"": -0.911}, {""x"": -0.0004, ""y"": 0.2231, ""z"": -0.94}, {""x"": 0.0135, ""y"": 0.2143, ""z"": -0.951}, {""x"": -0.014, ""y"": 0.2621, ""z"": -0.8396}, {""x"": -0.0039, ""y"": 0.2496, ""z"": -0.9067}, {""x"": 0.013, ""y"": 0.2382, ""z"": -0.9343}, {""x"": 0.0259, ""y"": 0.2298, ""z"": -0.9432}, {""x"": 0.0048, ""y"": 0.273, ""z"": -0.842}, {""x"": 0.0094, ""y"": 0.2615, ""z"": -0.8975}, {""x"": 0.0171, ""y"": 0.2491, ""z"": -0.9195}, {""x"": 0.0227, ""y"": 0.2387, ""z"": -0.927}], ""palm_normal"": [-0.471, -0.76, -0.448], ""finger_dir"": [0.527, 0.165, -0.834], ""finger_curl"": [0.007, 0.084, 0.032, 0.092, 0.084], ""pinch_m"": [0.041, 0.061, 0.072, 0.07], ""grip_aperture_m"": 0.041, ""gesture"": ""OPEN"", ""gesture_id"": 2, ""is_grab"": false}, ""right_hand"": {""present"": true, ""confidence"": 0.99, ""depth_m"": 1.334, ""wrist_m"": {""x"": 0.1026, ""y"": -0.2291, ""z"": -0.6001}, ""joints_m"": [{""x"": 0.171, ""y"": -0.2268, ""z"": -0.6296}, {""x"": 0.153, ""y"": -0.1806, ""z"": -0.6485}, {""x"": 0.1355, ""y"": -0.1563, ""z"": -0.7121}, {""x"": 0.11, ""y"": -0.1506, ""z"": -0.7726}, {""x"": 0.0915, ""y"": -0.1493, ""z"": -0.8177}, {""x"": 0.0946, ""y"": -0.1895, ""z"": -0.7159}, {""x"": 0.0947, ""y"": -0.1764, ""z"": -0.8118}, {""x"": 0.1078, ""y"": -0.1648, ""z"": -0.8619}, {""x"": 0.1311, ""y"": -0.1553, ""z"": -0.8961}, {""x"": 0.0964, ""y"": -0.2166, ""z"": -0.7314}, {""x"": 0.1021, ""y"": -0.2007, ""z"": -0.8351}, {""x"": 0.1204, ""y"": -0.1848, ""z"": -0.8794}, {""x"": 0.1405, ""y"": -0.1722, ""z"": -0.9018}, {""x"": 0.107, ""y"": -0.2367, ""z"": -0.7458}, {""x"": 0.1092, ""y"": -0.2222, ""z"": -0.8386}, {""x"": 0.1245, ""y"": -0.2052, ""z"": -0.8758}, {""x"": 0.1464, ""y"": -0.1919, ""z"": -0.8961}, {""x"": 0.1219, ""y"": -0.2498, ""z"": -0.7585}, {""x"": 0.1219, ""y"": -0.2381, ""z"": -0.8307}, {""x"": 0.1323, ""y"": -0.2236, ""z"": -0.8596}, {""x"": 0.1456, ""y"": -0.2119, ""z"": -0.8757}], ""palm_normal"": [0.204, -0.921, 0.331], ""finger_dir"": [0.945, 0.096, -0.314], ""finger_curl"": [0.027, 0.25, 0.086, 0.26, 0.313], ""pinch_m"": [0.04, 0.049, 0.054, 0.055], ""grip_aperture_m"": 0.04, ""gesture"": ""OPEN"", ""gesture_id"": 2, ""is_grab"": false}}"
1781631405.5305653,False,True,"{""t"": 1781631405546.0, ""seq"": 1681, ""fps"": 28.5, ""frame_info"": {""origin"": ""camera"", ""x"": ""right"", ""y"": ""up"", ""z"": ""away_from_camera"", ""units"": ""cm""}, ""calibration_info"": {""hand_size_cm"": 8, ""fov_deg"": 75, ""shoulder_width_cm"": 40}, ""landmark_names"": [""hand_joints"", ""body_joints""], ""body_landmarks"": [{""joint_name"": ""shoulder_L"", ""x"": -0.0137, ""y"": -0.1863, ""z"": 0.3294}, {""joint_name"": ""shoulder_R"", ""x"": 0.0137, ""y"": 0.1863, ""z"": 0.3483}, {""joint_name"": ""elbow_L"", ""x"": 0.1111, ""y"": -0.196, ""z"": -0.1696}, {""joint_name"": ""elbow_R"", ""x"": 0.0432, ""y"": 0.2326, ""z"": -0.1993}, {""joint_name"": ""wrist_L"", ""x"": 0.2258, ""y"": -0.2056, ""z"": -0.6303}, {""joint_name"": ""wrist_R"", ""x"": 0.0709, ""y"": 0.2747, ""z"": -0.7048}], ""left_hand"": {""present"": false}, ""right_hand"": {""present"": true, ""confidence"": 0.993, ""depth_m"": 1.217, ""wrist_m"": {""x"": 0.0985, ""y"": -0.2228, ""z"": -0.6065}, ""joints_m"": [{""x"": 0.1691, ""y"": -0.221, ""z"": -0.6387}, {""x"": 0.1506, ""y"": -0.1755, ""z"": -0.6578}, {""x"": 0.1337, ""y"": -0.1508, ""z"": -0.7216}, {""x"": 0.1089, ""y"": -0.1449, ""z"": -0.7812}, {""x"": 0.0883, ""y"": -0.1457, ""z"": -0.8249}, {""x"": 0.091, ""y"": -0.1849, ""z"": -0.7174}, {""x"": 0.0904, ""y"": -0.1739, ""z"": -0.8168}, {""x"": 0.103, ""y"": -0.162, ""z"": -0.8698}, {""x"": 0.1267, ""y"": -0.1513, ""z"": -0.9062}, {""x"": 0.0924, ""y"": -0.2124, ""z"": -0.7323}, {""x"": 0.0967, ""y"": -0.1992, ""z"": -0.8399}, {""x"": 0.1148, ""y"": -0.1822, ""z"": -0.8882}, {""x"": 0.1348, ""y"": -0.1681, ""z"": -0.913}, {""x"": 0.1026, ""y"": -0.2326, ""z"": -0.7477}, {""x"": 0.1042, ""y"": -0.2205, ""z"": -0.8443}, {""x"": 0.1183, ""y"": -0.2021, ""z"": -0.8849}, {""x"": 0.1404, ""y"": -0.1874, ""z"": -0.9081}, {""x"": 0.1174, ""y"": -0.2456, ""z"": -0.7624}, {""x"": 0.1169, ""y"": -0.2358, ""z"": -0.8377}, {""x"": 0.1271, ""y"": -0.2208, ""z"": -0.8698}, {""x"": 0.1407, ""y"": -0.2083, ""z"": -0.8885}], ""palm_normal"": [0.182, -0.871, 0.456], ""finger_dir"": [0.954, 0.044, -0.296], ""finger_curl"": [0.028, 0.235, 0.142, 0.187, 0.224], ""pinch_m"": [0.039, 0.046, 0.053, 0.056], ""grip_aperture_m"": 0.039, ""gesture"": ""OPEN"", ""gesture_id"": 2, ""is_grab"": false}}"
1781631405.5715182,False,True,"{""t"": 1781631405587.0, ""seq"": 1682, ""fps"": 29.0, ""frame_info"": {""origin"": ""camera"", ""x"": ""right"", ""y"": ""up"", ""z"": ""away_from_camera"", ""units"": ""cm""}, ""calibration_info"": {""hand_size_cm"": 8, ""fov_deg"": 75, ""shoulder_width_cm"": 40}, ""landmark_names"": [""hand_joints"", ""body_joints""], ""body_landmarks"": [{""joint_name"": ""shoulder_L"", ""x"": -0.0136, ""y"": -0.1861, ""z"": 0.3209}, {""joint_name"": ""shoulder_R"", ""x"": 0.0136, ""y"": 0.1861, ""z"": 0.3488}, {""joint_name"": ""elbow_L"", ""x"": 0.1187, ""y"": -0.1946, ""z"": -0.1856}, {""joint_name"": ""elbow_R"", ""x"": 0.0481, ""y"": 0.2395, ""z"": -0.2001}, {""joint_name"": ""wrist_L"", ""x"": 0.2404, ""y"": -0.2032, ""z"": -0.653}, {""joint_name"": ""wrist_R"", ""x"": 0.0804, ""y"": 0.2882, ""z"": -0.7066}], ""left_hand"": {""present"": false}, ""right_hand"": {""present"": true, ""confidence"": 0.994, ""depth_m"": 1.214, ""wrist_m"": {""x"": 0.0948, ""y"": -0.2227, ""z"": -0.6116}, ""joints_m"": [{""x"": 0.1645, ""y"": -0.2215, ""z"": -0.6446}, {""x"": 0.1467, ""y"": -0.176, ""z"": -0.6648}, {""x"": 0.1299, ""y"": -0.1507, ""z"": -0.728}, {""x"": 0.1064, ""y"": -0.1442, ""z"": -0.7879}, {""x"": 0.0857, ""y"": -0.1455, ""z"": -0.8317}, {""x"": 0.0878, ""y"": -0.1844, ""z"": -0.7225}, {""x"": 0.0867, ""y"": -0.1735, ""z"": -0.8208}, {""x"": 0.0989, ""y"": -0.1622, ""z"": -0.8755}, {""x"": 0.1223, ""y"": -0.1516, ""z"": -0.9149}, {""x"": 0.0891, ""y"": -0.2121, ""z"": -0.7372}, {""x"": 0.0925, ""y"": -0.201, ""z"": -0.8441}, {""x"": 0.1107, ""y"": -0.1853, ""z"": -0.8958}, {""x"": 0.1301, ""y"": -0.1719, ""z"": -0.9235}, {""x"": 0.0988, ""y"": -0.2327, ""z"": -0.7525}, {""x"": 0.1004, ""y"": -0.223, ""z"": -0.8496}, {""x"": 0.1133, ""y"": -0.2059, ""z"": -0.8924}, {""x"": 0.1347, ""y"": -0.192, ""z"": -0.9183}, {""x"": 0.1128, ""y"": -0.246, ""z"": -0.767}, {""x"": 0.1117, ""y"": -0.2386, ""z"": -0.843}, {""x"": 0.1212, ""y"": -0.2251, ""z"": -0.8774}, {""x"": 0.1348, ""y"": -0.2134, ""z"": -0.8993}], ""palm_normal"": [0.265, -0.903, 0.339], ""finger_dir"": [0.912, 0.12, -0.393], ""finger_curl"": [0.012, 0.225, 0.103, 0.128, 0.253], ""pinch_m"": [0.035, 0.045, 0.051, 0.053], ""grip_aperture_m"": 0.035, ""gesture"": ""OPEN"", ""gesture_id"": 2, ""is_grab"": false}}"
1781631405.623409,False,True,"{""t"": 1781631405638.0, ""seq"": 1683, ""fps"": 28.7, ""frame_info"": {""origin"": ""camera"", ""x"": ""right"", ""y"": ""up"", ""z"": ""away_from_camera"", ""units"": ""cm""}, ""calibration_info"": {""hand_size_cm"": 8, ""fov_deg"": 75, ""shoulder_width_cm"": 40}, ""landmark_names"": [""hand_joints"", ""body_joints""], ""body_landmarks"": [{""joint_name"": ""shoulder_L"", ""x"": -0.0136, ""y"": -0.1859, ""z"": 0.3149}, {""joint_name"": ""shoulder_R"", ""x"": 0.0136, ""y"": 0.1859, ""z"": 0.3492}, {""joint_name"": ""elbow_L"", ""x"": 0.124, ""y"": -0.1937, ""z"": -0.1968}, {""joint_name"": ""elbow_R"", ""x"": 0.0515, ""y"": 0.2443, ""z"": -0.2007}, {""joint_name"": ""wrist_L"", ""x"": 0.2506, ""y"": -0.2015, ""z"": -0.6689}, {""joint_name"": ""wrist_R"", ""x"": 0.087, ""y"": 0.2976, ""z"": -0.7079}], ""left_hand"": {""present"": false}, ""right_hand"": {""present"": true, ""confidence"": 0.988, ""depth_m"": 1.205, ""wrist_m"": {""x"": 0.0897, ""y"": -0.2265, ""z"": -0.6168}, ""joints_m"": [{""x"": 0.1579, ""y"": -0.226, ""z"": -0.65}, {""x"": 0.1416, ""y"": -0.1805, ""z"": -0.6718}, {""x"": 0.125, ""y"": -0.1545, ""z"": -0.7349}, {""x"": 0.1028, ""y"": -0.1473, ""z"": -0.7951}, {""x"": 0.0817, ""y"": -0.1485, ""z"": -0.8385}, {""x"": 0.0835, ""y"": -0.1869, ""z"": -0.7274}, {""x"": 0.0823, ""y"": -0.1768, ""z"": -0.8234}, {""x"": 0.0947, ""y"": -0.1675, ""z"": -0.8791}, {""x"": 0.1186, ""y"": -0.159, ""z"": -0.9209}, {""x"": 0.0842, ""y"": -0.2147, ""z"": -0.7415}, {""x"": 0.0872, ""y"": -0.205, ""z"": -0.8463}, {""x"": 0.1053, ""y"": -0.1919, ""z"": -0.8997}, {""x"": 0.1244, ""y"": -0.1808, ""z"": -0.9301}, {""x"": 0.0933, ""y"": -0.2361, ""z"": -0.7568}, {""x"": 0.0948, ""y"": -0.2278, ""z"": -0.8531}, {""x"": 0.1077, ""y"": -0.2128, ""z"": -0.8973}, {""x"": 0.1286, ""y"": -0.2005, ""z"": -0.9249}, {""x"": 0.1067, ""y"": -0.2507, ""z"": -0.7714}, {""x"": 0.1053, ""y"": -0.2443, ""z"": -0.847}, {""x"": 0.1144, ""y"": -0.2325, ""z"": -0.8831}, {""x"": 0.1274, ""y"": -0.2219, ""z"": -0.9071}], ""palm_normal"": [0.375, -0.726, 0.576], ""finger_dir"": [0.886, 0.1, -0.452], ""finger_curl"": [0.01, 0.254, 0.105, 0.168, 0.191], ""pinch_m"": [0.042, 0.047, 0.053, 0.054], ""grip_aperture_m"": 0.042, ""gesture"": ""OPEN"", ""gesture_id"": 2, ""is_grab"": false}}"
1781631405.6607614,True,False,"{""t"": 1781631405674.0, ""seq"": 1684, ""fps"": 29.3, ""frame_info"": {""origin"": ""camera"", ""x"": ""right"", ""y"": ""up"", ""z"": ""away_from_camera"", ""units"": ""cm""}, ""calibration_info"": {""hand_size_cm"": 8, ""fov_deg"": 75, ""shoulder_width_cm"": 40}, ""landmark_names"": [""hand_joints"", ""body_joints""], ""body_landmarks"": [{""joint_name"": ""shoulder_L"", ""x"": -0.0127, ""y"": -0.185, ""z"": 0.3087}, {""joint_name"": ""shoulder_R"", ""x"": 0.0127, ""y"": 0.185, ""z"": 0.3557}, {""joint_name"": ""elbow_L"", ""x"": 0.1176, ""y"": -0.1941, ""z"": -0.1987}, {""joint_name"": ""elbow_R"", ""x"": 0.0635, ""y"": 0.252, ""z"": -0.1981}, {""joint_name"": ""wrist_L"", ""x"": 0.2374, ""y"": -0.2031, ""z"": -0.6671}, {""joint_name"": ""wrist_R"", ""x"": 0.1109, ""y"": 0.313, ""z"": -0.7089}], ""left_hand"": {""present"": true, ""confidence"": 0.875, ""depth_m"": 1.174, ""wrist_m"": {""x"": 0.0164, ""y"": 0.2777, ""z"": -0.6998}, ""joints_m"": [{""x"": 0.0527, ""y"": 0.2926, ""z"": -0.7198}, {""x"": 0.0371, ""y"": 0.2524, ""z"": -0.7549}, {""x"": 0.0241, ""y"": 0.2322, ""z"": -0.8145}, {""x"": 0.0076, ""y"": 0.2213, ""z"": -0.8612}, {""x"": -0.0047, ""y"": 0.2124, ""z"": -0.8931}, {""x"": 0.001, ""y"": 0.2661, ""z"": -0.8527}, {""x"": 0.0065, ""y"": 0.2594, ""z"": -0.9204}, {""x"": 0.017, ""y"": 0.2489, ""z"": -0.9393}, {""x"": 0.0339, ""y"": 0.2446, ""z"": -0.9495}, {""x"": 0.0109, ""y"": 0.2877, ""z"": -0.8545}, {""x"": 0.0219, ""y"": 0.2808, ""z"": -0.9232}, {""x"": 0.0369, ""y"": 0.2708, ""z"": -0.9431}, {""x"": 0.0489, ""y"": 0.2637, ""z"": -0.9475}, {""x"": 0.0265, ""y"": 0.304, ""z"": -0.8551}, {""x"": 0.0347, ""y"": 0.2962, ""z"": -0.9164}, {""x"": 0.0478, ""y"": 0.2865, ""z"": -0.9353}, {""x"": 0.0598, ""y"": 0.28, ""z"": -0.9392}, {""x"": 0.0431, ""y"": 0.316, ""z"": -0.8548}, {""x"": 0.0467, ""y"": 0.3086, ""z"": -0.9052}, {""x"": 0.0521, ""y"": 0.2986, ""z"": -0.9204}, {""x"": 0.0557, ""y"": 0.2894, ""z"": -0.9224}], ""palm_normal"": [-0.424, -0.85, -0.311], ""finger_dir"": [0.304, 0.189, -0.934], ""finger_curl"": [0.001, 0.229, 0.26, 0.521, 0.948], ""pinch_m"": [0.029, 0.045, 0.058, 0.064], ""grip_aperture_m"": 0.029, ""gesture"": ""OPEN"", ""gesture_id"": 2, ""is_grab"": false}, ""right_hand"": {""present"": false}}"
1781631405.7074633,False,False,"{""t"": 1781631405721.0, ""seq"": 1686, ""fps"": 30.2, ""frame_info"": {""origin"": ""camera"", ""x"": ""right"", ""y"": ""up"", ""z"": ""away_from_camera"", ""units"": ""cm""}, ""calibration_info"": {""hand_size_cm"": 8, ""fov_deg"": 75, ""shoulder_width_cm"": 40}, ""landmark_names"": [""hand_joints"", ""body_joints""], ""body_landmarks"": [{""joint_name"": ""shoulder_L"", ""x"": -0.012, ""y"": -0.1844, ""z"": 0.3043}, {""joint_name"": ""shoulder_R"", ""x"": 0.012, ""y"": 0.1844, ""z"": 0.3603}, {""joint_name"": ""elbow_L"", ""x"": 0.1131, ""y"": -0.1944, ""z"": -0.2}, {""joint_name"": ""elbow_R"", ""x"": 0.0719, ""y"": 0.2574, ""z"": -0.1963}, {""joint_name"": ""wrist_L"", ""x"": 0.2281, ""y"": -0.2043, ""z"": -0.6659}, {""joint_name"": ""wrist_R"", ""x"": 0.1276, ""y"": 0.3238, ""z"": -0.7095}], ""left_hand"": {""present"": false}, ""right_hand"": {""present"": false}}"
1781631405.7449522,False,False,"{""t"": 1781631405757.0, ""seq"": 1687, ""fps"": 29.9, ""frame_info"": {""origin"": ""camera"", ""x"": ""right"", ""y"": ""up"", ""z"": ""away_from_camera"", ""units"": ""cm""}, ""calibration_info"": {""hand_size_cm"": 8, ""fov_deg"": 75, ""shoulder_width_cm"": 40}, ""landmark_names"": [""hand_joints"", ""body_joints""], ""body_landmarks"": [{""joint_name"": ""shoulder_L"", ""x"": -0.0114, ""y"": -0.1801, ""z"": 0.2904}, {""joint_name"": ""shoulder_R"", ""x"": 0.0114, ""y"": 0.1801, ""z"": 0.3512}, {""joint_name"": ""elbow_L"", ""x"": 0.1316, ""y"": -0.1871, ""z"": -0.2063}, {""joint_name"": ""elbow_R"", ""x"": 0.0935, ""y"": 0.2696, ""z"": -0.2049}, {""joint_name"": ""wrist_L"", ""x"": 0.2635, ""y"": -0.194, ""z"": -0.665}, {""joint_name"": ""wrist_R"", ""x"": 0.1697, ""y"": 0.3518, ""z"": -0.7178}], ""left_hand"": {""present"": false}, ""right_hand"": {""present"": false}}"
1781631405.781622,False,False,"{""t"": 1781631405793.0, ""seq"": 1688, ""fps"": 29.8, ""frame_info"": {""origin"": ""camera"", ""x"": ""right"", ""y"": ""up"", ""z"": ""away_from_camera"", ""units"": ""cm""}, ""calibration_info"": {""hand_size_cm"": 8, ""fov_deg"": 75, ""shoulder_width_cm"": 40}, ""landmark_names"": [""hand_joints"", ""body_joints""], ""body_landmarks"": [{""joint_name"": ""shoulder_L"", ""x"": -0.011, ""y"": -0.1771, ""z"": 0.2807}, {""joint_name"": ""shoulder_R"", ""x"": 0.011, ""y"": 0.1771, ""z"": 0.3449}, {""joint_name"": ""elbow_L"", ""x"": 0.1446, ""y"": -0.1819, ""z"": -0.2107}, {""joint_name"": ""elbow_R"", ""x"": 0.1087, ""y"": 0.2781, ""z"": -0.2109}, {""joint_name"": ""wrist_L"", ""x"": 0.2882, ""y"": -0.1868, ""z"": -0.6644}, {""joint_name"": ""wrist_R"", ""x"": 0.1992, ""y"": 0.3713, ""z"": -0.7235}], ""left_hand"": {""present"": false}, ""right_hand"": {""present"": false}}"
1781631405.8385499,False,False,"{""t"": 1781631405849.0, ""seq"": 1690, ""fps"": 30.3, ""frame_info"": {""origin"": ""camera"", ""x"": ""right"", ""y"": ""up"", ""z"": ""away_from_camera"", ""units"": ""cm""}, ""calibration_info"": {""hand_size_cm"": 8, ""fov_deg"": 75, ""shoulder_width_cm"": 40}, ""landmark_names"": [""hand_joints"", ""body_joints""], ""body_landmarks"": [{""joint_name"": ""shoulder_L"", ""x"": -0.0111, ""y"": -0.1752, ""z"": 0.2751}, {""joint_name"": ""shoulder_R"", ""x"": 0.0111, ""y"": 0.1752, ""z"": 0.3416}, {""joint_name"": ""elbow_L"", ""x"": 0.1584, ""y"": -0.1766, ""z"": -0.2132}, {""joint_name"": ""elbow_R"", ""x"": 0.1242, ""y"": 0.2862, ""z"": -0.2145}, {""joint_name"": ""wrist_L"", ""x"": 0.3147, ""y"": -0.1782, ""z"": -0.664}, {""joint_name"": ""wrist_R"", ""x"": 0.229, ""y"": 0.3886, ""z"": -0.7276}], ""left_hand"": {""present"": false}, ""right_hand"": {""present"": false}}"
1781631405.8775945,False,False,"{""t"": 1781631405888.0, ""seq"": 1691, ""fps"": 29.9, ""frame_info"": {""origin"": ""camera"", ""x"": ""right"", ""y"": ""up"", ""z"": ""away_from_camera"", ""units"": ""cm""}, ""calibration_info"": {""hand_size_cm"": 8, ""fov_deg"": 75, ""shoulder_width_cm"": 40}, ""landmark_names"": [""hand_joints"", ""body_joints""], ""body_landmarks"": [{""joint_name"": ""shoulder_L"", ""x"": -0.0112, ""y"": -0.174, ""z"": 0.2711}, {""joint_name"": ""shoulder_R"", ""x"": 0.0112, ""y"": 0.174, ""z"": 0.3393}, {""joint_name"": ""elbow_L"", ""x"": 0.168, ""y"": -0.1728, ""z"": -0.2149}, {""joint_name"": ""elbow_R"", ""x"": 0.1351, ""y"": 0.2918, ""z"": -0.2171}, {""joint_name"": ""wrist_L"", ""x"": 0.3333, ""y"": -0.1721, ""z"": -0.6637}, {""joint_name"": ""wrist_R"", ""x"": 0.2498, ""y"": 0.4007, ""z"": -0.7304}], ""left_hand"": {""present"": false}, ""right_hand"": {""present"": false}}"
1781631405.9313266,False,False,"{""t"": 1781631405941.0, ""seq"": 1693, ""fps"": 30.3, ""frame_info"": {""origin"": ""camera"", ""x"": ""right"", ""y"": ""up"", ""z"": ""away_from_camera"", ""units"": ""cm""}, ""calibration_info"": {""hand_size_cm"": 8, ""fov_deg"": 75, ""shoulder_width_cm"": 40}, ""landmark_names"": [""hand_joints"", ""body_joints""], ""body_landmarks"": [{""joint_name"": ""shoulder_L"", ""x"": -0.0104, ""y"": -0.1707, ""z"": 0.2624}, {""joint_name"": ""shoulder_R"", ""x"": 0.0104, ""y"": 0.1707, ""z"": 0.3341}, {""joint_name"": ""elbow_L"", ""x"": 0.1862, ""y"": -0.1663, ""z"": -0.2192}, {""joint_name"": ""elbow_R"", ""x"": 0.1535, ""y"": 0.2973, ""z"": -0.2207}, {""joint_name"": ""wrist_L"", ""x"": 0.3675, ""y"": -0.1625, ""z"": -0.6635}, {""joint_name"": ""wrist_R"", ""x"": 0.2857, ""y"": 0.4146, ""z"": -0.7324}], ""left_hand"": {""present"": false}, ""right_hand"": {""present"": false}}"
1781631405.9688942,False,False,"{""t"": 1781631405978.0, ""seq"": 1694, ""fps"": 30.3, ""frame_info"": {""origin"": ""camera"", ""x"": ""right"", ""y"": ""up"", ""z"": ""away_from_camera"", ""units"": ""cm""}, ""calibration_info"": {""hand_size_cm"": 8, ""fov_deg"": 75, ""shoulder_width_cm"": 40}, ""landmark_names"": [""hand_joints"", ""body_joints""], ""body_landmarks"": [{""joint_name"": ""shoulder_L"", ""x"": -0.0098, ""y"": -0.1684, ""z"": 0.2563}, {""joint_name"": ""shoulder_R"", ""x"": 0.0098, ""y"": 0.1684, ""z"": 0.3305}, {""joint_name"": ""elbow_L"", ""x"": 0.1989, ""y"": -0.1617, ""z"": -0.2221}, {""joint_name"": ""elbow_R"", ""x"": 0.1664, ""y"": 0.3011, ""z"": -0.2232}, {""joint_name"": ""wrist_L"", ""x"": 0.3915, ""y"": -0.1557, ""z"": -0.6633}, {""joint_name"": ""wrist_R"", ""x"": 0.3109, ""y"": 0.4243, ""z"": -0.7338}], ""left_hand"": {""present"": false}, ""right_hand"": {""present"": false}}"
1781631406.0035293,False,False,"{""t"": 1781631406012.0, ""seq"": 1695, ""fps"": 30.1, ""frame_info"": {""origin"": ""camera"", ""x"": ""right"", ""y"": ""up"", ""z"": ""away_from_camera"", ""units"": ""cm""}, ""calibration_info"": {""hand_size_cm"": 8, ""fov_deg"": 75, ""shoulder_width_cm"": 40}, ""landmark_names"": [""hand_joints"", ""body_joints""], ""body_landmarks"": [{""joint_name"": ""shoulder_L"", ""x"": -0.0094, ""y"": -0.1668, ""z"": 0.252}, {""joint_name"": ""shoulder_R"", ""x"": 0.0094, ""y"": 0.1668, ""z"": 0.3279}, {""joint_name"": ""elbow_L"", ""x"": 0.2078, ""y"": -0.1585, ""z"": -0.2242}, {""joint_name"": ""elbow_R"", ""x"": 0.1754, ""y"": 0.3038, ""z"": -0.2249}, {""joint_name"": ""wrist_L"", ""x"": 0.4083, ""y"": -0.151, ""z"": -0.6632}, {""joint_name"": ""wrist_R"", ""x"": 0.3285, ""y"": 0.4311, ""z"": -0.7347}], ""left_hand"": {""present"": false}, ""right_hand"": {""present"": false}}"
1781631406.0512488,False,False,"{""t"": 1781631406059.0, ""seq"": 1696, ""fps"": 29.6, ""frame_info"": {""origin"": ""camera"", ""x"": ""right"", ""y"": ""up"", ""z"": ""away_from_camera"", ""units"": ""cm""}, ""calibration_info"": {""hand_size_cm"": 8, ""fov_deg"": 75, ""shoulder_width_cm"": 40}, ""landmark_names"": [""hand_joints"", ""body_joints""], ""body_landmarks"": [{""joint_name"": ""shoulder_L"", ""x"": -0.0104, ""y"": -0.1643, ""z"": 0.2442}, {""joint_name"": ""shoulder_R"", ""x"": 0.0104, ""y"": 0.1643, ""z"": 0.3202}, {""joint_name"": ""elbow_L"", ""x"": 0.2209, ""y"": -0.1543, ""z"": -0.2277}, {""joint_name"": ""elbow_R"", ""x"": 0.1896, ""y"": 0.3067, ""z"": -0.2288}, {""joint_name"": ""wrist_L"", ""x"": 0.4345, ""y"": -0.1449, ""z"": -0.6632}, {""joint_name"": ""wrist_R"", ""x"": 0.3552, ""y"": 0.4387, ""z"": -0.7354}], ""left_hand"": {""present"": false}, ""right_hand"": {""present"": false}}"
1781631406.1157753,False,False,"{""t"": 1781631406122.0, ""seq"": 1698, ""fps"": 30.1, ""frame_info"": {""origin"": ""camera"", ""x"": ""right"", ""y"": ""up"", ""z"": ""away_from_camera"", ""units"": ""cm""}, ""calibration_info"": {""hand_size_cm"": 8, ""fov_deg"": 75, ""shoulder_width_cm"": 40}, ""landmark_names"": [""hand_joints"", ""body_joints""], ""body_landmarks"": [{""joint_name"": ""shoulder_L"", ""x"": -0.011, ""y"": -0.1625, ""z"": 0.2387}, {""joint_name"": ""shoulder_R"", ""x"": 0.011, ""y"": 0.1625, ""z"": 0.3147}, {""joint_name"": ""elbow_L"", ""x"": 0.2301, ""y"": -0.1513, ""z"": -0.2302}, {""joint_name"": ""elbow_R"", ""x"": 0.1994, ""y"": 0.3087, ""z"": -0.2316}, {""joint_name"": ""wrist_L"", ""x"": 0.4528, ""y"": -0.1406, ""z"": -0.6631}, {""joint_name"": ""wrist_R"", ""x"": 0.3739, ""y"": 0.4441, ""z"": -0.7359}], ""left_hand"": {""present"": false}, ""right_hand"": {""present"": false}}"
1781631406.1753025,False,False,"{""t"": 1781631406181.0, ""seq"": 1700, ""fps"": 30.4, ""frame_info"": {""origin"": ""camera"", ""x"": ""right"", ""y"": ""up"", ""z"": ""away_from_camera"", ""units"": ""cm""}, ""calibration_info"": {""hand_size_cm"": 8, ""fov_deg"": 75, ""shoulder_width_cm"": 40}, ""landmark_names"": [""hand_joints"", ""body_joints""], ""body_landmarks"": [{""joint_name"": ""shoulder_L"", ""x"": -0.0109, ""y"": -0.161, ""z"": 0.2307}, {""joint_name"": ""shoulder_R"", ""x"": 0.0109, ""y"": 0.161, ""z"": 0.3025}, {""joint_name"": ""elbow_L"", ""x"": 0.2443, ""y"": -0.1487, ""z"": -0.234}, {""joint_name"": ""elbow_R"", ""x"": 0.2136, ""y"": 0.3102, ""z"": -0.2377}, {""joint_name"": ""wrist_L"", ""x"": 0.4797, ""y"": -0.1372, ""z"": -0.6631}, {""joint_name"": ""wrist_R"", ""x"": 0.4011, ""y"": 0.4481, ""z"": -0.7362}], ""left_hand"": {""present"": false}, ""right_hand"": {""present"": false}}"
1781631406.2122755,False,False,"{""t"": 1781631406218.0, ""seq"": 1701, ""fps"": 30.1, ""frame_info"": {""origin"": ""camera"", ""x"": ""right"", ""y"": ""up"", ""z"": ""away_from_camera"", ""units"": ""cm""}, ""calibration_info"": {""hand_size_cm"": 8, ""fov_deg"": 75, ""shoulder_width_cm"": 40}, ""landmark_names"": [""hand_joints"", ""body_joints""], ""body_landmarks"": [{""joint_name"": ""shoulder_L"", ""x"": -0.0107, ""y"": -0.16, ""z"": 0.2251}, {""joint_name"": ""shoulder_R"", ""x"": 0.0107, ""y"": 0.16, ""z"": 0.2939}, {""joint_name"": ""elbow_L"", ""x"": 0.2543, ""y"": -0.1468, ""z"": -0.2367}, {""joint_name"": ""elbow_R"", ""x"": 0.2234, ""y"": 0.3112, ""z"": -0.242}, {""joint_name"": ""wrist_L"", ""x"": 0.4985, ""y"": -0.1349, ""z"": -0.6631}, {""joint_name"": ""wrist_R"", ""x"": 0.4201, ""y"": 0.4509, ""z"": -0.7365}], ""left_hand"": {""present"": false}, ""right_hand"": {""present"": false}}"
1781631406.2772014,False,False,"{""t"": 1781631406282.0, ""seq"": 1703, ""fps"": 30.2, ""frame_info"": {""origin"": ""camera"", ""x"": ""right"", ""y"": ""up"", ""z"": ""away_from_camera"", ""units"": ""cm""}, ""calibration_info"": {""hand_size_cm"": 8, ""fov_deg"": 75, ""shoulder_width_cm"": 40}, ""landmark_names"": [""hand_joints"", ""body_joints""], ""body_landmarks"": [{""joint_name"": ""shoulder_L"", ""x"": -0.0119, ""y"": -0.1565, ""z"": 0.2101}, {""joint_name"": ""shoulder_R"", ""x"": 0.0119, ""y"": 0.1565, ""z"": 0.2712}, {""joint_name"": ""elbow_L"", ""x"": 0.2735, ""y"": -0.1437, ""z"": -0.2437}, {""joint_name"": ""elbow_R"", ""x"": 0.2439, ""y"": 0.3113, ""z"": -0.2531}, {""joint_name"": ""wrist_L"", ""x"": 0.5366, ""y"": -0.1318, ""z"": -0.663}, {""joint_name"": ""wrist_R"", ""x"": 0.4583, ""y"": 0.4544, ""z"": -0.7366}], ""left_hand"": {""present"": false}, ""right_hand"": {""present"": false}}"
1781631406.3128834,False,False,"{""t"": 1781631406317.0, ""seq"": 1704, ""fps"": 30.3, ""frame_info"": {""origin"": ""camera"", ""x"": ""right"", ""y"": ""up"", ""z"": ""away_from_camera"", ""units"": ""cm""}, ""calibration_info"": {""hand_size_cm"": 8, ""fov_deg"": 75, ""shoulder_width_cm"": 40}, ""landmark_names"": [""hand_joints"", ""body_joints""], ""body_landmarks"": [{""joint_name"": ""shoulder_L"", ""x"": -0.0127, ""y"": -0.1541, ""z"": 0.1995}, {""joint_name"": ""shoulder_R"", ""x"": 0.0127, ""y"": 0.1541, ""z"": 0.2552}, {""joint_name"": ""elbow_L"", ""x"": 0.287, ""y"": -0.1416, ""z"": -0.2486}, {""joint_name"": ""elbow_R"", ""x"": 0.2582, ""y"": 0.3113, ""z"": -0.2609}, {""joint_name"": ""wrist_L"", ""x"": 0.5633, ""y"": -0.1296, ""z"": -0.663}, {""joint_name"": ""wrist_R"", ""x"": 0.4851, ""y"": 0.4568, ""z"": -0.7367}], ""left_hand"": {""present"": false}, ""right_hand"": {""present"": false}}"
1781631406.3805199,False,False,"{""t"": 1781631406384.0, ""seq"": 1706, ""fps"": 29.9, ""frame_info"": {""origin"": ""camera"", ""x"": ""right"", ""y"": ""up"", ""z"": ""away_from_camera"", ""units"": ""cm""}, ""calibration_info"": {""hand_size_cm"": 8, ""fov_deg"": 75, ""shoulder_width_cm"": 40}, ""landmark_names"": [""hand_joints"", ""body_joints""], ""body_landmarks"": [{""joint_name"": ""shoulder_L"", ""x"": -0.0128, ""y"": -0.1491, ""z"": 0.1835}, {""joint_name"": ""shoulder_R"", ""x"": 0.0128, ""y"": 0.1491, ""z"": 0.2312}, {""joint_name"": ""elbow_L"", ""x"": 0.3089, ""y"": -0.137, ""z"": -0.2562}, {""joint_name"": ""elbow_R"", ""x"": 0.2803, ""y"": 0.3108, ""z"": -0.2723}, {""joint_name"": ""wrist_L"", ""x"": 0.6055, ""y"": -0.126, ""z"": -0.663}, {""joint_name"": ""wrist_R"", ""x"": 0.5273, ""y"": 0.4606, ""z"": -0.7368}], ""left_hand"": {""present"": false}, ""right_hand"": {""present"": false}}"
1781631406.433575,False,False,"{""t"": 1781631406436.0, ""seq"": 1708, ""fps"": 30.5, ""frame_info"": {""origin"": ""camera"", ""x"": ""right"", ""y"": ""up"", ""z"": ""away_from_camera"", ""units"": ""cm""}, ""calibration_info"": {""hand_size_cm"": 8, ""fov_deg"": 75, ""shoulder_width_cm"": 40}, ""landmark_names"": [""hand_joints"", ""body_joints""], ""body_landmarks"": [{""joint_name"": ""shoulder_L"", ""x"": -0.0116, ""y"": -0.1428, ""z"": 0.1671}, {""joint_name"": ""shoulder_R"", ""x"": 0.0116, ""y"": 0.1428, ""z"": 0.2077}, {""joint_name"": ""elbow_L"", ""x"": 0.3323, ""y"": -0.1313, ""z"": -0.2643}, {""joint_name"": ""elbow_R"", ""x"": 0.3027, ""y"": 0.3102, ""z"": -0.2836}, {""joint_name"": ""wrist_L"", ""x"": 0.6498, ""y"": -0.1212, ""z"": -0.663}, {""joint_name"": ""wrist_R"", ""x"": 0.5716, ""y"": 0.4655, ""z"": -0.7369}], ""left_hand"": {""present"": false}, ""right_hand"": {""present"": false}}"
1781631406.476574,False,False,"{""t"": 1781631406479.0, ""seq"": 1709, ""fps"": 29.9, ""frame_info"": {""origin"": ""camera"", ""x"": ""right"", ""y"": ""up"", ""z"": ""away_from_camera"", ""units"": ""cm""}, ""calibration_info"": {""hand_size_cm"": 8, ""fov_deg"": 75, ""shoulder_width_cm"": 40}, ""landmark_names"": [""hand_joints"", ""body_joints""], ""body_landmarks"": [{""joint_name"": ""shoulder_L"", ""x"": -0.0108, ""y"": -0.1384, ""z"": 0.1557}, {""joint_name"": ""shoulder_R"", ""x"": 0.0108, ""y"": 0.1384, ""z"": 0.1913}, {""joint_name"": ""elbow_L"", ""x"": 0.3487, ""y"": -0.1273, ""z"": -0.2699}, {""joint_name"": ""elbow_R"", ""x"": 0.3184, ""y"": 0.3099, ""z"": -0.2915}, {""joint_name"": ""wrist_L"", ""x"": 0.6807, ""y"": -0.1178, ""z"": -0.663}, {""joint_name"": ""wrist_R"", ""x"": 0.6027, ""y"": 0.469, ""z"": -0.7369}], ""left_hand"": {""present"": false}, ""right_hand"": {""present"": false}}"
1781631406.5127575,False,False,"{""t"": 1781631406514.0, ""seq"": 1710, ""fps"": 30.0, ""frame_info"": {""origin"": ""camera"", ""x"": ""right"", ""y"": ""up"", ""z"": ""away_from_camera"", ""units"": ""cm""}, ""calibration_info"": {""hand_size_cm"": 8, ""fov_deg"": 75, ""shoulder_width_cm"": 40}, ""landmark_names"": [""hand_joints"", ""body_joints""], ""body_landmarks"": [{""joint_name"": ""shoulder_L"", ""x"": -0.0103, ""y"": -0.1352, ""z"": 0.1477}, {""joint_name"": ""shoulder_R"", ""x"": 0.0103, ""y"": 0.1352, ""z"": 0.1798}, {""joint_name"": ""elbow_L"", ""x"": 0.3602, ""y"": -0.1245, ""z"": -0.2738}, {""joint_name"": ""elbow_R"", ""x"": 0.3294, ""y"": 0.3096, ""z"": -0.2971}, {""joint_name"": ""wrist_L"", ""x"": 0.7024, ""y"": -0.1155, ""z"": -0.663}, {""joint_name"": ""wrist_R"", ""x"": 0.6244, ""y"": 0.4714, ""z"": -0.7369}], ""left_hand"": {""present"": false}, ""right_hand"": {""present"": false}}"
1781631406.5491211,False,False,"{""t"": 1781631406550.0, ""seq"": 1711, ""fps"": 30.1, ""frame_info"": {""origin"": ""camera"", ""x"": ""right"", ""y"": ""up"", ""z"": ""away_from_camera"", ""units"": ""cm""}, ""calibration_info"": {""hand_size_cm"": 8, ""fov_deg"": 75, ""shoulder_width_cm"": 40}, ""landmark_names"": [""hand_joints"", ""body_joints""], ""body_landmarks"": [{""joint_name"": ""shoulder_L"", ""x"": -0.0083, ""y"": -0.1304, ""z"": 0.1388}, {""joint_name"": ""shoulder_R"", ""x"": 0.0083, ""y"": 0.1304, ""z"": 0.1658}, {""joint_name"": ""elbow_L"", ""x"": 0.3762, ""y"": -0.1205, ""z"": -0.2781}, {""joint_name"": ""elbow_R"", ""x"": 0.3435, ""y"": 0.3091, ""z"": -0.3037}, {""joint_name"": ""wrist_L"", ""x"": 0.7315, ""y"": -0.1117, ""z"": -0.663}, {""joint_name"": ""wrist_R"", ""x"": 0.6535, ""y"": 0.4752, ""z"": -0.737}], ""left_hand"": {""present"": false}, ""right_hand"": {""present"": false}}"
1781631406.6135275,False,False,"{""t"": 1781631406614.0, ""seq"": 1713, ""fps"": 30.9, ""frame_info"": {""origin"": ""camera"", ""x"": ""right"", ""y"": ""up"", ""z"": ""away_from_camera"", ""units"": ""cm""}, ""calibration_info"": {""hand_size_cm"": 8, ""fov_deg"": 75, ""shoulder_width_cm"": 40}, ""landmark_names"": [""hand_joints"", ""body_joints""], ""body_landmarks"": [{""joint_name"": ""shoulder_L"", ""x"": -0.0068, ""y"": -0.127, ""z"": 0.1325}, {""joint_name"": ""shoulder_R"", ""x"": 0.0068, ""y"": 0.127, ""z"": 0.1559}, {""joint_name"": ""elbow_L"", ""x"": 0.3874, ""y"": -0.1176, ""z"": -0.281}, {""joint_name"": ""elbow_R"", ""x"": 0.3534, ""y"": 0.3088, ""z"": -0.3083}, {""joint_name"": ""wrist_L"", ""x"": 0.7519, ""y"": -0.1091, ""z"": -0.663}, {""joint_name"": ""wrist_R"", ""x"": 0.6739, ""y"": 0.4778, ""z"": -0.737}], ""left_hand"": {""present"": false}, ""right_hand"": {""present"": false}}"
1781631406.6765733,False,False,"{""t"": 1781631406676.0, ""seq"": 1715, ""fps"": 30.4, ""frame_info"": {""origin"": ""camera"", ""x"": ""right"", ""y"": ""up"", ""z"": ""away_from_camera"", ""units"": ""cm""}, ""calibration_info"": {""hand_size_cm"": 8, ""fov_deg"": 75, ""shoulder_width_cm"": 40}, ""landmark_names"": [""hand_joints"", ""body_joints""], ""body_landmarks"": [{""joint_name"": ""shoulder_L"", ""x"": -0.0067, ""y"": -0.1223, ""z"": 0.1243}, {""joint_name"": ""shoulder_R"", ""x"": 0.0067, ""y"": 0.1223, ""z"": 0.1461}, {""joint_name"": ""elbow_L"", ""x"": 0.4018, ""y"": -0.1131, ""z"": -0.2849}, {""joint_name"": ""elbow_R"", ""x"": 0.3675, ""y"": 0.309, ""z"": -0.313}, {""joint_name"": ""wrist_L"", ""x"": 0.7791, ""y"": -0.1047, ""z"": -0.663}, {""joint_name"": ""wrist_R"", ""x"": 0.7011, ""y"": 0.4822, ""z"": -0.737}], ""left_hand"": {""present"": false}, ""right_hand"": {""present"": false}}"
1781631406.7484298,False,False,"{""t"": 1781631406747.0, ""seq"": 1717, ""fps"": 30.4, ""frame_info"": {""origin"": ""camera"", ""x"": ""right"", ""y"": ""up"", ""z"": ""away_from_camera"", ""units"": ""cm""}, ""calibration_info"": {""hand_size_cm"": 8, ""fov_deg"": 75, ""shoulder_width_cm"": 40}, ""landmark_names"": [""hand_joints"", ""body_joints""], ""body_landmarks"": [{""joint_name"": ""shoulder_L"", ""x"": -0.0064, ""y"": -0.1186, ""z"": 0.1179}, {""joint_name"": ""shoulder_R"", ""x"": 0.0064, ""y"": 0.1186, ""z"": 0.1391}, {""joint_name"": ""elbow_L"", ""x"": 0.4134, ""y"": -0.1095, ""z"": -0.288}, {""joint_name"": ""elbow_R"", ""x"": 0.3786, ""y"": 0.309, ""z"": -0.3163}, {""joint_name"": ""wrist_L"", ""x"": 0.8008, ""y"": -0.1012, ""z"": -0.663}, {""joint_name"": ""wrist_R"", ""x"": 0.7228, ""y"": 0.4858, ""z"": -0.737}], ""left_hand"": {""present"": false}, ""right_hand"": {""present"": false}}"
1781631406.8102489,False,False,"{""t"": 1781631406808.0, ""seq"": 1719, ""fps"": 30.2, ""frame_info"": {""origin"": ""camera"", ""x"": ""right"", ""y"": ""up"", ""z"": ""away_from_camera"", ""units"": ""cm""}, ""calibration_info"": {""hand_size_cm"": 8, ""fov_deg"": 75, ""shoulder_width_cm"": 40}, ""landmark_names"": [""hand_joints"", ""body_joints""], ""body_landmarks"": [{""joint_name"": ""shoulder_L"", ""x"": -0.0061, ""y"": -0.116, ""z"": 0.1134}, {""joint_name"": ""shoulder_R"", ""x"": 0.0061, ""y"": 0.116, ""z"": 0.1343}, {""joint_name"": ""elbow_L"", ""x"": 0.4215, ""y"": -0.1069, ""z"": -0.2901}, {""joint_name"": ""elbow_R"", ""x"": 0.3864, ""y"": 0.309, ""z"": -0.3186}, {""joint_name"": ""wrist_L"", ""x"": 0.816, ""y"": -0.0987, ""z"": -0.663}, {""joint_name"": ""wrist_R"", ""x"": 0.738, ""y"": 0.4882, ""z"": -0.737}], ""left_hand"": {""present"": false}, ""right_hand"": {""present"": false}}"
1781631406.8748167,False,False,"{""t"": 1781631406872.0, ""seq"": 1721, ""fps"": 30.3, ""frame_info"": {""origin"": ""camera"", ""x"": ""right"", ""y"": ""up"", ""z"": ""away_from_camera"", ""units"": ""cm""}, ""calibration_info"": {""hand_size_cm"": 8, ""fov_deg"": 75, ""shoulder_width_cm"": 40}, ""landmark_names"": [""hand_joints"", ""body_joints""], ""body_landmarks"": [{""joint_name"": ""shoulder_L"", ""x"": -0.005, ""y"": -0.1141, ""z"": 0.11}, {""joint_name"": ""shoulder_R"", ""x"": 0.005, ""y"": 0.1141, ""z"": 0.133}, {""joint_name"": ""elbow_L"", ""x"": 0.4284, ""y"": -0.105, ""z"": -0.2918}, {""joint_name"": ""elbow_R"", ""x"": 0.3924, ""y"": 0.3092, ""z"": -0.319}, {""joint_name"": ""wrist_L"", ""x"": 0.8285, ""y"": -0.0969, ""z"": -0.663}, {""joint_name"": ""wrist_R"", ""x"": 0.7505, ""y"": 0.4901, ""z"": -0.737}], ""left_hand"": {""present"": false}, ""right_hand"": {""present"": false}}"
1781631406.9208512,False,False,"{""t"": 1781631406917.0, ""seq"": 1722, ""fps"": 29.7, ""frame_info"": {""origin"": ""camera"", ""x"": ""right"", ""y"": ""up"", ""z"": ""away_from_camera"", ""units"": ""cm""}, ""calibration_info"": {""hand_size_cm"": 8, ""fov_deg"": 75, ""shoulder_width_cm"": 40}, ""landmark_names"": [""hand_joints"", ""body_joints""], ""body_landmarks"": [{""joint_name"": ""shoulder_L"", ""x"": -0.0043, ""y"": -0.1127, ""z"": 0.1076}, {""joint_name"": ""shoulder_R"", ""x"": 0.0043, ""y"": 0.1127, ""z"": 0.1321}, {""joint_name"": ""elbow_L"", ""x"": 0.4333, ""y"": -0.1036, ""z"": -0.2931}, {""joint_name"": ""elbow_R"", ""x"": 0.3966, ""y"": 0.3093, ""z"": -0.3193}, {""joint_name"": ""wrist_L"", ""x"": 0.8372, ""y"": -0.0956, ""z"": -0.663}, {""joint_name"": ""wrist_R"", ""x"": 0.7592, ""y"": 0.4914, ""z"": -0.737}], ""left_hand"": {""present"": false}, ""right_hand"": {""present"": false}}"
1781631406.9862573,False,False,"{""t"": 1781631406982.0, ""seq"": 1724, ""fps"": 29.9, ""frame_info"": {""origin"": ""camera"", ""x"": ""right"", ""y"": ""up"", ""z"": ""away_from_camera"", ""units"": ""cm""}, ""calibration_info"": {""hand_size_cm"": 8, ""fov_deg"": 75, ""shoulder_width_cm"": 40}, ""landmark_names"": [""hand_joints"", ""body_joints""], ""body_landmarks"": [{""joint_name"": ""shoulder_L"", ""x"": -0.0054, ""y"": -0.1123, ""z"": 0.1047}, {""joint_name"": ""shoulder_R"", ""x"": 0.0054, ""y"": 0.1123, ""z"": 0.1345}, {""joint_name"": ""elbow_L"", ""x"": 0.4359, ""y"": -0.103, ""z"": -0.2946}, {""joint_name"": ""elbow_R"", ""x"": 0.4004, ""y"": 0.3093, ""z"": -0.3183}, {""joint_name"": ""wrist_L"", ""x"": 0.8431, ""y"": -0.0949, ""z"": -0.663}, {""joint_name"": ""wrist_R"", ""x"": 0.7651, ""y"": 0.492, ""z"": -0.737}], ""left_hand"": {""present"": false}, ""right_hand"": {""present"": false}}"
1781631407.0222766,False,False,"{""t"": 1781631407017.0, ""seq"": 1725, ""fps"": 30.3, ""frame_info"": {""origin"": ""camera"", ""x"": ""right"", ""y"": ""up"", ""z"": ""away_from_camera"", ""units"": ""cm""}, ""calibration_info"": {""hand_size_cm"": 8, ""fov_deg"": 75, ""shoulder_width_cm"": 40}, ""landmark_names"": [""hand_joints"", ""body_joints""], ""body_landmarks"": [{""joint_name"": ""shoulder_L"", ""x"": -0.0062, ""y"": -0.1121, ""z"": 0.1027}, {""joint_name"": ""shoulder_R"", ""x"": 0.0062, ""y"": 0.1121, ""z"": 0.1361}, {""joint_name"": ""elbow_L"", ""x"": 0.4377, ""y"": -0.1026, ""z"": -0.2956}, {""joint_name"": ""elbow_R"", ""x"": 0.4029, ""y"": 0.3094, ""z"": -0.3176}, {""joint_name"": ""wrist_L"", ""x"": 0.8473, ""y"": -0.0945, ""z"": -0.663}, {""joint_name"": ""wrist_R"", ""x"": 0.7693, ""y"": 0.4925, ""z"": -0.737}], ""left_hand"": {""present"": false}, ""right_hand"": {""present"": false}}"
1781631407.0825448,False,False,"{""t"": 1781631407076.0, ""seq"": 1727, ""fps"": 30.4, ""frame_info"": {""origin"": ""camera"", ""x"": ""right"", ""y"": ""up"", ""z"": ""away_from_camera"", ""units"": ""cm""}, ""calibration_info"": {""hand_size_cm"": 8, ""fov_deg"": 75, ""shoulder_width_cm"": 40}, ""landmark_names"": [""hand_joints"", ""body_joints""], ""body_landmarks"": [{""joint_name"": ""shoulder_L"", ""x"": -0.0067, ""y"": -0.1118, ""z"": 0.1001}, {""joint_name"": ""shoulder_R"", ""x"": 0.0067, ""y"": 0.1118, ""z"": 0.137}, {""joint_name"": ""elbow_L"", ""x"": 0.4396, ""y"": -0.1024, ""z"": -0.2969}, {""joint_name"": ""elbow_R"", ""x"": 0.4054, ""y"": 0.3096, ""z"": -0.3174}, {""joint_name"": ""wrist_L"", ""x"": 0.8514, ""y"": -0.0941, ""z"": -0.663}, {""joint_name"": ""wrist_R"", ""x"": 0.7734, ""y"": 0.4929, ""z"": -0.737}], ""left_hand"": {""present"": false}, ""right_hand"": {""present"": false}}"
