timestamp_sec,raw_json
1781631402.8924208,"{""t"":1781631402957,""seq"":1620,""fps"":20.4,""frame"":{""origin"":""camera"",""x"":""right"",""y"":""up"",""z"":""away_from_camera"",""units"":""cm""},""calibration"":{""hand_size_cm"":8,""fov_deg"":75,""shoulder_width_cm"":40},""hands"":[{""label"":""Right"",""present"":true,""index"":0,""confidence"":0.98828125,""depth_cm"":146.7,""wrist_cm"":{""x"":-32.19,""y"":-6.87,""z"":146.68},""palm_normal"":[0.154,-0.369,0.916],""finger_dir"":[0.116,0.928,0.354],""finger_curl"":[0.16,0.905,0.885,0.883,0.85],""pinch_cm"":[3.2,4.6,6.6,8.7],""grip_aperture_cm"":3.2,""gesture"":""GRAB"",""gesture_id"":1,""is_grab"":true,""joints_cm"":[{""x"":-32.95,""y"":-7.04,""z"":150.15},{""x"":-30.05,""y"":-4.17,""z"":148.75},{""x"":-27.6,""y"":0.31,""z"":147.68},{""x"":-26.54,""y"":4.79,""z"":145.62},{""x"":-27.52,""y"":7.78,""z"":144.46},{""x"":-29.49,""y"":5.92,""z"":146.56},{""x"":-29.12,""y"":9.76,""z"":144.67},{""x"":-28.87,""y"":5.98,""z"":144.03},{""x"":-29.11,""y"":3.84,""z"":145.42},{""x"":-31.59,""y"":5.4,""z"":146.76},{""x"":-31.05,""y"":9.06,""z"":144.09},{""x"":-30.59,""y"":4.48,""z"":143.56},{""x"":-30.9,""y"":3.05,""z"":145.22},{""x"":-33.6,""y"":4.19,""z"":146.77},{""x"":-33.03,""y"":7.52,""z"":144.26},{""x"":-32.35,""y"":3.53,""z"":143.77},{""x"":-32.61,""y"":2.03,""z"":145.47},{""x"":-35.56,""y"":2.36,""z"":146.47},{""x"":-35.04,""y"":5.37,""z"":144.68},{""x"":-34.14,""y"":2.66,""z"":143.58},{""x"":-34.25,""y"":1.21,""z"":144.66}]},{""label"":""Left"",""present"":true,""index"":1,""confidence"":0.9970073699951172,""depth_cm"":155.8,""wrist_cm"":{""x"":24.54,""y"":-30.29,""z"":155.84},""palm_normal"":[0.189,0.569,-0.8],""finger_dir"":[0.032,0.811,0.585],""finger_curl"":[0.151,0.336,0.493,0.583,0.586],""pinch_cm"":[1.7,3.5,5.6,6.7],""grip_aperture_cm"":1.7,""gesture"":""GRAB"",""gesture_id"":1,""is_grab"":true,""joints_cm"":[{""x"":25.43,""y"":-31.39,""z"":161.5},{""x"":23.25,""y"":-28.68,""z"":158.86},{""x"":21.32,""y"":-24.69,""z"":157.13},{""x"":20.87,""y"":-21.07,""z"":154.1},{""x"":21.98,""y"":-19.01,""z"":151.96},{""x"":23.11,""y"":-16.83,""z"":155.56},{""x"":22.94,""y"":-15.96,""z"":153.23},{""x"":22.76,""y"":-18.64,""z"":152.05},{""x"":22.45,""y"":-21.1,""z"":151.41},{""x"":25.37,""y"":-17.24,""z"":155.78},{""x"":24.99,""y"":-17.72,""z"":153.27},{""x"":24.41,""y"":-21.21,""z"":152.71},{""x"":24.06,""y"":-23.12,""z"":153.48},{""x"":27.45,""y"":-18.83,""z"":156.06},{""x"":26.94,""y"":-19.5,""z"":153.57},{""x"":26.21,""y"":-22.5,""z"":153.4},{""x"":25.88,""y"":-24.08,""z"":154.96},{""x"":29.24,""y"":-21.33,""z"":156.19},{""x"":28.77,""y"":-21.42,""z"":154.24},{""x"":27.88,""y"":-23.28,""z"":153.56},{""x"":27.35,""y"":-24.26,""z"":154.11}]}],""body"":{""shoulder_L"":[16.7,25.4,218.4],""shoulder_R"":[-24.6,31.5,222.1],""elbow_L"":[21.4,-4,188.8],""elbow_R"":[-28.8,11.7,183.5],""wrist_L"":[25.7,-31.2,161.4],""wrist_R"":[-32.8,-6.7,147.9]},""landmark_names"":{""hand_joints"":[""WRIST"",""THUMB_CMC"",""THUMB_MCP"",""THUMB_IP"",""THUMB_TIP"",""INDEX_MCP"",""INDEX_PIP"",""INDEX_DIP"",""INDEX_TIP"",""MIDDLE_MCP"",""MIDDLE_PIP"",""MIDDLE_DIP"",""MIDDLE_TIP"",""RING_MCP"",""RING_PIP"",""RING_DIP"",""RING_TIP"",""PINKY_MCP"",""PINKY_PIP"",""PINKY_DIP"",""PINKY_TIP""],""body_joints"":{""0"":""nose"",""11"":""shoulder_L"",""12"":""shoulder_R"",""13"":""elbow_L"",""14"":""elbow_R"",""15"":""wrist_L"",""16"":""wrist_R"",""23"":""hip_L"",""24"":""hip_R""}},""interhand_cm"":62.1}"
1781631402.9524574,"{""t"":1781631403018,""seq"":1621,""fps"":20.1,""frame"":{""origin"":""camera"",""x"":""right"",""y"":""up"",""z"":""away_from_camera"",""units"":""cm""},""calibration"":{""hand_size_cm"":8,""fov_deg"":75,""shoulder_width_cm"":40},""hands"":[{""label"":""Right"",""present"":true,""index"":0,""confidence"":0.98486328125,""depth_cm"":147.2,""wrist_cm"":{""x"":-32.15,""y"":-6.91,""z"":147.22},""palm_normal"":[0.168,-0.342,0.924],""finger_dir"":[0.1,0.939,0.33],""finger_curl"":[0.165,0.855,0.838,0.85,0.812],""pinch_cm"":[3.1,4.7,6.7,8.7],""grip_aperture_cm"":3.1,""gesture"":""GRAB"",""gesture_id"":1,""is_grab"":true,""joints_cm"":[{""x"":-32.85,""y"":-7.06,""z"":150.42},{""x"":-29.99,""y"":-4.1,""z"":148.96},{""x"":-27.73,""y"":0.4,""z"":148.14},{""x"":-26.72,""y"":4.74,""z"":146.19},{""x"":-27.68,""y"":7.63,""z"":145.23},{""x"":-29.55,""y"":5.88,""z"":147.16},{""x"":-29.3,""y"":9.73,""z"":145.24},{""x"":-28.88,""y"":6.12,""z"":144.47},{""x"":-28.98,""y"":4.06,""z"":145.66},{""x"":-31.73,""y"":5.34,""z"":147.33},{""x"":-31.23,""y"":8.91,""z"":144.6},{""x"":-30.62,""y"":4.44,""z"":143.87},{""x"":-30.84,""y"":3,""z"":145.28},{""x"":-33.8,""y"":4.09,""z"":147.3},{""x"":-33.27,""y"":7.34,""z"":144.91},{""x"":-32.49,""y"":3.51,""z"":144.25},{""x"":-32.67,""y"":1.99,""z"":145.85},{""x"":-35.79,""y"":2.21,""z"":146.89},{""x"":-35.27,""y"":5.16,""z"":145.19},{""x"":-34.27,""y"":2.61,""z"":144.04},{""x"":-34.28,""y"":1.22,""z"":144.93}]},{""label"":""Left"",""present"":true,""index"":1,""confidence"":0.9903564453125,""depth_cm"":155.3,""wrist_cm"":{""x"":24.15,""y"":-29.69,""z"":155.34},""palm_normal"":[0.181,0.596,-0.782],""finger_dir"":[0.063,0.787,0.614],""finger_curl"":[0.16,0.541,0.593,0.613,0.7],""pinch_cm"":[3.2,4.4,6.7,7.1],""grip_aperture_cm"":3.2,""gesture"":""GRAB"",""gesture_id"":1,""is_grab"":true,""joints_cm"":[{""x"":24.98,""y"":-30.71,""z"":160.66},{""x"":22.77,""y"":-28.14,""z"":158.2},{""x"":21.04,""y"":-24.04,""z"":156.66},{""x"":20.83,""y"":-20.67,""z"":153.71},{""x"":22.06,""y"":-19.06,""z"":150.97},{""x"":23.14,""y"":-16.06,""z"":155.13},{""x"":23.04,""y"":-17.21,""z"":152.93},{""x"":22.7,""y"":-20.15,""z"":152.74},{""x"":22.63,""y"":-21.53,""z"":153.9},{""x"":25.43,""y"":-16.53,""z"":155.28},{""x"":24.91,""y"":-19.14,""z"":152.96},{""x"":24.3,""y"":-22.33,""z"":153.29},{""x"":24.13,""y"":-23.01,""z"":154.77},{""x"":27.48,""y"":-18.23,""z"":155.55},{""x"":26.79,""y"":-20.63,""z"":153.61},{""x"":26.11,""y"":-23.5,""z"":154.06},{""x"":26.09,""y"":-24.08,""z"":156.4},{""x"":29.25,""y"":-20.69,""z"":155.78},{""x"":28.68,""y"":-22.06,""z"":154},{""x"":27.89,""y"":-24.16,""z"":154.11},{""x"":27.59,""y"":-24.51,""z"":155.18}]}],""body"":{""shoulder_L"":[16.8,25.6,218.9],""shoulder_R"":[-24.5,31.6,222.5],""elbow_L"":[21.3,-4.1,189],""elbow_R"":[-28.9,11.5,184.9],""wrist_L"":[25.4,-31.4,161.5],""wrist_R"":[-32.9,-7,150.1]},""landmark_names"":{""hand_joints"":[""WRIST"",""THUMB_CMC"",""THUMB_MCP"",""THUMB_IP"",""THUMB_TIP"",""INDEX_MCP"",""INDEX_PIP"",""INDEX_DIP"",""INDEX_TIP"",""MIDDLE_MCP"",""MIDDLE_PIP"",""MIDDLE_DIP"",""MIDDLE_TIP"",""RING_MCP"",""RING_PIP"",""RING_DIP"",""RING_TIP"",""PINKY_MCP"",""PINKY_PIP"",""PINKY_DIP"",""PINKY_TIP""],""body_joints"":{""0"":""nose"",""11"":""shoulder_L"",""12"":""shoulder_R"",""13"":""elbow_L"",""14"":""elbow_R"",""15"":""wrist_L"",""16"":""wrist_R"",""23"":""hip_L"",""24"":""hip_R""}},""interhand_cm"":61.3}"
1781631403.0001307,"{""t"":1781631403066,""seq"":1622,""fps"":20.3,""frame"":{""origin"":""camera"",""x"":""right"",""y"":""up"",""z"":""away_from_camera"",""units"":""cm""},""calibration"":{""hand_size_cm"":8,""fov_deg"":75,""shoulder_width_cm"":40},""hands"":[{""label"":""Right"",""present"":true,""index"":0,""confidence"":0.98388671875,""depth_cm"":147.7,""wrist_cm"":{""x"":-32.14,""y"":-7.04,""z"":147.74},""palm_normal"":[0.172,-0.347,0.922],""finger_dir"":[0.089,0.938,0.336],""finger_curl"":[0.164,0.79,0.741,0.805,0.783],""pinch_cm"":[3,4.7,6.6,8.6],""grip_aperture_cm"":3,""gesture"":""GRAB"",""gesture_id"":1,""is_grab"":true,""joints_cm"":[{""x"":-32.84,""y"":-7.19,""z"":150.94},{""x"":-29.92,""y"":-4.12,""z"":149.36},{""x"":-27.58,""y"":0.49,""z"":148.49},{""x"":-26.66,""y"":4.78,""z"":146.71},{""x"":-27.79,""y"":7.29,""z"":145.92},{""x"":-29.71,""y"":5.75,""z"":147.68},{""x"":-29.31,""y"":9.47,""z"":145.7},{""x"":-28.9,""y"":6.05,""z"":144.82},{""x"":-28.91,""y"":3.65,""z"":145.62},{""x"":-31.8,""y"":5.29,""z"":147.82},{""x"":-31.21,""y"":8.71,""z"":145.12},{""x"":-30.62,""y"":4.55,""z"":144.05},{""x"":-30.75,""y"":2.59,""z"":145.14},{""x"":-33.84,""y"":4.09,""z"":147.79},{""x"":-33.24,""y"":7.23,""z"":145.35},{""x"":-32.5,""y"":3.61,""z"":144.51},{""x"":-32.57,""y"":1.62,""z"":145.79},{""x"":-35.83,""y"":2.18,""z"":147.42},{""x"":-35.45,""y"":5.09,""z"":145.81},{""x"":-34.4,""y"":2.81,""z"":144.39},{""x"":-34.26,""y"":1.22,""z"":145.09}]},{""label"":""Left"",""present"":true,""index"":1,""confidence"":0.9952545166015625,""depth_cm"":155.4,""wrist_cm"":{""x"":24.39,""y"":-30.5,""z"":155.43},""palm_normal"":[0.135,0.593,-0.794],""finger_dir"":[0.013,0.8,0.599],""finger_curl"":[0.164,0.246,0.552,0.648,0.644],""pinch_cm"":[0.9,4.1,6.2,7],""grip_aperture_cm"":0.9,""gesture"":""GRAB"",""gesture_id"":1,""is_grab"":true,""joints_cm"":[{""x"":25.25,""y"":-31.58,""z"":160.92},{""x"":22.98,""y"":-29.4,""z"":158.17},{""x"":21.06,""y"":-25.44,""z"":156.55},{""x"":20.71,""y"":-21.46,""z"":153.51},{""x"":21.96,""y"":-18.99,""z"":151.16},{""x"":22.85,""y"":-17.39,""z"":155.15},{""x"":22.82,""y"":-16.61,""z"":152.71},{""x"":22.69,""y"":-18.46,""z"":151.7},{""x"":22.52,""y"":-19.91,""z"":151.26},{""x"":25.09,""y"":-17.35,""z"":155.32},{""x"":24.8,""y"":-18.95,""z"":152.81},{""x"":24.27,""y"":-22.46,""z"":152.7},{""x"":24.11,""y"":-23.43,""z"":154.1},{""x"":27.13,""y"":-18.69,""z"":155.66},{""x"":26.79,""y"":-20.22,""z"":153.31},{""x"":26.13,""y"":-23.26,""z"":153.58},{""x"":26.04,""y"":-24.05,""z"":155.6},{""x"":28.9,""y"":-21.03,""z"":155.84},{""x"":28.58,""y"":-21.87,""z"":153.81},{""x"":27.75,""y"":-24,""z"":153.5},{""x"":27.42,""y"":-24.59,""z"":154.55}]}],""body"":{""shoulder_L"":[16.8,25.6,218.9],""shoulder_R"":[-24.5,31.6,222.5],""elbow_L"":[21.3,-4.1,189],""elbow_R"":[-28.9,11.5,184.9],""wrist_L"":[25.4,-31.4,161.5],""wrist_R"":[-32.9,-7,150.1]},""landmark_names"":{""hand_joints"":[""WRIST"",""THUMB_CMC"",""THUMB_MCP"",""THUMB_IP"",""THUMB_TIP"",""INDEX_MCP"",""INDEX_PIP"",""INDEX_DIP"",""INDEX_TIP"",""MIDDLE_MCP"",""MIDDLE_PIP"",""MIDDLE_DIP"",""MIDDLE_TIP"",""RING_MCP"",""RING_PIP"",""RING_DIP"",""RING_TIP"",""PINKY_MCP"",""PINKY_PIP"",""PINKY_DIP"",""PINKY_TIP""],""body_joints"":{""0"":""nose"",""11"":""shoulder_L"",""12"":""shoulder_R"",""13"":""elbow_L"",""14"":""elbow_R"",""15"":""wrist_L"",""16"":""wrist_R"",""23"":""hip_L"",""24"":""hip_R""}},""interhand_cm"":61.7}"
1781631403.0514805,"{""t"":1781631403116,""seq"":1623,""fps"":20,""frame"":{""origin"":""camera"",""x"":""right"",""y"":""up"",""z"":""away_from_camera"",""units"":""cm""},""calibration"":{""hand_size_cm"":8,""fov_deg"":75,""shoulder_width_cm"":40},""hands"":[{""label"":""Right"",""present"":true,""index"":0,""confidence"":0.98828125,""depth_cm"":148.2,""wrist_cm"":{""x"":-32.31,""y"":-7.4,""z"":148.24},""palm_normal"":[0.193,-0.388,0.901],""finger_dir"":[0.091,0.922,0.377],""finger_curl"":[0.152,0.781,0.755,0.82,0.79],""pinch_cm"":[3.3,4.8,6.7,8.7],""grip_aperture_cm"":3.3,""gesture"":""GRAB"",""gesture_id"":1,""is_grab"":true,""joints_cm"":[{""x"":-33.12,""y"":-7.59,""z"":151.93},{""x"":-30.16,""y"":-4.85,""z"":150.22},{""x"":-27.74,""y"":-0.03,""z"":149.33},{""x"":-26.69,""y"":4.48,""z"":147.43},{""x"":-27.68,""y"":7.36,""z"":146.63},{""x"":-29.66,""y"":5.44,""z"":148.22},{""x"":-29.12,""y"":9.04,""z"":146.13},{""x"":-28.86,""y"":5.55,""z"":145.26},{""x"":-28.91,""y"":3.22,""z"":146.18},{""x"":-31.79,""y"":5.1,""z"":148.33},{""x"":-31.19,""y"":8.62,""z"":145.67},{""x"":-30.72,""y"":4.38,""z"":144.56},{""x"":-30.79,""y"":2.42,""z"":145.63},{""x"":-33.84,""y"":3.88,""z"":148.3},{""x"":-33.33,""y"":7.13,""z"":145.85},{""x"":-32.68,""y"":3.44,""z"":145.06},{""x"":-32.66,""y"":1.39,""z"":146.37},{""x"":-35.78,""y"":1.95,""z"":147.96},{""x"":-35.52,""y"":4.52,""z"":146.34},{""x"":-34.56,""y"":2.15,""z"":145.03},{""x"":-34.34,""y"":0.65,""z"":145.78}]},{""label"":""Left"",""present"":true,""index"":1,""confidence"":0.9970817565917969,""depth_cm"":156,""wrist_cm"":{""x"":24.35,""y"":-30.37,""z"":155.98},""palm_normal"":[0.254,0.526,-0.811],""finger_dir"":[0.109,0.818,0.565],""finger_curl"":[0.161,0.332,0.461,0.514,0.547],""pinch_cm"":[2.2,3.1,5,6.2],""grip_aperture_cm"":2.2,""gesture"":""GRAB"",""gesture_id"":1,""is_grab"":true,""joints_cm"":[{""x"":25.17,""y"":-31.38,""z"":161.21},{""x"":22.82,""y"":-28.69,""z"":158.65},{""x"":21.05,""y"":-24.57,""z"":157.04},{""x"":20.93,""y"":-20.96,""z"":154.17},{""x"":22.08,""y"":-18.99,""z"":152.18},{""x"":23.52,""y"":-17.34,""z"":155.85},{""x"":23.36,""y"":-16.11,""z"":153.72},{""x"":22.8,""y"":-18.51,""z"":152.31},{""x"":22.23,""y"":-21.04,""z"":151.26},{""x"":25.54,""y"":-17.91,""z"":155.95},{""x"":25.19,""y"":-17.55,""z"":153.55},{""x"":24.33,""y"":-20.72,""z"":152.63},{""x"":23.81,""y"":-23.18,""z"":152.8},{""x"":27.4,""y"":-19.58,""z"":156.18},{""x"":26.9,""y"":-19.19,""z"":153.69},{""x"":25.91,""y"":-22.19,""z"":152.99},{""x"":25.37,""y"":-24.53,""z"":153.94},{""x"":29.02,""y"":-22.03,""z"":156.16},{""x"":28.65,""y"":-21.24,""z"":154.23},{""x"":27.6,""y"":-23.08,""z"":153.02},{""x"":26.86,""y"":-24.63,""z"":153.24}]}],""body"":{""shoulder_L"":[16.8,25.6,218.9],""shoulder_R"":[-24.5,31.6,222.5],""elbow_L"":[21.3,-4.1,189],""elbow_R"":[-28.9,11.5,184.9],""wrist_L"":[25.4,-31.4,161.5],""wrist_R"":[-32.9,-7,150.1]},""landmark_names"":{""hand_joints"":[""WRIST"",""THUMB_CMC"",""THUMB_MCP"",""THUMB_IP"",""THUMB_TIP"",""INDEX_MCP"",""INDEX_PIP"",""INDEX_DIP"",""INDEX_TIP"",""MIDDLE_MCP"",""MIDDLE_PIP"",""MIDDLE_DIP"",""MIDDLE_TIP"",""RING_MCP"",""RING_PIP"",""RING_DIP"",""RING_TIP"",""PINKY_MCP"",""PINKY_PIP"",""PINKY_DIP"",""PINKY_TIP""],""body_joints"":{""0"":""nose"",""11"":""shoulder_L"",""12"":""shoulder_R"",""13"":""elbow_L"",""14"":""elbow_R"",""15"":""wrist_L"",""16"":""wrist_R"",""23"":""hip_L"",""24"":""hip_R""}},""interhand_cm"":61.6}"
1781631403.0987031,"{""t"":1781631403163,""seq"":1624,""fps"":20.1,""frame"":{""origin"":""camera"",""x"":""right"",""y"":""up"",""z"":""away_from_camera"",""units"":""cm""},""calibration"":{""hand_size_cm"":8,""fov_deg"":75,""shoulder_width_cm"":40},""hands"":[{""label"":""Right"",""present"":true,""index"":0,""confidence"":0.796875,""depth_cm"":151.8,""wrist_cm"":{""x"":-32.53,""y"":-8.21,""z"":151.82},""palm_normal"":[0.165,-0.401,0.901],""finger_dir"":[0.017,0.915,0.404],""finger_curl"":[0.079,0.147,0.12,0.067,0.21],""pinch_cm"":[5.1,7,8.8,10.1],""grip_aperture_cm"":5.1,""gesture"":""OPEN"",""gesture_id"":2,""is_grab"":false,""joints_cm"":[{""x"":-33.14,""y"":-8.37,""z"":154.69},{""x"":-30.23,""y"":-5.63,""z"":153.34},{""x"":-28.15,""y"":-1.5,""z"":152.81},{""x"":-27.19,""y"":2.19,""z"":151.76},{""x"":-27.19,""y"":4.98,""z"":151.57},{""x"":-30.28,""y"":2.43,""z"":151.7},{""x"":-30,""y"":7.12,""z"":151.32},{""x"":-29.76,""y"":9.71,""z"":150.27},{""x"":-29.35,""y"":11.41,""z"":148.23},{""x"":-32.41,""y"":2.18,""z"":151.87},{""x"":-32.36,""y"":6.54,""z"":150.95},{""x"":-32.17,""y"":8.35,""z"":149.18},{""x"":-31.82,""y"":9.42,""z"":147.03},{""x"":-34.42,""y"":0.98,""z"":151.99},{""x"":-34.66,""y"":4.8,""z"":150.98},{""x"":-34.65,""y"":6.56,""z"":149.1},{""x"":-34.6,""y"":7.8,""z"":147.99},{""x"":-36.2,""y"":-0.95,""z"":151.71},{""x"":-36.64,""y"":1.44,""z"":151.03},{""x"":-36.39,""y"":2.35,""z"":149.49},{""x"":-36.21,""y"":3.01,""z"":148.76}]},{""label"":""Left"",""present"":true,""index"":1,""confidence"":0.8785400390625,""depth_cm"":162.9,""wrist_cm"":{""x"":26.21,""y"":-32.95,""z"":162.86},""palm_normal"":[0.358,0.486,-0.798],""finger_dir"":[-0.111,0.87,0.48],""finger_curl"":[0.044,0.156,0.118,0.113,0.118],""pinch_cm"":[8.9,11.5,11.1,10.6],""grip_aperture_cm"":8.9,""gesture"":""OPEN"",""gesture_id"":2,""is_grab"":false,""joints_cm"":[{""x"":26.74,""y"":-33.62,""z"":166.19},{""x"":24.37,""y"":-32.3,""z"":164.54},{""x"":22.61,""y"":-29.88,""z"":163.79},{""x"":21.7,""y"":-27.94,""z"":162.29},{""x"":21.09,""y"":-25.96,""z"":161.36},{""x"":24.63,""y"":-22.8,""z"":162.81},{""x"":24.84,""y"":-18.36,""z"":162.59},{""x"":24.87,""y"":-15.31,""z"":161.53},{""x"":24.72,""y"":-12.69,""z"":158.74},{""x"":26.62,""y"":-23.43,""z"":162.91},{""x"":27.59,""y"":-19.52,""z"":162.62},{""x"":28.1,""y"":-16.72,""z"":161.09},{""x"":28.36,""y"":-14.17,""z"":158.41},{""x"":28.24,""y"":-25.05,""z"":163.01},{""x"":29.13,""y"":-21.75,""z"":162.74},{""x"":29.44,""y"":-19.06,""z"":161.14},{""x"":29.49,""y"":-16.81,""z"":159.16},{""x"":29.47,""y"":-27.2,""z"":162.69},{""x"":30.15,""y"":-24.74,""z"":162.34},{""x"":30.26,""y"":-22.92,""z"":161.3},{""x"":30.18,""y"":-21.32,""z"":159.71}]}],""body"":{""shoulder_L"":[16.8,25.5,218.1],""shoulder_R"":[-24.4,31.5,221.7],""elbow_L"":[21.1,-4.1,188.5],""elbow_R"":[-28.9,11.2,185.4],""wrist_L"":[25.2,-31.4,161.2],""wrist_R"":[-33.1,-7.6,151.9]},""landmark_names"":{""hand_joints"":[""WRIST"",""THUMB_CMC"",""THUMB_MCP"",""THUMB_IP"",""THUMB_TIP"",""INDEX_MCP"",""INDEX_PIP"",""INDEX_DIP"",""INDEX_TIP"",""MIDDLE_MCP"",""MIDDLE_PIP"",""MIDDLE_DIP"",""MIDDLE_TIP"",""RING_MCP"",""RING_PIP"",""RING_DIP"",""RING_TIP"",""PINKY_MCP"",""PINKY_PIP"",""PINKY_DIP"",""PINKY_TIP""],""body_joints"":{""0"":""nose"",""11"":""shoulder_L"",""12"":""shoulder_R"",""13"":""elbow_L"",""14"":""elbow_R"",""15"":""wrist_L"",""16"":""wrist_R"",""23"":""hip_L"",""24"":""hip_R""}},""interhand_cm"":64.7}"
1781631403.1399457,"{""t"":1781631403203,""seq"":1625,""fps"":20.2,""frame"":{""origin"":""camera"",""x"":""right"",""y"":""up"",""z"":""away_from_camera"",""units"":""cm""},""calibration"":{""hand_size_cm"":8,""fov_deg"":75,""shoulder_width_cm"":40},""hands"":[{""label"":""Right"",""present"":true,""index"":0,""confidence"":0.52490234375,""depth_cm"":152.5,""wrist_cm"":{""x"":-32.21,""y"":-10.31,""z"":152.53},""palm_normal"":[0.111,-0.41,0.905],""finger_dir"":[-0.004,0.911,0.413],""finger_curl"":[0.012,0.046,0.094,0.047,0.2],""pinch_cm"":[6.1,7.7,9.1,9.7],""grip_aperture_cm"":6.1,""gesture"":""OPEN"",""gesture_id"":2,""is_grab"":false,""joints_cm"":[{""x"":-32.78,""y"":-10.49,""z"":155.21},{""x"":-30.05,""y"":-8.03,""z"":154.6},{""x"":-28.42,""y"":-4.41,""z"":153.91},{""x"":-27.36,""y"":-1.43,""z"":153.18},{""x"":-26.39,""y"":0.69,""z"":152.94},{""x"":-30.28,""y"":2.66,""z"":152.33},{""x"":-30.11,""y"":7.5,""z"":152.4},{""x"":-30.22,""y"":10.18,""z"":152.42},{""x"":-30.17,""y"":11.82,""z"":151.64},{""x"":-32.52,""y"":2.42,""z"":152.39},{""x"":-33.03,""y"":7.24,""z"":152.59},{""x"":-33.33,""y"":9.66,""z"":152.52},{""x"":-33.22,""y"":10.94,""z"":151.15},{""x"":-34.59,""y"":0.81,""z"":152.61},{""x"":-35.41,""y"":5.04,""z"":152.79},{""x"":-35.75,""y"":7.3,""z"":152.31},{""x"":-35.96,""y"":8.8,""z"":152.13},{""x"":-36.37,""y"":-1.76,""z"":152.77},{""x"":-37.27,""y"":1.05,""z"":152.64},{""x"":-37.42,""y"":2.35,""z"":151.97},{""x"":-37.42,""y"":3.16,""z"":151.32}]},{""label"":""Left"",""present"":true,""index"":1,""confidence"":0.6748046875,""depth_cm"":167.3,""wrist_cm"":{""x"":26.57,""y"":-34.8,""z"":167.35},""palm_normal"":[0.159,0.549,-0.821],""finger_dir"":[0.012,0.83,0.558],""finger_curl"":[0.039,0.14,0.198,0.147,0.062],""pinch_cm"":[9.1,11.1,11.5,13.1],""grip_aperture_cm"":9.1,""gesture"":""OPEN"",""gesture_id"":2,""is_grab"":false,""joints_cm"":[{""x"":27.16,""y"":-35.57,""z"":171.08},{""x"":24.81,""y"":-33.92,""z"":168.78},{""x"":23.03,""y"":-31.53,""z"":167.65},{""x"":21.95,""y"":-29.71,""z"":166.11},{""x"":21.32,""y"":-28.2,""z"":164.7},{""x"":25.39,""y"":-24.11,""z"":166.94},{""x"":25.66,""y"":-19.5,""z"":166.39},{""x"":25.7,""y"":-16.39,""z"":165.03},{""x"":25.65,""y"":-13.81,""z"":162.38},{""x"":27.63,""y"":-24.64,""z"":167.3},{""x"":28.98,""y"":-20.58,""z"":167.02},{""x"":29.53,""y"":-18.34,""z"":165.22},{""x"":29.84,""y"":-16.67,""z"":162.54},{""x"":29.55,""y"":-26.37,""z"":167.79},{""x"":30.69,""y"":-22.61,""z"":167.29},{""x"":31.09,""y"":-20.15,""z"":165.17},{""x"":31.22,""y"":-18.19,""z"":162.98},{""x"":31.07,""y"":-28.91,""z"":168.1},{""x"":32.33,""y"":-26.38,""z"":167.54},{""x"":33.11,""y"":-24.51,""z"":166.1},{""x"":33.65,""y"":-22.73,""z"":164.3}]}],""body"":{""shoulder_L"":[16.8,25.5,218.1],""shoulder_R"":[-24.4,31.5,221.7],""elbow_L"":[21.1,-4.1,188.5],""elbow_R"":[-28.9,11.2,185.4],""wrist_L"":[25.2,-31.4,161.2],""wrist_R"":[-33.1,-7.6,151.9]},""landmark_names"":{""hand_joints"":[""WRIST"",""THUMB_CMC"",""THUMB_MCP"",""THUMB_IP"",""THUMB_TIP"",""INDEX_MCP"",""INDEX_PIP"",""INDEX_DIP"",""INDEX_TIP"",""MIDDLE_MCP"",""MIDDLE_PIP"",""MIDDLE_DIP"",""MIDDLE_TIP"",""RING_MCP"",""RING_PIP"",""RING_DIP"",""RING_TIP"",""PINKY_MCP"",""PINKY_PIP"",""PINKY_DIP"",""PINKY_TIP""],""body_joints"":{""0"":""nose"",""11"":""shoulder_L"",""12"":""shoulder_R"",""13"":""elbow_L"",""14"":""elbow_R"",""15"":""wrist_L"",""16"":""wrist_R"",""23"":""hip_L"",""24"":""hip_R""}},""interhand_cm"":65.4}"
1781631403.186843,"{""t"":1781631403249,""seq"":1626,""fps"":20.6,""frame"":{""origin"":""camera"",""x"":""right"",""y"":""up"",""z"":""away_from_camera"",""units"":""cm""},""calibration"":{""hand_size_cm"":8,""fov_deg"":75,""shoulder_width_cm"":40},""hands"":[{""label"":""Right"",""present"":false},{""label"":""Left"",""present"":false}],""body"":{""shoulder_L"":[16.8,25.5,218.1],""shoulder_R"":[-24.4,31.5,221.7],""elbow_L"":[21.1,-4.1,188.5],""elbow_R"":[-28.9,11.2,185.4],""wrist_L"":[25.2,-31.4,161.2],""wrist_R"":[-33.1,-7.6,151.9]},""landmark_names"":{""hand_joints"":[""WRIST"",""THUMB_CMC"",""THUMB_MCP"",""THUMB_IP"",""THUMB_TIP"",""INDEX_MCP"",""INDEX_PIP"",""INDEX_DIP"",""INDEX_TIP"",""MIDDLE_MCP"",""MIDDLE_PIP"",""MIDDLE_DIP"",""MIDDLE_TIP"",""RING_MCP"",""RING_PIP"",""RING_DIP"",""RING_TIP"",""PINKY_MCP"",""PINKY_PIP"",""PINKY_DIP"",""PINKY_TIP""],""body_joints"":{""0"":""nose"",""11"":""shoulder_L"",""12"":""shoulder_R"",""13"":""elbow_L"",""14"":""elbow_R"",""15"":""wrist_L"",""16"":""wrist_R"",""23"":""hip_L"",""24"":""hip_R""}}}"
1781631403.2500656,"{""t"":1781631403311,""seq"":1627,""fps"":20.2,""frame"":{""origin"":""camera"",""x"":""right"",""y"":""up"",""z"":""away_from_camera"",""units"":""cm""},""calibration"":{""hand_size_cm"":8,""fov_deg"":75,""shoulder_width_cm"":40},""hands"":[{""label"":""Right"",""present"":true,""index"":0,""confidence"":0.638671875,""depth_cm"":153.2,""wrist_cm"":{""x"":19.75,""y"":-13.7,""z"":153.24},""palm_normal"":[0.731,0.351,0.585],""finger_dir"":[0.52,-0.841,-0.146],""finger_curl"":[0.03,0.066,0.146,0.086,0.14],""pinch_cm"":[2.8,2.5,2.2,2.3],""grip_aperture_cm"":2.8,""gesture"":""OPEN"",""gesture_id"":2,""is_grab"":false,""joints_cm"":[{""x"":19.63,""y"":-13.62,""z"":152.35},{""x"":20.43,""y"":-18.08,""z"":152.34},{""x"":21.71,""y"":-23.48,""z"":152.06},{""x"":22.02,""y"":-28.1,""z"":151.68},{""x"":22.24,""y"":-31.67,""z"":152.12},{""x"":23.78,""y"":-24.36,""z"":152.81},{""x"":24.83,""y"":-28.57,""z"":152.71},{""x"":25.02,""y"":-31.73,""z"":152.34},{""x"":24.81,""y"":-33.81,""z"":151.48},{""x"":24.05,""y"":-23.86,""z"":153.33},{""x"":25.28,""y"":-28.12,""z"":153.25},{""x"":25.42,""y"":-31.08,""z"":152.49},{""x"":25.06,""y"":-32.96,""z"":151.6},{""x"":24.1,""y"":-23.4,""z"":153.76},{""x"":25.23,""y"":-27.59,""z"":153.35},{""x"":25.45,""y"":-30.37,""z"":153.02},{""x"":25.39,""y"":-32.01,""z"":152.84},{""x"":23.91,""y"":-22.71,""z"":153.48},{""x"":24.89,""y"":-26.43,""z"":153.49},{""x"":25.02,""y"":-28.67,""z"":152.6},{""x"":25.1,""y"":-30.26,""z"":152.61}]},{""label"":""Left"",""present"":false}],""body"":{""shoulder_L"":[16.9,25.6,219],""shoulder_R"":[-24.3,32.1,222.5],""elbow_L"":[22.2,-6.2,194.1],""elbow_R"":[-28.7,10,187.5],""wrist_L"":[27.2,-35.6,171.1],""wrist_R"":[-32.8,-10.5,155.2]},""landmark_names"":{""hand_joints"":[""WRIST"",""THUMB_CMC"",""THUMB_MCP"",""THUMB_IP"",""THUMB_TIP"",""INDEX_MCP"",""INDEX_PIP"",""INDEX_DIP"",""INDEX_TIP"",""MIDDLE_MCP"",""MIDDLE_PIP"",""MIDDLE_DIP"",""MIDDLE_TIP"",""RING_MCP"",""RING_PIP"",""RING_DIP"",""RING_TIP"",""PINKY_MCP"",""PINKY_PIP"",""PINKY_DIP"",""PINKY_TIP""],""body_joints"":{""0"":""nose"",""11"":""shoulder_L"",""12"":""shoulder_R"",""13"":""elbow_L"",""14"":""elbow_R"",""15"":""wrist_L"",""16"":""wrist_R"",""23"":""hip_L"",""24"":""hip_R""}}}"
1781631403.2943556,"{""t"":1781631403354,""seq"":1628,""fps"":20.3,""frame"":{""origin"":""camera"",""x"":""right"",""y"":""up"",""z"":""away_from_camera"",""units"":""cm""},""calibration"":{""hand_size_cm"":8,""fov_deg"":75,""shoulder_width_cm"":40},""hands"":[{""label"":""Right"",""present"":false},{""label"":""Left"",""present"":false}],""body"":{""shoulder_L"":[16.9,25.6,219],""shoulder_R"":[-24.3,32.1,222.5],""elbow_L"":[22.2,-6.2,194.1],""elbow_R"":[-28.7,10,187.5],""wrist_L"":[27.2,-35.6,171.1],""wrist_R"":[-32.8,-10.5,155.2]},""landmark_names"":{""hand_joints"":[""WRIST"",""THUMB_CMC"",""THUMB_MCP"",""THUMB_IP"",""THUMB_TIP"",""INDEX_MCP"",""INDEX_PIP"",""INDEX_DIP"",""INDEX_TIP"",""MIDDLE_MCP"",""MIDDLE_PIP"",""MIDDLE_DIP"",""MIDDLE_TIP"",""RING_MCP"",""RING_PIP"",""RING_DIP"",""RING_TIP"",""PINKY_MCP"",""PINKY_PIP"",""PINKY_DIP"",""PINKY_TIP""],""body_joints"":{""0"":""nose"",""11"":""shoulder_L"",""12"":""shoulder_R"",""13"":""elbow_L"",""14"":""elbow_R"",""15"":""wrist_L"",""16"":""wrist_R"",""23"":""hip_L"",""24"":""hip_R""}}}"
1781631403.3396494,"{""t"":1781631403398,""seq"":1629,""fps"":20.4,""frame"":{""origin"":""camera"",""x"":""right"",""y"":""up"",""z"":""away_from_camera"",""units"":""cm""},""calibration"":{""hand_size_cm"":8,""fov_deg"":75,""shoulder_width_cm"":40},""hands"":[{""label"":""Right"",""present"":false},{""label"":""Left"",""present"":false}],""body"":{""shoulder_L"":[16.9,25.6,219],""shoulder_R"":[-24.3,32.1,222.5],""elbow_L"":[22.2,-6.2,194.1],""elbow_R"":[-28.7,10,187.5],""wrist_L"":[27.2,-35.6,171.1],""wrist_R"":[-32.8,-10.5,155.2]},""landmark_names"":{""hand_joints"":[""WRIST"",""THUMB_CMC"",""THUMB_MCP"",""THUMB_IP"",""THUMB_TIP"",""INDEX_MCP"",""INDEX_PIP"",""INDEX_DIP"",""INDEX_TIP"",""MIDDLE_MCP"",""MIDDLE_PIP"",""MIDDLE_DIP"",""MIDDLE_TIP"",""RING_MCP"",""RING_PIP"",""RING_DIP"",""RING_TIP"",""PINKY_MCP"",""PINKY_PIP"",""PINKY_DIP"",""PINKY_TIP""],""body_joints"":{""0"":""nose"",""11"":""shoulder_L"",""12"":""shoulder_R"",""13"":""elbow_L"",""14"":""elbow_R"",""15"":""wrist_L"",""16"":""wrist_R"",""23"":""hip_L"",""24"":""hip_R""}}}"
1781631403.3876927,"{""t"":1781631403445,""seq"":1630,""fps"":20.4,""frame"":{""origin"":""camera"",""x"":""right"",""y"":""up"",""z"":""away_from_camera"",""units"":""cm""},""calibration"":{""hand_size_cm"":8,""fov_deg"":75,""shoulder_width_cm"":40},""hands"":[{""label"":""Right"",""present"":false},{""label"":""Left"",""present"":false}],""body"":{""shoulder_L"":[17.2,24.3,217.1],""shoulder_R"":[-24.2,31.8,221.1],""elbow_L"":[22.4,-6.8,193.2],""elbow_R"":[-1.4,8.2,185.3],""wrist_L"":[27.2,-35.6,171.1],""wrist_R"":[19.6,-13.6,152.4]},""landmark_names"":{""hand_joints"":[""WRIST"",""THUMB_CMC"",""THUMB_MCP"",""THUMB_IP"",""THUMB_TIP"",""INDEX_MCP"",""INDEX_PIP"",""INDEX_DIP"",""INDEX_TIP"",""MIDDLE_MCP"",""MIDDLE_PIP"",""MIDDLE_DIP"",""MIDDLE_TIP"",""RING_MCP"",""RING_PIP"",""RING_DIP"",""RING_TIP"",""PINKY_MCP"",""PINKY_PIP"",""PINKY_DIP"",""PINKY_TIP""],""body_joints"":{""0"":""nose"",""11"":""shoulder_L"",""12"":""shoulder_R"",""13"":""elbow_L"",""14"":""elbow_R"",""15"":""wrist_L"",""16"":""wrist_R"",""23"":""hip_L"",""24"":""hip_R""}}}"
1781631403.4414608,"{""t"":1781631403498,""seq"":1631,""fps"":20.3,""frame"":{""origin"":""camera"",""x"":""right"",""y"":""up"",""z"":""away_from_camera"",""units"":""cm""},""calibration"":{""hand_size_cm"":8,""fov_deg"":75,""shoulder_width_cm"":40},""hands"":[{""label"":""Right"",""present"":true,""index"":0,""confidence"":0.943359375,""depth_cm"":160.4,""wrist_cm"":{""x"":-27.16,""y"":-45.94,""z"":160.35},""palm_normal"":[0.355,-0.719,-0.597],""finger_dir"":[0.176,-0.576,0.798],""finger_curl"":[0.069,0.248,0.084,0.183,0.149],""pinch_cm"":[3.8,5.1,5.9,7.5],""grip_aperture_cm"":3.8,""gesture"":""OPEN"",""gesture_id"":2,""is_grab"":false,""joints_cm"":[{""x"":-28.06,""y"":-47.47,""z"":165.68},{""x"":-24.42,""y"":-47.77,""z"":164.9},{""x"":-21.49,""y"":-51.55,""z"":163.96},{""x"":-19.23,""y"":-55.47,""z"":161.98},{""x"":-17.67,""y"":-58.31,""z"":160.88},{""x"":-23.03,""y"":-51.46,""z"":160.21},{""x"":-22,""y"":-58.84,""z"":159.72},{""x"":-21.16,""y"":-64.05,""z"":161.05},{""x"":-20.87,""y"":-67.77,""z"":162.74},{""x"":-25.16,""y"":-52.85,""z"":159.96},{""x"":-24.06,""y"":-60.85,""z"":160.42},{""x"":-23.1,""y"":-66.25,""z"":162.3},{""x"":-22.62,""y"":-69.49,""z"":163.1},{""x"":-27.21,""y"":-53.91,""z"":160.09},{""x"":-26.55,""y"":-61.81,""z"":160.74},{""x"":-25.53,""y"":-66.08,""z"":162.5},{""x"":-25.04,""y"":-68.95,""z"":163.94},{""x"":-28.96,""y"":-54.83,""z"":161.11},{""x"":-28.45,""y"":-61.07,""z"":161.36},{""x"":-28.1,""y"":-64.04,""z"":162.71},{""x"":-28.06,""y"":-65.99,""z"":163.55}]},{""label"":""Left"",""present"":false}],""body"":{""shoulder_L"":[17.2,24.3,217.1],""shoulder_R"":[-24.2,31.8,221.1],""elbow_L"":[22.4,-6.8,193.2],""elbow_R"":[-1.4,8.2,185.3],""wrist_L"":[27.2,-35.6,171.1],""wrist_R"":[19.6,-13.6,152.4]},""landmark_names"":{""hand_joints"":[""WRIST"",""THUMB_CMC"",""THUMB_MCP"",""THUMB_IP"",""THUMB_TIP"",""INDEX_MCP"",""INDEX_PIP"",""INDEX_DIP"",""INDEX_TIP"",""MIDDLE_MCP"",""MIDDLE_PIP"",""MIDDLE_DIP"",""MIDDLE_TIP"",""RING_MCP"",""RING_PIP"",""RING_DIP"",""RING_TIP"",""PINKY_MCP"",""PINKY_PIP"",""PINKY_DIP"",""PINKY_TIP""],""body_joints"":{""0"":""nose"",""11"":""shoulder_L"",""12"":""shoulder_R"",""13"":""elbow_L"",""14"":""elbow_R"",""15"":""wrist_L"",""16"":""wrist_R"",""23"":""hip_L"",""24"":""hip_R""}}}"
1781631403.4910421,"{""t"":1781631403546,""seq"":1632,""fps"":20.2,""frame"":{""origin"":""camera"",""x"":""right"",""y"":""up"",""z"":""away_from_camera"",""units"":""cm""},""calibration"":{""hand_size_cm"":8,""fov_deg"":75,""shoulder_width_cm"":40},""hands"":[{""label"":""Right"",""present"":true,""index"":0,""confidence"":0.9990234375,""depth_cm"":162.1,""wrist_cm"":{""x"":-27.28,""y"":-47.22,""z"":162.06},""palm_normal"":[0.759,-0.466,-0.455],""finger_dir"":[0.276,-0.402,0.873],""finger_curl"":[0.018,0.204,0.093,0.131,0.13],""pinch_cm"":[5.2,6.9,7.2,7.1],""grip_aperture_cm"":5.2,""gesture"":""OPEN"",""gesture_id"":2,""is_grab"":false,""joints_cm"":[{""x"":-28.42,""y"":-49.19,""z"":168.83},{""x"":-24.43,""y"":-49.88,""z"":167.09},{""x"":-21.54,""y"":-54.1,""z"":165.46},{""x"":-19.85,""y"":-58.38,""z"":162.72},{""x"":-18.38,""y"":-61.28,""z"":160.26},{""x"":-22.65,""y"":-55.18,""z"":161.37},{""x"":-21.36,""y"":-62.06,""z"":161.37},{""x"":-20.57,""y"":-66.22,""z"":162.57},{""x"":-20.14,""y"":-69.74,""z"":165.03},{""x"":-24.99,""y"":-56.75,""z"":161.46},{""x"":-23.57,""y"":-64.48,""z"":161.82},{""x"":-22.63,""y"":-69.19,""z"":163.45},{""x"":-21.98,""y"":-72.74,""z"":165.66},{""x"":-27.2,""y"":-58.36,""z"":162.54},{""x"":-25.88,""y"":-65.84,""z"":162.84},{""x"":-24.77,""y"":-69.8,""z"":164.11},{""x"":-23.96,""y"":-72.43,""z"":166.18},{""x"":-29.18,""y"":-59.62,""z"":164.22},{""x"":-28.37,""y"":-65.78,""z"":164.14},{""x"":-27.38,""y"":-68.25,""z"":164.7},{""x"":-26.42,""y"":-69.73,""z"":165.82}]},{""label"":""Left"",""present"":false}],""body"":{""shoulder_L"":[17.2,24.3,217.1],""shoulder_R"":[-24.2,31.8,221.1],""elbow_L"":[22.4,-6.8,193.2],""elbow_R"":[-1.4,8.2,185.3],""wrist_L"":[27.2,-35.6,171.1],""wrist_R"":[19.6,-13.6,152.4]},""landmark_names"":{""hand_joints"":[""WRIST"",""THUMB_CMC"",""THUMB_MCP"",""THUMB_IP"",""THUMB_TIP"",""INDEX_MCP"",""INDEX_PIP"",""INDEX_DIP"",""INDEX_TIP"",""MIDDLE_MCP"",""MIDDLE_PIP"",""MIDDLE_DIP"",""MIDDLE_TIP"",""RING_MCP"",""RING_PIP"",""RING_DIP"",""RING_TIP"",""PINKY_MCP"",""PINKY_PIP"",""PINKY_DIP"",""PINKY_TIP""],""body_joints"":{""0"":""nose"",""11"":""shoulder_L"",""12"":""shoulder_R"",""13"":""elbow_L"",""14"":""elbow_R"",""15"":""wrist_L"",""16"":""wrist_R"",""23"":""hip_L"",""24"":""hip_R""}}}"
1781631403.5551176,"{""t"":1781631403609,""seq"":1633,""fps"":20,""frame"":{""origin"":""camera"",""x"":""right"",""y"":""up"",""z"":""away_from_camera"",""units"":""cm""},""calibration"":{""hand_size_cm"":8,""fov_deg"":75,""shoulder_width_cm"":40},""hands"":[{""label"":""Right"",""present"":true,""index"":1,""confidence"":0.99853515625,""depth_cm"":170.2,""wrist_cm"":{""x"":-28.52,""y"":-50.34,""z"":170.21},""palm_normal"":[0.913,-0.235,-0.334],""finger_dir"":[0.211,-0.429,0.878],""finger_curl"":[0.025,0.112,0.067,0.134,0.114],""pinch_cm"":[4.9,7.4,8,7.9],""grip_aperture_cm"":4.9,""gesture"":""OPEN"",""gesture_id"":2,""is_grab"":false,""joints_cm"":[{""x"":-29.67,""y"":-52.37,""z"":177.1},{""x"":-25.28,""y"":-52.81,""z"":174.96},{""x"":-22.31,""y"":-57.59,""z"":173.34},{""x"":-20.66,""y"":-62.02,""z"":170.04},{""x"":-18.99,""y"":-64.76,""z"":167.57},{""x"":-24.53,""y"":-59.47,""z"":169.24},{""x"":-23.16,""y"":-67.35,""z"":169.26},{""x"":-22,""y"":-71.64,""z"":170.11},{""x"":-21.14,""y"":-74.68,""z"":171.76},{""x"":-26.94,""y"":-61.06,""z"":169.46},{""x"":-25.36,""y"":-69.72,""z"":170.08},{""x"":-23.9,""y"":-74.27,""z"":171.49},{""x"":-22.86,""y"":-77.3,""z"":173.82},{""x"":-28.85,""y"":-62.58,""z"":170.75},{""x"":-27.21,""y"":-70.52,""z"":170.91},{""x"":-25.73,""y"":-74.62,""z"":172.1},{""x"":-24.66,""y"":-77.2,""z"":174.22},{""x"":-30.24,""y"":-63.74,""z"":172.57},{""x"":-28.82,""y"":-69.99,""z"":172.4},{""x"":-27.46,""y"":-73.29,""z"":172.87},{""x"":-26.36,""y"":-75.77,""z"":174.17}]},{""label"":""Left"",""present"":true,""index"":0,""confidence"":0.9938430786132812,""depth_cm"":165.2,""wrist_cm"":{""x"":19.02,""y"":-50.19,""z"":165.21},""palm_normal"":[0.897,-0.058,0.437],""finger_dir"":[-0.394,-0.552,0.735],""finger_curl"":[0.004,0.163,0.032,0.075,0.063],""pinch_cm"":[5.4,7.2,8.3,7.9],""grip_aperture_cm"":5.4,""gesture"":""OPEN"",""gesture_id"":2,""is_grab"":false,""joints_cm"":[{""x"":19.69,""y"":-51.95,""z"":170.98},{""x"":16.17,""y"":-50.66,""z"":169.23},{""x"":13.24,""y"":-52.49,""z"":167.56},{""x"":11.05,""y"":-55.5,""z"":165.28},{""x"":9.21,""y"":-57.91,""z"":163.27},{""x"":14.41,""y"":-58.43,""z"":164.08},{""x"":12.8,""y"":-64.8,""z"":163.85},{""x"":11.43,""y"":-67.7,""z"":165.16},{""x"":10.22,""y"":-69.21,""z"":166.6},{""x"":16.05,""y"":-60.67,""z"":164.67},{""x"":14.18,""y"":-67.73,""z"":165.45},{""x"":12.48,""y"":-70.61,""z"":167.37},{""x"":11.07,""y"":-71.54,""z"":168.43},{""x"":17.24,""y"":-62.19,""z"":165.96},{""x"":15.18,""y"":-68.34,""z"":166.67},{""x"":13.43,""y"":-70.85,""z"":168.28},{""x"":12.08,""y"":-72.03,""z"":169.94},{""x"":18.03,""y"":-63.05,""z"":167.53},{""x"":16.22,""y"":-68.14,""z"":168.25},{""x"":14.78,""y"":-69.87,""z"":168.9},{""x"":13.59,""y"":-70.44,""z"":169.74}]}],""body"":{""shoulder_L"":[17,22,200.2],""shoulder_R"":[-22.8,29.4,206.1],""elbow_L"":[22.3,-7.9,185],""elbow_R"":[-25.7,-11.5,186.7],""wrist_L"":[27.2,-35.6,171.1],""wrist_R"":[-28.4,-49.2,168.8]},""landmark_names"":{""hand_joints"":[""WRIST"",""THUMB_CMC"",""THUMB_MCP"",""THUMB_IP"",""THUMB_TIP"",""INDEX_MCP"",""INDEX_PIP"",""INDEX_DIP"",""INDEX_TIP"",""MIDDLE_MCP"",""MIDDLE_PIP"",""MIDDLE_DIP"",""MIDDLE_TIP"",""RING_MCP"",""RING_PIP"",""RING_DIP"",""RING_TIP"",""PINKY_MCP"",""PINKY_PIP"",""PINKY_DIP"",""PINKY_TIP""],""body_joints"":{""0"":""nose"",""11"":""shoulder_L"",""12"":""shoulder_R"",""13"":""elbow_L"",""14"":""elbow_R"",""15"":""wrist_L"",""16"":""wrist_R"",""23"":""hip_L"",""24"":""hip_R""}},""interhand_cm"":47.8}"
1781631403.602215,"{""t"":1781631403655,""seq"":1634,""fps"":20.2,""frame"":{""origin"":""camera"",""x"":""right"",""y"":""up"",""z"":""away_from_camera"",""units"":""cm""},""calibration"":{""hand_size_cm"":8,""fov_deg"":75,""shoulder_width_cm"":40},""hands"":[{""label"":""Right"",""present"":true,""index"":1,""confidence"":0.99462890625,""depth_cm"":171.8,""wrist_cm"":{""x"":-28.81,""y"":-48.59,""z"":171.77},""palm_normal"":[0.961,-0.141,-0.236],""finger_dir"":[0.107,-0.6,0.793],""finger_curl"":[0.013,0.135,0.068,0.095,0.063],""pinch_cm"":[5.5,8.4,9.3,9.6],""grip_aperture_cm"":5.5,""gesture"":""OPEN"",""gesture_id"":2,""is_grab"":false,""joints_cm"":[{""x"":-29.84,""y"":-50.32,""z"":177.91},{""x"":-25.79,""y"":-51.06,""z"":175.47},{""x"":-23.08,""y"":-55.41,""z"":173.57},{""x"":-21.42,""y"":-59.59,""z"":170.64},{""x"":-20.04,""y"":-62.75,""z"":168.25},{""x"":-26.15,""y"":-59.76,""z"":169.99},{""x"":-24.82,""y"":-67.13,""z"":169.88},{""x"":-23.41,""y"":-70.96,""z"":170.9},{""x"":-22.24,""y"":-73.35,""z"":172.51},{""x"":-28.25,""y"":-61.36,""z"":170.95},{""x"":-26.73,""y"":-69.65,""z"":171.74},{""x"":-25.01,""y"":-73.44,""z"":173.26},{""x"":-23.65,""y"":-75.68,""z"":175.19},{""x"":-29.77,""y"":-62.62,""z"":172.88},{""x"":-28.28,""y"":-70.26,""z"":173.59},{""x"":-26.55,""y"":-73.56,""z"":174.55},{""x"":-25.29,""y"":-75.38,""z"":176.24},{""x"":-30.71,""y"":-63.48,""z"":175.22},{""x"":-29.48,""y"":-69.56,""z"":175.24},{""x"":-27.98,""y"":-72.47,""z"":175.61},{""x"":-26.75,""y"":-74.36,""z"":176.38}]},{""label"":""Left"",""present"":true,""index"":0,""confidence"":0.959075927734375,""depth_cm"":166.9,""wrist_cm"":{""x"":18.91,""y"":-46.9,""z"":166.92},""palm_normal"":[0.927,0.047,0.373],""finger_dir"":[-0.235,-0.703,0.671],""finger_curl"":[0.028,0.113,0.028,0.033,0.073],""pinch_cm"":[6.2,7.5,9,9.2],""grip_aperture_cm"":6.2,""gesture"":""OPEN"",""gesture_id"":2,""is_grab"":false,""joints_cm"":[{""x"":19.42,""y"":-48.18,""z"":171.48},{""x"":15.62,""y"":-47.82,""z"":169.47},{""x"":12.73,""y"":-50.59,""z"":168},{""x"":10.77,""y"":-54.15,""z"":166.08},{""x"":9.37,""y"":-57.06,""z"":163.78},{""x"":14.9,""y"":-57.19,""z"":165.21},{""x"":13.58,""y"":-63.88,""z"":165.14},{""x"":12.37,""y"":-67.02,""z"":166.22},{""x"":11.35,""y"":-68.87,""z"":167.73},{""x"":16.57,""y"":-58.56,""z"":166.3},{""x"":15.46,""y"":-65.8,""z"":167.09},{""x"":14.02,""y"":-68.54,""z"":168.51},{""x"":12.65,""y"":-69.62,""z"":169.31},{""x"":17.74,""y"":-59.36,""z"":168.04},{""x"":16.72,""y"":-65.36,""z"":168.76},{""x"":15.33,""y"":-68.35,""z"":169.8},{""x"":14.1,""y"":-69.75,""z"":170.79},{""x"":18.48,""y"":-59.51,""z"":169.75},{""x"":17.44,""y"":-64.43,""z"":170.24},{""x"":16.27,""y"":-66.9,""z"":170.85},{""x"":15.13,""y"":-67.97,""z"":171.41}]}],""body"":{""shoulder_L"":[17,22,200.2],""shoulder_R"":[-22.8,29.4,206.1],""elbow_L"":[22.3,-7.9,185],""elbow_R"":[-25.7,-11.5,186.7],""wrist_L"":[27.2,-35.6,171.1],""wrist_R"":[-28.4,-49.2,168.8]},""landmark_names"":{""hand_joints"":[""WRIST"",""THUMB_CMC"",""THUMB_MCP"",""THUMB_IP"",""THUMB_TIP"",""INDEX_MCP"",""INDEX_PIP"",""INDEX_DIP"",""INDEX_TIP"",""MIDDLE_MCP"",""MIDDLE_PIP"",""MIDDLE_DIP"",""MIDDLE_TIP"",""RING_MCP"",""RING_PIP"",""RING_DIP"",""RING_TIP"",""PINKY_MCP"",""PINKY_PIP"",""PINKY_DIP"",""PINKY_TIP""],""body_joints"":{""0"":""nose"",""11"":""shoulder_L"",""12"":""shoulder_R"",""13"":""elbow_L"",""14"":""elbow_R"",""15"":""wrist_L"",""16"":""wrist_R"",""23"":""hip_L"",""24"":""hip_R""}},""interhand_cm"":48}"
1781631403.6516898,"{""t"":1781631403703,""seq"":1635,""fps"":20.2,""frame"":{""origin"":""camera"",""x"":""right"",""y"":""up"",""z"":""away_from_camera"",""units"":""cm""},""calibration"":{""hand_size_cm"":8,""fov_deg"":75,""shoulder_width_cm"":40},""hands"":[{""label"":""Right"",""present"":true,""index"":1,""confidence"":0.994140625,""depth_cm"":173.7,""wrist_cm"":{""x"":-29.08,""y"":-45.07,""z"":173.74},""palm_normal"":[0.969,-0.148,-0.199],""finger_dir"":[0.071,-0.603,0.794],""finger_curl"":[0.008,0.147,0.084,0.17,0.099],""pinch_cm"":[5.7,8.9,9.7,10.1],""grip_aperture_cm"":5.7,""gesture"":""OPEN"",""gesture_id"":2,""is_grab"":false,""joints_cm"":[{""x"":-30.11,""y"":-46.66,""z"":179.88},{""x"":-26.37,""y"":-47.48,""z"":177.38},{""x"":-23.78,""y"":-51.4,""z"":175.36},{""x"":-22.13,""y"":-55.32,""z"":172.49},{""x"":-20.72,""y"":-58.23,""z"":169.83},{""x"":-26.86,""y"":-56.13,""z"":171.93},{""x"":-25.79,""y"":-63.89,""z"":171.83},{""x"":-24.28,""y"":-67.36,""z"":172.88},{""x"":-22.99,""y"":-69.17,""z"":174.33},{""x"":-28.9,""y"":-57.85,""z"":173},{""x"":-27.59,""y"":-66.41,""z"":173.98},{""x"":-25.78,""y"":-69.65,""z"":175.85},{""x"":-24.38,""y"":-70.95,""z"":177.39},{""x"":-30.25,""y"":-58.99,""z"":174.84},{""x"":-28.92,""y"":-66.81,""z"":175.58},{""x"":-27.21,""y"":-69.79,""z"":176.92},{""x"":-25.94,""y"":-70.97,""z"":178.37},{""x"":-31,""y"":-59.6,""z"":176.92},{""x"":-29.91,""y"":-65.78,""z"":177.11},{""x"":-28.52,""y"":-68.75,""z"":177.7},{""x"":-27.35,""y"":-70.47,""z"":178.44}]},{""label"":""Left"",""present"":true,""index"":0,""confidence"":0.9809722900390625,""depth_cm"":167.9,""wrist_cm"":{""x"":19.58,""y"":-44.66,""z"":167.9},""palm_normal"":[0.915,-0.139,0.38],""finger_dir"":[-0.345,-0.758,0.553],""finger_curl"":[0.01,0.067,0.011,0.024,0.027],""pinch_cm"":[5.7,7.2,8.9,8.9],""grip_aperture_cm"":5.7,""gesture"":""OPEN"",""gesture_id"":2,""is_grab"":false,""joints_cm"":[{""x"":19.98,""y"":-45.59,""z"":171.4},{""x"":15.95,""y"":-45.31,""z"":169.71},{""x"":13.03,""y"":-48.21,""z"":168.36},{""x"":11.06,""y"":-51.86,""z"":166.63},{""x"":9.47,""y"":-54.91,""z"":165.11},{""x"":14.93,""y"":-55.32,""z"":166.23},{""x"":13.92,""y"":-61.61,""z"":166.47},{""x"":13,""y"":-64.19,""z"":167.35},{""x"":12.28,""y"":-65.42,""z"":168.64},{""x"":16.61,""y"":-56.64,""z"":167.42},{""x"":15.68,""y"":-63.22,""z"":168.43},{""x"":14.54,""y"":-65.54,""z"":169.78},{""x"":13.54,""y"":-66.19,""z"":170.4},{""x"":17.94,""y"":-57.18,""z"":169.02},{""x"":16.84,""y"":-62.56,""z"":169.77},{""x"":15.75,""y"":-65.12,""z"":171.1},{""x"":14.87,""y"":-66.13,""z"":172.26},{""x"":18.85,""y"":-57.13,""z"":170.46},{""x"":17.72,""y"":-61.5,""z"":171.19},{""x"":16.68,""y"":-63.62,""z"":171.79},{""x"":15.77,""y"":-64.45,""z"":172.39}]}],""body"":{""shoulder_L"":[17,22,200.2],""shoulder_R"":[-22.8,29.4,206.1],""elbow_L"":[22.3,-7.9,185],""elbow_R"":[-25.7,-11.5,186.7],""wrist_L"":[27.2,-35.6,171.1],""wrist_R"":[-28.4,-49.2,168.8]},""landmark_names"":{""hand_joints"":[""WRIST"",""THUMB_CMC"",""THUMB_MCP"",""THUMB_IP"",""THUMB_TIP"",""INDEX_MCP"",""INDEX_PIP"",""INDEX_DIP"",""INDEX_TIP"",""MIDDLE_MCP"",""MIDDLE_PIP"",""MIDDLE_DIP"",""MIDDLE_TIP"",""RING_MCP"",""RING_PIP"",""RING_DIP"",""RING_TIP"",""PINKY_MCP"",""PINKY_PIP"",""PINKY_DIP"",""PINKY_TIP""],""body_joints"":{""0"":""nose"",""11"":""shoulder_L"",""12"":""shoulder_R"",""13"":""elbow_L"",""14"":""elbow_R"",""15"":""wrist_L"",""16"":""wrist_R"",""23"":""hip_L"",""24"":""hip_R""}},""interhand_cm"":49}"
1781631403.7049472,"{""t"":1781631403754,""seq"":1636,""fps"":20.1,""frame"":{""origin"":""camera"",""x"":""right"",""y"":""up"",""z"":""away_from_camera"",""units"":""cm""},""calibration"":{""hand_size_cm"":8,""fov_deg"":75,""shoulder_width_cm"":40},""hands"":[{""label"":""Right"",""present"":true,""index"":1,""confidence"":0.99462890625,""depth_cm"":175.4,""wrist_cm"":{""x"":-29.86,""y"":-42.03,""z"":175.35},""palm_normal"":[0.989,-0.028,-0.147],""finger_dir"":[0.094,-0.647,0.756],""finger_curl"":[0.014,0.221,0.163,0.293,0.256],""pinch_cm"":[6.2,8.4,9.2,9.5],""grip_aperture_cm"":6.2,""gesture"":""OPEN"",""gesture_id"":2,""is_grab"":false,""joints_cm"":[{""x"":-30.82,""y"":-43.37,""z"":180.98},{""x"":-27.09,""y"":-43.72,""z"":178.54},{""x"":-24.42,""y"":-47.24,""z"":176.72},{""x"":-22.54,""y"":-50.97,""z"":174.25},{""x"":-20.91,""y"":-53.86,""z"":171.68},{""x"":-27.42,""y"":-53.16,""z"":173.53},{""x"":-25.78,""y"":-61.3,""z"":173.67},{""x"":-24.07,""y"":-63.65,""z"":175.04},{""x"":-23.04,""y"":-64.01,""z"":176.96},{""x"":-29.38,""y"":-55.11,""z"":174.68},{""x"":-27.4,""y"":-63.12,""z"":175.76},{""x"":-25.46,""y"":-64.79,""z"":177.71},{""x"":-24.36,""y"":-64.45,""z"":179.22},{""x"":-30.51,""y"":-56.15,""z"":176.47},{""x"":-28.49,""y"":-63.07,""z"":177.12},{""x"":-26.62,""y"":-64.62,""z"":178.81},{""x"":-25.53,""y"":-64.39,""z"":180.13},{""x"":-31.05,""y"":-56.66,""z"":178.55},{""x"":-29.25,""y"":-62.32,""z"":178.73},{""x"":-27.66,""y"":-64.14,""z"":179.68},{""x"":-26.54,""y"":-64.42,""z"":180.23}]},{""label"":""Left"",""present"":true,""index"":0,""confidence"":0.9828033447265625,""depth_cm"":169.4,""wrist_cm"":{""x"":20.61,""y"":-42.35,""z"":169.37},""palm_normal"":[0.927,-0.107,0.36],""finger_dir"":[-0.327,-0.704,0.63],""finger_curl"":[0.01,0.099,0.002,0.081,0.052],""pinch_cm"":[5.6,6.2,8.4,8.3],""grip_aperture_cm"":5.6,""gesture"":""OPEN"",""gesture_id"":2,""is_grab"":false,""joints_cm"":[{""x"":21.1,""y"":-43.37,""z"":173.42},{""x"":16.77,""y"":-43.27,""z"":171.66},{""x"":13.82,""y"":-46.7,""z"":170.19},{""x"":11.86,""y"":-50.35,""z"":168.26},{""x"":10.29,""y"":-52.97,""z"":166.92},{""x"":15.8,""y"":-52.94,""z"":167.69},{""x"":14.85,""y"":-59.28,""z"":167.84},{""x"":14.21,""y"":-61.53,""z"":168.68},{""x"":13.89,""y"":-62.66,""z"":169.78},{""x"":17.59,""y"":-54.2,""z"":168.88},{""x"":15.9,""y"":-59.65,""z"":169.96},{""x"":14.78,""y"":-60.9,""z"":171.25},{""x"":14.12,""y"":-60.99,""z"":171.96},{""x"":18.97,""y"":-54.53,""z"":170.51},{""x"":17.07,""y"":-58.17,""z"":171.14},{""x"":16,""y"":-59.38,""z"":172.87},{""x"":15.39,""y"":-59.8,""z"":174.43},{""x"":19.93,""y"":-54.35,""z"":172.04},{""x"":18.26,""y"":-57.33,""z"":172.72},{""x"":17.2,""y"":-58.03,""z"":173.59},{""x"":16.52,""y"":-57.9,""z"":174.22}]}],""body"":{""shoulder_L"":[17.1,21.6,196.9],""shoulder_R"":[-22.5,29.1,203.6],""elbow_L"":[18.6,-13.3,183.6],""elbow_R"":[-26.5,-10.3,191.2],""wrist_L"":[20,-45.6,171.4],""wrist_R"":[-30.1,-46.7,179.9]},""landmark_names"":{""hand_joints"":[""WRIST"",""THUMB_CMC"",""THUMB_MCP"",""THUMB_IP"",""THUMB_TIP"",""INDEX_MCP"",""INDEX_PIP"",""INDEX_DIP"",""INDEX_TIP"",""MIDDLE_MCP"",""MIDDLE_PIP"",""MIDDLE_DIP"",""MIDDLE_TIP"",""RING_MCP"",""RING_PIP"",""RING_DIP"",""RING_TIP"",""PINKY_MCP"",""PINKY_PIP"",""PINKY_DIP"",""PINKY_TIP""],""body_joints"":{""0"":""nose"",""11"":""shoulder_L"",""12"":""shoulder_R"",""13"":""elbow_L"",""14"":""elbow_R"",""15"":""wrist_L"",""16"":""wrist_R"",""23"":""hip_L"",""24"":""hip_R""}},""interhand_cm"":50.8}"
1781631403.7525234,"{""t"":1781631403802,""seq"":1637,""fps"":20.2,""frame"":{""origin"":""camera"",""x"":""right"",""y"":""up"",""z"":""away_from_camera"",""units"":""cm""},""calibration"":{""hand_size_cm"":8,""fov_deg"":75,""shoulder_width_cm"":40},""hands"":[{""label"":""Right"",""present"":true,""index"":1,""confidence"":0.99365234375,""depth_cm"":177.2,""wrist_cm"":{""x"":-30.58,""y"":-40.12,""z"":177.22},""palm_normal"":[0.979,0.126,-0.161],""finger_dir"":[0.204,-0.561,0.802],""finger_curl"":[0.003,0.27,0.123,0.247,0.242],""pinch_cm"":[6.1,8.3,8.9,8.8],""grip_aperture_cm"":6.1,""gesture"":""OPEN"",""gesture_id"":2,""is_grab"":false,""joints_cm"":[{""x"":-31.64,""y"":-41.5,""z"":183.32},{""x"":-27.93,""y"":-41.97,""z"":181.2},{""x"":-25.05,""y"":-45.37,""z"":179.23},{""x"":-22.92,""y"":-49.22,""z"":176.83},{""x"":-20.86,""y"":-51.57,""z"":174.13},{""x"":-27.32,""y"":-50.67,""z"":175.65},{""x"":-25.64,""y"":-57.46,""z"":175.61},{""x"":-24.16,""y"":-59.93,""z"":177.08},{""x"":-23.34,""y"":-60.93,""z"":179.52},{""x"":-29.06,""y"":-52.77,""z"":176.55},{""x"":-27,""y"":-59.77,""z"":177.31},{""x"":-25.21,""y"":-61.77,""z"":179.37},{""x"":-24.17,""y"":-62.09,""z"":181.46},{""x"":-30.23,""y"":-54.12,""z"":178.2},{""x"":-28.22,""y"":-60.51,""z"":178.74},{""x"":-26.37,""y"":-62.16,""z"":180.17},{""x"":-25.25,""y"":-62.41,""z"":182.12},{""x"":-30.98,""y"":-54.92,""z"":180.22},{""x"":-29.21,""y"":-60.12,""z"":180.17},{""x"":-27.45,""y"":-61.88,""z"":180.87},{""x"":-26.11,""y"":-62.47,""z"":181.83}]},{""label"":""Left"",""present"":true,""index"":0,""confidence"":0.9852523803710938,""depth_cm"":169.5,""wrist_cm"":{""x"":21.5,""y"":-40.96,""z"":169.53},""palm_normal"":[0.832,-0.025,0.554],""finger_dir"":[-0.353,-0.793,0.496],""finger_curl"":[0.015,0.12,0.07,0.12,0.183],""pinch_cm"":[3.9,5.1,7.2,7.6],""grip_aperture_cm"":3.9,""gesture"":""OPEN"",""gesture_id"":2,""is_grab"":false,""joints_cm"":[{""x"":21.96,""y"":-41.83,""z"":173.13},{""x"":17.88,""y"":-41.91,""z"":171.25},{""x"":14.94,""y"":-45.29,""z"":169.86},{""x"":12.88,""y"":-49.08,""z"":168.07},{""x"":11.34,""y"":-51.74,""z"":167.51},{""x"":16.56,""y"":-52.28,""z"":167.93},{""x"":14.56,""y"":-56.75,""z"":167.99},{""x"":13.47,""y"":-58.01,""z"":168.93},{""x"":12.84,""y"":-58.44,""z"":169.78},{""x"":18.28,""y"":-53.79,""z"":169.06},{""x"":15.69,""y"":-56.92,""z"":170.26},{""x"":14.41,""y"":-56.64,""z"":171.55},{""x"":13.71,""y"":-55.82,""z"":172.32},{""x"":19.61,""y"":-53.94,""z"":170.65},{""x"":17,""y"":-55.88,""z"":171.45},{""x"":15.85,""y"":-55.7,""z"":172.99},{""x"":15.3,""y"":-54.82,""z"":174.07},{""x"":20.46,""y"":-53.45,""z"":172.07},{""x"":18.14,""y"":-55.24,""z"":172.81},{""x"":17.1,""y"":-54.92,""z"":173.5},{""x"":16.64,""y"":-53.8,""z"":174.07}]}],""body"":{""shoulder_L"":[17.1,21.6,196.9],""shoulder_R"":[-22.5,29.1,203.6],""elbow_L"":[18.6,-13.3,183.6],""elbow_R"":[-26.5,-10.3,191.2],""wrist_L"":[20,-45.6,171.4],""wrist_R"":[-30.1,-46.7,179.9]},""landmark_names"":{""hand_joints"":[""WRIST"",""THUMB_CMC"",""THUMB_MCP"",""THUMB_IP"",""THUMB_TIP"",""INDEX_MCP"",""INDEX_PIP"",""INDEX_DIP"",""INDEX_TIP"",""MIDDLE_MCP"",""MIDDLE_PIP"",""MIDDLE_DIP"",""MIDDLE_TIP"",""RING_MCP"",""RING_PIP"",""RING_DIP"",""RING_TIP"",""PINKY_MCP"",""PINKY_PIP"",""PINKY_DIP"",""PINKY_TIP""],""body_joints"":{""0"":""nose"",""11"":""shoulder_L"",""12"":""shoulder_R"",""13"":""elbow_L"",""14"":""elbow_R"",""15"":""wrist_L"",""16"":""wrist_R"",""23"":""hip_L"",""24"":""hip_R""}},""interhand_cm"":52.7}"
1781631403.8021994,"{""t"":1781631403850,""seq"":1638,""fps"":20.4,""frame"":{""origin"":""camera"",""x"":""right"",""y"":""up"",""z"":""away_from_camera"",""units"":""cm""},""calibration"":{""hand_size_cm"":8,""fov_deg"":75,""shoulder_width_cm"":40},""hands"":[{""label"":""Right"",""present"":true,""index"":1,""confidence"":0.99609375,""depth_cm"":180,""wrist_cm"":{""x"":-31.15,""y"":-40.29,""z"":179.99},""palm_normal"":[0.974,0.097,-0.205],""finger_dir"":[0.226,-0.507,0.832],""finger_curl"":[0.004,0.324,0.231,0.316,0.335],""pinch_cm"":[5.1,7.6,8.2,8.4],""grip_aperture_cm"":5.1,""gesture"":""OPEN"",""gesture_id"":2,""is_grab"":false,""joints_cm"":[{""x"":-32.31,""y"":-41.79,""z"":186.71},{""x"":-28.23,""y"":-42.24,""z"":184.79},{""x"":-25.23,""y"":-46.04,""z"":182.77},{""x"":-23.42,""y"":-50.43,""z"":179.98},{""x"":-21.61,""y"":-53.32,""z"":177.43},{""x"":-27.37,""y"":-50.04,""z"":178.79},{""x"":-25.4,""y"":-57.58,""z"":178.76},{""x"":-23.71,""y"":-58.82,""z"":180.24},{""x"":-23.01,""y"":-58.3,""z"":182.41},{""x"":-29.23,""y"":-52.1,""z"":179.31},{""x"":-26.7,""y"":-59.5,""z"":180.11},{""x"":-24.86,""y"":-60.36,""z"":182.49},{""x"":-24.2,""y"":-59.44,""z"":184.63},{""x"":-30.56,""y"":-53.44,""z"":180.7},{""x"":-28.06,""y"":-60.14,""z"":181.34},{""x"":-26.26,""y"":-60.61,""z"":183.11},{""x"":-25.56,""y"":-59.73,""z"":185.25},{""x"":-31.51,""y"":-54.31,""z"":182.66},{""x"":-29.34,""y"":-59.62,""z"":182.71},{""x"":-27.7,""y"":-60.58,""z"":183.89},{""x"":-26.78,""y"":-60.34,""z"":185.27}]},{""label"":""Left"",""present"":true,""index"":0,""confidence"":0.984344482421875,""depth_cm"":168.9,""wrist_cm"":{""x"":22.25,""y"":-40.75,""z"":168.9},""palm_normal"":[0.89,-0.09,0.447],""finger_dir"":[-0.389,-0.66,0.642],""finger_curl"":[0.019,0.241,0.249,0.265,0.343],""pinch_cm"":[3,4.8,6.6,7.4],""grip_aperture_cm"":3,""gesture"":""OPEN"",""gesture_id"":2,""is_grab"":false,""joints_cm"":[{""x"":22.9,""y"":-41.94,""z"":173.84},{""x"":18.6,""y"":-41.46,""z"":171.43},{""x"":15.64,""y"":-44.93,""z"":170.11},{""x"":13.6,""y"":-48.97,""z"":168.45},{""x"":11.96,""y"":-51.92,""z"":168.19},{""x"":16.81,""y"":-51.13,""z"":167.1},{""x"":13.53,""y"":-54.95,""z"":167.69},{""x"":12.51,""y"":-53.41,""z"":169.58},{""x"":12.63,""y"":-52.33,""z"":171.11},{""x"":18.25,""y"":-53.03,""z"":168.19},{""x"":14.83,""y"":-55.52,""z"":169.86},{""x"":14.24,""y"":-53.31,""z"":171.66},{""x"":14.65,""y"":-51.77,""z"":172.39},{""x"":19.34,""y"":-53.82,""z"":169.92},{""x"":16.09,""y"":-55.33,""z"":171.45},{""x"":15.59,""y"":-53.49,""z"":172.89},{""x"":16.06,""y"":-51.99,""z"":173.77},{""x"":20.06,""y"":-53.93,""z"":171.8},{""x"":17.36,""y"":-55.45,""z"":172.84},{""x"":16.92,""y"":-53.93,""z"":173.76},{""x"":17.32,""y"":-52.26,""z"":174.21}]}],""body"":{""shoulder_L"":[17.1,21.6,196.9],""shoulder_R"":[-22.5,29.1,203.6],""elbow_L"":[18.6,-13.3,183.6],""elbow_R"":[-26.5,-10.3,191.2],""wrist_L"":[20,-45.6,171.4],""wrist_R"":[-30.1,-46.7,179.9]},""landmark_names"":{""hand_joints"":[""WRIST"",""THUMB_CMC"",""THUMB_MCP"",""THUMB_IP"",""THUMB_TIP"",""INDEX_MCP"",""INDEX_PIP"",""INDEX_DIP"",""INDEX_TIP"",""MIDDLE_MCP"",""MIDDLE_PIP"",""MIDDLE_DIP"",""MIDDLE_TIP"",""RING_MCP"",""RING_PIP"",""RING_DIP"",""RING_TIP"",""PINKY_MCP"",""PINKY_PIP"",""PINKY_DIP"",""PINKY_TIP""],""body_joints"":{""0"":""nose"",""11"":""shoulder_L"",""12"":""shoulder_R"",""13"":""elbow_L"",""14"":""elbow_R"",""15"":""wrist_L"",""16"":""wrist_R"",""23"":""hip_L"",""24"":""hip_R""}},""interhand_cm"":54.5}"
1781631403.8424485,"{""t"":1781631403889,""seq"":1639,""fps"":20.6,""frame"":{""origin"":""camera"",""x"":""right"",""y"":""up"",""z"":""away_from_camera"",""units"":""cm""},""calibration"":{""hand_size_cm"":8,""fov_deg"":75,""shoulder_width_cm"":40},""hands"":[{""label"":""Right"",""present"":true,""index"":0,""confidence"":0.99462890625,""depth_cm"":171.5,""wrist_cm"":{""x"":-29.46,""y"":-38.7,""z"":171.47},""palm_normal"":[0.991,0.066,-0.114],""finger_dir"":[0.13,-0.628,0.768],""finger_curl"":[0.006,0.227,0.203,0.297,0.342],""pinch_cm"":[5.9,7.5,8.3,8.6],""grip_aperture_cm"":5.9,""gesture"":""OPEN"",""gesture_id"":2,""is_grab"":false,""joints_cm"":[{""x"":-30.42,""y"":-39.96,""z"":177.05},{""x"":-26.68,""y"":-40.59,""z"":175.1},{""x"":-24.17,""y"":-44.26,""z"":173.16},{""x"":-22.71,""y"":-48.44,""z"":170.75},{""x"":-21.33,""y"":-51.15,""z"":168.47},{""x"":-26.86,""y"":-49.21,""z"":169.99},{""x"":-24.5,""y"":-55.67,""z"":170.42},{""x"":-22.78,""y"":-56.47,""z"":171.99},{""x"":-22.17,""y"":-55.84,""z"":174.19},{""x"":-28.37,""y"":-51.11,""z"":170.81},{""x"":-25.41,""y"":-56.9,""z"":171.86},{""x"":-23.58,""y"":-56.9,""z"":174.16},{""x"":-23,""y"":-55.54,""z"":175.73},{""x"":-29.24,""y"":-52.07,""z"":172.42},{""x"":-26.28,""y"":-56.94,""z"":173.12},{""x"":-24.47,""y"":-56.63,""z"":174.79},{""x"":-23.91,""y"":-55.44,""z"":176.47},{""x"":-29.7,""y"":-52.46,""z"":174.45},{""x"":-27.25,""y"":-56.6,""z"":174.59},{""x"":-25.57,""y"":-56.67,""z"":175.64},{""x"":-24.76,""y"":-55.88,""z"":176.74}]},{""label"":""Left"",""present"":false}],""body"":{""shoulder_L"":[17.2,22.3,198.1],""shoulder_R"":[-22.6,30.1,204.3],""elbow_L"":[20.2,-11.1,185.5],""elbow_R"":[-27.6,-7.3,195.2],""wrist_L"":[22.9,-41.9,173.8],""wrist_R"":[-32.3,-41.8,186.7]},""landmark_names"":{""hand_joints"":[""WRIST"",""THUMB_CMC"",""THUMB_MCP"",""THUMB_IP"",""THUMB_TIP"",""INDEX_MCP"",""INDEX_PIP"",""INDEX_DIP"",""INDEX_TIP"",""MIDDLE_MCP"",""MIDDLE_PIP"",""MIDDLE_DIP"",""MIDDLE_TIP"",""RING_MCP"",""RING_PIP"",""RING_DIP"",""RING_TIP"",""PINKY_MCP"",""PINKY_PIP"",""PINKY_DIP"",""PINKY_TIP""],""body_joints"":{""0"":""nose"",""11"":""shoulder_L"",""12"":""shoulder_R"",""13"":""elbow_L"",""14"":""elbow_R"",""15"":""wrist_L"",""16"":""wrist_R"",""23"":""hip_L"",""24"":""hip_R""}}}"
1781631403.8984098,"{""t"":1781631403944,""seq"":1640,""fps"":20.5,""frame"":{""origin"":""camera"",""x"":""right"",""y"":""up"",""z"":""away_from_camera"",""units"":""cm""},""calibration"":{""hand_size_cm"":8,""fov_deg"":75,""shoulder_width_cm"":40},""hands"":[{""label"":""Right"",""present"":true,""index"":0,""confidence"":0.63232421875,""depth_cm"":171.3,""wrist_cm"":{""x"":-29.24,""y"":-38.94,""z"":171.29},""palm_normal"":[-0.846,-0.039,-0.531],""finger_dir"":[0.13,-0.982,-0.136],""finger_curl"":[0.042,0.313,0.414,0.418,0.286],""pinch_cm"":[1.1,0.6,1,2.4],""grip_aperture_cm"":1.1,""gesture"":""OPEN"",""gesture_id"":2,""is_grab"":false,""joints_cm"":[{""x"":-29.07,""y"":-38.71,""z"":170.29},{""x"":-26.14,""y"":-41.48,""z"":171.47},{""x"":-24.61,""y"":-46,""z"":172.07},{""x"":-24,""y"":-50.05,""z"":172.18},{""x"":-23.38,""y"":-52.61,""z"":171.52},{""x"":-26.77,""y"":-50.93,""z"":172.21},{""x"":-25.62,""y"":-55.69,""z"":172.15},{""x"":-23.95,""y"":-55.77,""z"":171.93},{""x"":-22.98,""y"":-54.67,""z"":171.82},{""x"":-27.45,""y"":-51.66,""z"":171.44},{""x"":-26.17,""y"":-56.6,""z"":171.59},{""x"":-24.53,""y"":-56.56,""z"":171.89},{""x"":-23.59,""y"":-55.09,""z"":171.9},{""x"":-27.9,""y"":-51.89,""z"":170.72},{""x"":-26.58,""y"":-56.57,""z"":170.82},{""x"":-24.86,""y"":-56.49,""z"":170.74},{""x"":-23.95,""y"":-55.05,""z"":170.96},{""x"":-28.2,""y"":-51.74,""z"":169.94},{""x"":-26.83,""y"":-55.45,""z"":169.87},{""x"":-25.31,""y"":-55.78,""z"":169.7},{""x"":-24.36,""y"":-54.9,""z"":169.79}]},{""label"":""Left"",""present"":false}],""body"":{""shoulder_L"":[17.2,22.3,198.1],""shoulder_R"":[-22.6,30.1,204.3],""elbow_L"":[20.2,-11.1,185.5],""elbow_R"":[-27.6,-7.3,195.2],""wrist_L"":[22.9,-41.9,173.8],""wrist_R"":[-32.3,-41.8,186.7]},""landmark_names"":{""hand_joints"":[""WRIST"",""THUMB_CMC"",""THUMB_MCP"",""THUMB_IP"",""THUMB_TIP"",""INDEX_MCP"",""INDEX_PIP"",""INDEX_DIP"",""INDEX_TIP"",""MIDDLE_MCP"",""MIDDLE_PIP"",""MIDDLE_DIP"",""MIDDLE_TIP"",""RING_MCP"",""RING_PIP"",""RING_DIP"",""RING_TIP"",""PINKY_MCP"",""PINKY_PIP"",""PINKY_DIP"",""PINKY_TIP""],""body_joints"":{""0"":""nose"",""11"":""shoulder_L"",""12"":""shoulder_R"",""13"":""elbow_L"",""14"":""elbow_R"",""15"":""wrist_L"",""16"":""wrist_R"",""23"":""hip_L"",""24"":""hip_R""}}}"
1781631403.9562237,"{""t"":1781631404001,""seq"":1641,""fps"":20.2,""frame"":{""origin"":""camera"",""x"":""right"",""y"":""up"",""z"":""away_from_camera"",""units"":""cm""},""calibration"":{""hand_size_cm"":8,""fov_deg"":75,""shoulder_width_cm"":40},""hands"":[{""label"":""Right"",""present"":false},{""label"":""Left"",""present"":true,""index"":0,""confidence"":0.54833984375,""depth_cm"":174.3,""wrist_cm"":{""x"":-27.94,""y"":-40.7,""z"":174.26},""palm_normal"":[0.057,-0.054,0.997],""finger_dir"":[-0.247,-0.968,-0.038],""finger_curl"":[0.006,0.043,0.02,0.023,0.005],""pinch_cm"":[1.4,1.5,1.3,1.6],""grip_aperture_cm"":1.4,""gesture"":""OPEN"",""gesture_id"":2,""is_grab"":false,""joints_cm"":[{""x"":-27.9,""y"":-40.63,""z"":173.98},{""x"":-28.16,""y"":-46.25,""z"":174.3},{""x"":-28.28,""y"":-52.04,""z"":174.48},{""x"":-28.17,""y"":-56.67,""z"":174.25},{""x"":-27.71,""y"":-60.88,""z"":174.07},{""x"":-28.69,""y"":-52.8,""z"":174.2},{""x"":-28.36,""y"":-57.83,""z"":174.37},{""x"":-28.03,""y"":-60.98,""z"":174.15},{""x"":-27.63,""y"":-62.9,""z"":173.44},{""x"":-27.95,""y"":-52.54,""z"":174.22},{""x"":-27.58,""y"":-58.01,""z"":174.44},{""x"":-27.07,""y"":-60.91,""z"":174.29},{""x"":-26.69,""y"":-62.9,""z"":173.81},{""x"":-27.32,""y"":-52.48,""z"":174.49},{""x"":-26.84,""y"":-57.29,""z"":174.21},{""x"":-26.47,""y"":-60.31,""z"":174.22},{""x"":-26.4,""y"":-62.56,""z"":174.7},{""x"":-26.51,""y"":-52.21,""z"":174.25},{""x"":-26.23,""y"":-55.97,""z"":173.88},{""x"":-26,""y"":-58.09,""z"":173.09},{""x"":-26.07,""y"":-59.74,""z"":172.88}]}],""body"":{""shoulder_L"":[17.2,22.3,198.1],""shoulder_R"":[-22.6,30.1,204.3],""elbow_L"":[20.2,-11.1,185.5],""elbow_R"":[-27.6,-7.3,195.2],""wrist_L"":[22.9,-41.9,173.8],""wrist_R"":[-32.3,-41.8,186.7]},""landmark_names"":{""hand_joints"":[""WRIST"",""THUMB_CMC"",""THUMB_MCP"",""THUMB_IP"",""THUMB_TIP"",""INDEX_MCP"",""INDEX_PIP"",""INDEX_DIP"",""INDEX_TIP"",""MIDDLE_MCP"",""MIDDLE_PIP"",""MIDDLE_DIP"",""MIDDLE_TIP"",""RING_MCP"",""RING_PIP"",""RING_DIP"",""RING_TIP"",""PINKY_MCP"",""PINKY_PIP"",""PINKY_DIP"",""PINKY_TIP""],""body_joints"":{""0"":""nose"",""11"":""shoulder_L"",""12"":""shoulder_R"",""13"":""elbow_L"",""14"":""elbow_R"",""15"":""wrist_L"",""16"":""wrist_R"",""23"":""hip_L"",""24"":""hip_R""}}}"
1781631403.997151,"{""t"":1781631404041,""seq"":1642,""fps"":20.4,""frame"":{""origin"":""camera"",""x"":""right"",""y"":""up"",""z"":""away_from_camera"",""units"":""cm""},""calibration"":{""hand_size_cm"":8,""fov_deg"":75,""shoulder_width_cm"":40},""hands"":[{""label"":""Right"",""present"":false},{""label"":""Left"",""present"":false}],""body"":{""shoulder_L"":[16.7,21.8,193.3],""shoulder_R"":[-22.6,29.5,200.2],""elbow_L"":[-6.5,-10.7,183.3],""elbow_R"":[-26,-6,184.6],""wrist_L"":[-27.9,-40.6,174],""wrist_R"":[-29.1,-38.7,170.3]},""landmark_names"":{""hand_joints"":[""WRIST"",""THUMB_CMC"",""THUMB_MCP"",""THUMB_IP"",""THUMB_TIP"",""INDEX_MCP"",""INDEX_PIP"",""INDEX_DIP"",""INDEX_TIP"",""MIDDLE_MCP"",""MIDDLE_PIP"",""MIDDLE_DIP"",""MIDDLE_TIP"",""RING_MCP"",""RING_PIP"",""RING_DIP"",""RING_TIP"",""PINKY_MCP"",""PINKY_PIP"",""PINKY_DIP"",""PINKY_TIP""],""body_joints"":{""0"":""nose"",""11"":""shoulder_L"",""12"":""shoulder_R"",""13"":""elbow_L"",""14"":""elbow_R"",""15"":""wrist_L"",""16"":""wrist_R"",""23"":""hip_L"",""24"":""hip_R""}}}"
1781631404.0522685,"{""t"":1781631404095,""seq"":1643,""fps"":20.2,""frame"":{""origin"":""camera"",""x"":""right"",""y"":""up"",""z"":""away_from_camera"",""units"":""cm""},""calibration"":{""hand_size_cm"":8,""fov_deg"":75,""shoulder_width_cm"":40},""hands"":[{""label"":""Right"",""present"":true,""index"":1,""confidence"":0.982421875,""depth_cm"":178.1,""wrist_cm"":{""x"":-31.24,""y"":-65.4,""z"":178.08},""palm_normal"":[0.987,-0.152,-0.047],""finger_dir"":[-0.135,-0.955,0.264],""finger_curl"":[0.017,0.255,0.463,0.703,0.784],""pinch_cm"":[3,3.9,4.7,4.3],""grip_aperture_cm"":3,""gesture"":""OPEN"",""gesture_id"":2,""is_grab"":false,""joints_cm"":[{""x"":-31.51,""y"":-65.96,""z"":179.59},{""x"":-29.7,""y"":-67.32,""z"":178.3},{""x"":-29.09,""y"":-71.89,""z"":177.22},{""x"":-28.93,""y"":-77.38,""z"":176.9},{""x"":-28.25,""y"":-81.65,""z"":176.1},{""x"":-31.4,""y"":-78.23,""z"":176.74},{""x"":-31.05,""y"":-84.91,""z"":176.93},{""x"":-29.85,""y"":-85.92,""z"":177.66},{""x"":-28.93,""y"":-86.11,""z"":178.68},{""x"":-32.12,""y"":-79.68,""z"":177.93},{""x"":-31.24,""y"":-86.51,""z"":178.42},{""x"":-30.17,""y"":-86.48,""z"":179.41},{""x"":-29.42,""y"":-85.13,""z"":179.92},{""x"":-32.62,""y"":-80.45,""z"":179.04},{""x"":-31.6,""y"":-86.33,""z"":178.86},{""x"":-30.75,""y"":-85.87,""z"":179.51},{""x"":-30.19,""y"":-84.54,""z"":180.5},{""x"":-32.86,""y"":-80.75,""z"":179.94},{""x"":-32.35,""y"":-85.94,""z"":179.97},{""x"":-31.42,""y"":-85.87,""z"":180.04},{""x"":-30.6,""y"":-84.87,""z"":179.92}]},{""label"":""Left"",""present"":true,""index"":0,""confidence"":0.966156005859375,""depth_cm"":173.8,""wrist_cm"":{""x"":17.88,""y"":-64.64,""z"":173.81},""palm_normal"":[0.948,0.313,0.051],""finger_dir"":[0.238,-0.808,0.539],""finger_curl"":[0.019,0.31,0.206,0.254,0.384],""pinch_cm"":[4.8,6.1,7.9,7.9],""grip_aperture_cm"":4.8,""gesture"":""OPEN"",""gesture_id"":2,""is_grab"":false,""joints_cm"":[{""x"":18.22,""y"":-65.88,""z"":177.14},{""x"":16.13,""y"":-69.17,""z"":175.17},{""x"":15.6,""y"":-73.74,""z"":173.43},{""x"":15.41,""y"":-78.24,""z"":171.51},{""x"":14.72,""y"":-81.74,""z"":170.13},{""x"":18.76,""y"":-77.37,""z"":171.93},{""x"":16.94,""y"":-84.59,""z"":172.07},{""x"":15.09,""y"":-85.4,""z"":173.15},{""x"":14.09,""y"":-84.96,""z"":174.72},{""x"":19.54,""y"":-77.76,""z"":173.28},{""x"":17.54,""y"":-85.02,""z"":174.57},{""x"":15.53,""y"":-85.43,""z"":175.4},{""x"":14.38,""y"":-84.2,""z"":176.06},{""x"":19.72,""y"":-78,""z"":175.15},{""x"":17.71,""y"":-83.91,""z"":175.85},{""x"":16.07,""y"":-84.31,""z"":176.95},{""x"":15.06,""y"":-83.25,""z"":177.85},{""x"":19.49,""y"":-78.16,""z"":176.61},{""x"":17.75,""y"":-82.56,""z"":177.38},{""x"":16.41,""y"":-82.84,""z"":177.53},{""x"":15.38,""y"":-81.98,""z"":177.85}]}],""body"":{""shoulder_L"":[16.7,21.8,193.3],""shoulder_R"":[-22.6,29.5,200.2],""elbow_L"":[-6.5,-10.7,183.3],""elbow_R"":[-26,-6,184.6],""wrist_L"":[-27.9,-40.6,174],""wrist_R"":[-29.1,-38.7,170.3]},""landmark_names"":{""hand_joints"":[""WRIST"",""THUMB_CMC"",""THUMB_MCP"",""THUMB_IP"",""THUMB_TIP"",""INDEX_MCP"",""INDEX_PIP"",""INDEX_DIP"",""INDEX_TIP"",""MIDDLE_MCP"",""MIDDLE_PIP"",""MIDDLE_DIP"",""MIDDLE_TIP"",""RING_MCP"",""RING_PIP"",""RING_DIP"",""RING_TIP"",""PINKY_MCP"",""PINKY_PIP"",""PINKY_DIP"",""PINKY_TIP""],""body_joints"":{""0"":""nose"",""11"":""shoulder_L"",""12"":""shoulder_R"",""13"":""elbow_L"",""14"":""elbow_R"",""15"":""wrist_L"",""16"":""wrist_R"",""23"":""hip_L"",""24"":""hip_R""}},""interhand_cm"":49.3}"
1781631404.0921743,"{""t"":1781631404134,""seq"":1644,""fps"":20.4,""frame"":{""origin"":""camera"",""x"":""right"",""y"":""up"",""z"":""away_from_camera"",""units"":""cm""},""calibration"":{""hand_size_cm"":8,""fov_deg"":75,""shoulder_width_cm"":40},""hands"":[{""label"":""Right"",""present"":true,""index"":1,""confidence"":0.97998046875,""depth_cm"":177.5,""wrist_cm"":{""x"":-33.21,""y"":-61.93,""z"":177.52},""palm_normal"":[0.943,-0.302,-0.141],""finger_dir"":[-0.143,-0.749,0.647],""finger_curl"":[0.004,0.26,0.243,0.319,0.283],""pinch_cm"":[3.1,5,5.5,5.3],""grip_aperture_cm"":3.1,""gesture"":""OPEN"",""gesture_id"":2,""is_grab"":false,""joints_cm"":[{""x"":-34.11,""y"":-63.61,""z"":182.33},{""x"":-31.01,""y"":-66.8,""z"":180.71},{""x"":-29.89,""y"":-72.2,""z"":179.44},{""x"":-29.5,""y"":-77.01,""z"":177.74},{""x"":-28.64,""y"":-80.26,""z"":176.02},{""x"":-32.83,""y"":-73.99,""z"":176.35},{""x"":-32.69,""y"":-80.62,""z"":176.25},{""x"":-31.22,""y"":-83.38,""z"":177.18},{""x"":-29.98,""y"":-84.65,""z"":178.91},{""x"":-34.21,""y"":-74.76,""z"":176.97},{""x"":-33.54,""y"":-82.07,""z"":177.47},{""x"":-31.84,""y"":-84.43,""z"":179.07},{""x"":-30.55,""y"":-85.31,""z"":180.81},{""x"":-35.07,""y"":-75.52,""z"":178.13},{""x"":-34.09,""y"":-82.32,""z"":178.3},{""x"":-32.35,""y"":-84.41,""z"":179.54},{""x"":-31.14,""y"":-85.15,""z"":181.29},{""x"":-35.58,""y"":-76.43,""z"":179.79},{""x"":-34.57,""y"":-81.53,""z"":179.75},{""x"":-33,""y"":-83.39,""z"":180.39},{""x"":-31.67,""y"":-84.13,""z"":181.05}]},{""label"":""Left"",""present"":true,""index"":0,""confidence"":0.89849853515625,""depth_cm"":171.9,""wrist_cm"":{""x"":18.68,""y"":-60.74,""z"":171.9},""palm_normal"":[0.998,-0.056,0.02],""finger_dir"":[-0.06,-0.951,0.303],""finger_curl"":[0.003,0.125,0.217,0.194,0.226],""pinch_cm"":[2.8,3.7,5.7,5.3],""grip_aperture_cm"":2.8,""gesture"":""OPEN"",""gesture_id"":2,""is_grab"":false,""joints_cm"":[{""x"":18.93,""y"":-61.57,""z"":174.23},{""x"":16.64,""y"":-65.57,""z"":172.7},{""x"":15.47,""y"":-71.92,""z"":171.55},{""x"":14.75,""y"":-76.74,""z"":169.67},{""x"":13.93,""y"":-81.21,""z"":169.28},{""x"":18.25,""y"":-76.03,""z"":170.58},{""x"":16.32,""y"":-80.85,""z"":170.62},{""x"":14.27,""y"":-81.26,""z"":171.13},{""x"":13.28,""y"":-81.57,""z"":172.06},{""x"":18.74,""y"":-75.63,""z"":171.66},{""x"":16.89,""y"":-80.19,""z"":172.21},{""x"":14.96,""y"":-80.59,""z"":172.53},{""x"":13.88,""y"":-80.28,""z"":172.57},{""x"":18.81,""y"":-74.81,""z"":172.97},{""x"":17.05,""y"":-78.63,""z"":172.86},{""x"":15.32,""y"":-79.44,""z"":173.53},{""x"":14.3,""y"":-79.47,""z"":174.39},{""x"":18.52,""y"":-73.73,""z"":173.73},{""x"":17.04,""y"":-77.28,""z"":173.8},{""x"":15.77,""y"":-77.92,""z"":173.53},{""x"":14.87,""y"":-77.89,""z"":173.67}]}],""body"":{""shoulder_L"":[16.7,21.8,193.3],""shoulder_R"":[-22.6,29.5,200.2],""elbow_L"":[-6.5,-10.7,183.3],""elbow_R"":[-26,-6,184.6],""wrist_L"":[-27.9,-40.6,174],""wrist_R"":[-29.1,-38.7,170.3]},""landmark_names"":{""hand_joints"":[""WRIST"",""THUMB_CMC"",""THUMB_MCP"",""THUMB_IP"",""THUMB_TIP"",""INDEX_MCP"",""INDEX_PIP"",""INDEX_DIP"",""INDEX_TIP"",""MIDDLE_MCP"",""MIDDLE_PIP"",""MIDDLE_DIP"",""MIDDLE_TIP"",""RING_MCP"",""RING_PIP"",""RING_DIP"",""RING_TIP"",""PINKY_MCP"",""PINKY_PIP"",""PINKY_DIP"",""PINKY_TIP""],""body_joints"":{""0"":""nose"",""11"":""shoulder_L"",""12"":""shoulder_R"",""13"":""elbow_L"",""14"":""elbow_R"",""15"":""wrist_L"",""16"":""wrist_R"",""23"":""hip_L"",""24"":""hip_R""}},""interhand_cm"":52.2}"
1781631404.1632748,"{""t"":1781631404203,""seq"":1645,""fps"":20.1,""frame"":{""origin"":""camera"",""x"":""right"",""y"":""up"",""z"":""away_from_camera"",""units"":""cm""},""calibration"":{""hand_size_cm"":8,""fov_deg"":75,""shoulder_width_cm"":40},""hands"":[{""label"":""Right"",""present"":true,""index"":1,""confidence"":0.93505859375,""depth_cm"":176.8,""wrist_cm"":{""x"":-32.28,""y"":-58.14,""z"":176.79},""palm_normal"":[0.955,-0.298,0.017],""finger_dir"":[-0.273,-0.85,0.45],""finger_curl"":[0.005,0.021,0.018,0.091,0.09],""pinch_cm"":[3.5,4.8,6.3,5.1],""grip_aperture_cm"":3.5,""gesture"":""OPEN"",""gesture_id"":2,""is_grab"":false,""joints_cm"":[{""x"":-32.8,""y"":-59.08,""z"":179.65},{""x"":-30.28,""y"":-62.52,""z"":178.01},{""x"":-29.48,""y"":-68.3,""z"":176.74},{""x"":-29.2,""y"":-73.11,""z"":175.4},{""x"":-28.44,""y"":-76.51,""z"":173.86},{""x"":-33.11,""y"":-70.89,""z"":175.55},{""x"":-31.79,""y"":-77.35,""z"":175.66},{""x"":-30.42,""y"":-80.53,""z"":176},{""x"":-29.43,""y"":-82.27,""z"":176.68},{""x"":-34,""y"":-71.25,""z"":176.44},{""x"":-32.74,""y"":-77.65,""z"":176.86},{""x"":-31.42,""y"":-80.71,""z"":177.4},{""x"":-30.44,""y"":-82.64,""z"":178.21},{""x"":-34.35,""y"":-71.6,""z"":177.76},{""x"":-33.14,""y"":-77.25,""z"":177.96},{""x"":-31.87,""y"":-80.56,""z"":178.87},{""x"":-30.85,""y"":-82.5,""z"":179.94},{""x"":-34.18,""y"":-71.91,""z"":178.9},{""x"":-33.23,""y"":-76.55,""z"":178.79},{""x"":-31.92,""y"":-79.06,""z"":178.81},{""x"":-30.75,""y"":-80.57,""z"":178.73}]},{""label"":""Left"",""present"":true,""index"":0,""confidence"":0.8101806640625,""depth_cm"":170.7,""wrist_cm"":{""x"":19.76,""y"":-58.47,""z"":170.66},""palm_normal"":[0.975,-0.218,-0.05],""finger_dir"":[-0.167,-0.856,0.489],""finger_curl"":[0.009,0.092,0.177,0.15,0.172],""pinch_cm"":[2,2.2,4.3,3.2],""grip_aperture_cm"":2,""gesture"":""OPEN"",""gesture_id"":2,""is_grab"":false,""joints_cm"":[{""x"":20.14,""y"":-59.62,""z"":174.01},{""x"":17.97,""y"":-62.26,""z"":172.42},{""x"":16.45,""y"":-67.55,""z"":171.45},{""x"":15.31,""y"":-71.92,""z"":169.68},{""x"":14.17,""y"":-75.57,""z"":168.92},{""x"":18.2,""y"":-71.55,""z"":169.44},{""x"":16.31,""y"":-77.07,""z"":169.37},{""x"":14.76,""y"":-78.49,""z"":169.92},{""x"":13.92,""y"":-79.05,""z"":170.49},{""x"":18.6,""y"":-72.17,""z"":170.21},{""x"":16.79,""y"":-77.58,""z"":170.91},{""x"":15.25,""y"":-78.62,""z"":171.2},{""x"":14.24,""y"":-78.24,""z"":171.08},{""x"":18.68,""y"":-72.5,""z"":171.54},{""x"":16.88,""y"":-77.2,""z"":171.78},{""x"":15.55,""y"":-78.31,""z"":172.39},{""x"":14.71,""y"":-78.2,""z"":173.2},{""x"":18.53,""y"":-72.55,""z"":172.52},{""x"":17.02,""y"":-76.72,""z"":172.67},{""x"":15.81,""y"":-77.81,""z"":172.24},{""x"":14.81,""y"":-77.96,""z"":172.13}]}],""body"":{""shoulder_L"":[15.2,21.7,183.7],""shoulder_R"":[-23.2,28,189.9],""elbow_L"":[17.2,-21.6,178.8],""elbow_R"":[-28.9,-19.7,186],""wrist_L"":[18.9,-61.6,174.2],""wrist_R"":[-34.1,-63.6,182.3]},""landmark_names"":{""hand_joints"":[""WRIST"",""THUMB_CMC"",""THUMB_MCP"",""THUMB_IP"",""THUMB_TIP"",""INDEX_MCP"",""INDEX_PIP"",""INDEX_DIP"",""INDEX_TIP"",""MIDDLE_MCP"",""MIDDLE_PIP"",""MIDDLE_DIP"",""MIDDLE_TIP"",""RING_MCP"",""RING_PIP"",""RING_DIP"",""RING_TIP"",""PINKY_MCP"",""PINKY_PIP"",""PINKY_DIP"",""PINKY_TIP""],""body_joints"":{""0"":""nose"",""11"":""shoulder_L"",""12"":""shoulder_R"",""13"":""elbow_L"",""14"":""elbow_R"",""15"":""wrist_L"",""16"":""wrist_R"",""23"":""hip_L"",""24"":""hip_R""}},""interhand_cm"":52.4}"
1781631404.2217064,"{""t"":1781631404261,""seq"":1646,""fps"":20,""frame"":{""origin"":""camera"",""x"":""right"",""y"":""up"",""z"":""away_from_camera"",""units"":""cm""},""calibration"":{""hand_size_cm"":8,""fov_deg"":75,""shoulder_width_cm"":40},""hands"":[{""label"":""Right"",""present"":true,""index"":0,""confidence"":0.9521484375,""depth_cm"":171,""wrist_cm"":{""x"":-31.78,""y"":-52.93,""z"":170.99},""palm_normal"":[0.982,-0.183,0.046],""finger_dir"":[-0.181,-0.846,0.502],""finger_curl"":[0.012,0.116,0.162,0.288,0.284],""pinch_cm"":[4.1,5.1,6,6.3],""grip_aperture_cm"":4.1,""gesture"":""OPEN"",""gesture_id"":2,""is_grab"":false,""joints_cm"":[{""x"":-32.44,""y"":-54.04,""z"":174.57},{""x"":-29.84,""y"":-56.11,""z"":172.68},{""x"":-28.55,""y"":-60.88,""z"":171.26},{""x"":-28.01,""y"":-65.46,""z"":169.77},{""x"":-27.58,""y"":-68.47,""z"":167.89},{""x"":-32.22,""y"":-64.58,""z"":169.56},{""x"":-30.67,""y"":-70.81,""z"":169.72},{""x"":-29.12,""y"":-72.24,""z"":170.29},{""x"":-28.21,""y"":-72.58,""z"":171.73},{""x"":-33.14,""y"":-65.35,""z"":170.54},{""x"":-31.47,""y"":-71.42,""z"":171.02},{""x"":-29.98,""y"":-72.67,""z"":172.02},{""x"":-29.07,""y"":-72.92,""z"":172.96},{""x"":-33.46,""y"":-66.04,""z"":171.91},{""x"":-31.72,""y"":-71.16,""z"":171.92},{""x"":-30.39,""y"":-72.44,""z"":173.07},{""x"":-29.47,""y"":-72.44,""z"":173.82},{""x"":-33.38,""y"":-66.62,""z"":173.3},{""x"":-32.05,""y"":-71.03,""z"":173.42},{""x"":-30.81,""y"":-72.11,""z"":173.86},{""x"":-29.86,""y"":-72.18,""z"":174.07}]},{""label"":""Left"",""present"":false}],""body"":{""shoulder_L"":[15.2,21.7,183.7],""shoulder_R"":[-23.2,28,189.9],""elbow_L"":[17.2,-21.6,178.8],""elbow_R"":[-28.9,-19.7,186],""wrist_L"":[18.9,-61.6,174.2],""wrist_R"":[-34.1,-63.6,182.3]},""landmark_names"":{""hand_joints"":[""WRIST"",""THUMB_CMC"",""THUMB_MCP"",""THUMB_IP"",""THUMB_TIP"",""INDEX_MCP"",""INDEX_PIP"",""INDEX_DIP"",""INDEX_TIP"",""MIDDLE_MCP"",""MIDDLE_PIP"",""MIDDLE_DIP"",""MIDDLE_TIP"",""RING_MCP"",""RING_PIP"",""RING_DIP"",""RING_TIP"",""PINKY_MCP"",""PINKY_PIP"",""PINKY_DIP"",""PINKY_TIP""],""body_joints"":{""0"":""nose"",""11"":""shoulder_L"",""12"":""shoulder_R"",""13"":""elbow_L"",""14"":""elbow_R"",""15"":""wrist_L"",""16"":""wrist_R"",""23"":""hip_L"",""24"":""hip_R""}}}"
1781631404.277221,"{""t"":1781631404315,""seq"":1647,""fps"":19.9,""frame"":{""origin"":""camera"",""x"":""right"",""y"":""up"",""z"":""away_from_camera"",""units"":""cm""},""calibration"":{""hand_size_cm"":8,""fov_deg"":75,""shoulder_width_cm"":40},""hands"":[{""label"":""Right"",""present"":true,""index"":0,""confidence"":0.98193359375,""depth_cm"":171.4,""wrist_cm"":{""x"":-33.58,""y"":-49.56,""z"":171.38},""palm_normal"":[0.999,0.02,0.041],""finger_dir"":[-0.008,-0.808,0.589],""finger_curl"":[0.004,0.138,0.047,0.202,0.234],""pinch_cm"":[5,5.9,6.9,7.2],""grip_aperture_cm"":5,""gesture"":""OPEN"",""gesture_id"":2,""is_grab"":false,""joints_cm"":[{""x"":-34.35,""y"":-50.7,""z"":175.29},{""x"":-31.46,""y"":-51.54,""z"":173.39},{""x"":-29.86,""y"":-55.47,""z"":171.75},{""x"":-28.94,""y"":-59.85,""z"":170.39},{""x"":-27.84,""y"":-62.45,""z"":168.41},{""x"":-32.77,""y"":-60.87,""z"":169.84},{""x"":-30.53,""y"":-66.42,""z"":170.24},{""x"":-29.48,""y"":-67.86,""z"":171.19},{""x"":-29.17,""y"":-68.35,""z"":172.99},{""x"":-34.02,""y"":-62.09,""z"":170.87},{""x"":-31.81,""y"":-67.64,""z"":171.57},{""x"":-30.66,""y"":-69.18,""z"":172.84},{""x"":-30.01,""y"":-69.84,""z"":173.81},{""x"":-34.69,""y"":-62.98,""z"":172.45},{""x"":-32.58,""y"":-67.74,""z"":172.73},{""x"":-31.42,""y"":-69.3,""z"":173.97},{""x"":-30.7,""y"":-69.93,""z"":175},{""x"":-34.86,""y"":-63.58,""z"":174.12},{""x"":-33.24,""y"":-67.6,""z"":174.24},{""x"":-32.01,""y"":-68.77,""z"":174.78},{""x"":-31.11,""y"":-69.16,""z"":175.33}]},{""label"":""Left"",""present"":false}],""body"":{""shoulder_L"":[15.2,21.7,183.7],""shoulder_R"":[-23.2,28,189.9],""elbow_L"":[17.2,-21.6,178.8],""elbow_R"":[-28.9,-19.7,186],""wrist_L"":[18.9,-61.6,174.2],""wrist_R"":[-34.1,-63.6,182.3]},""landmark_names"":{""hand_joints"":[""WRIST"",""THUMB_CMC"",""THUMB_MCP"",""THUMB_IP"",""THUMB_TIP"",""INDEX_MCP"",""INDEX_PIP"",""INDEX_DIP"",""INDEX_TIP"",""MIDDLE_MCP"",""MIDDLE_PIP"",""MIDDLE_DIP"",""MIDDLE_TIP"",""RING_MCP"",""RING_PIP"",""RING_DIP"",""RING_TIP"",""PINKY_MCP"",""PINKY_PIP"",""PINKY_DIP"",""PINKY_TIP""],""body_joints"":{""0"":""nose"",""11"":""shoulder_L"",""12"":""shoulder_R"",""13"":""elbow_L"",""14"":""elbow_R"",""15"":""wrist_L"",""16"":""wrist_R"",""23"":""hip_L"",""24"":""hip_R""}}}"
1781631404.357499,"{""t"":1781631404394,""seq"":1649,""fps"":20.2,""frame"":{""origin"":""camera"",""x"":""right"",""y"":""up"",""z"":""away_from_camera"",""units"":""cm""},""calibration"":{""hand_size_cm"":8,""fov_deg"":75,""shoulder_width_cm"":40},""hands"":[{""label"":""Right"",""present"":false},{""label"":""Left"",""present"":false}],""body"":{""shoulder_L"":[12.9,23.5,183],""shoulder_R"":[-26.3,28.8,190.2],""elbow_L"":[16.7,-19.7,178.3],""elbow_R"":[-30.5,-12.5,182.4],""wrist_L"":[20.1,-59.6,174],""wrist_R"":[-34.3,-50.7,175.3]},""landmark_names"":{""hand_joints"":[""WRIST"",""THUMB_CMC"",""THUMB_MCP"",""THUMB_IP"",""THUMB_TIP"",""INDEX_MCP"",""INDEX_PIP"",""INDEX_DIP"",""INDEX_TIP"",""MIDDLE_MCP"",""MIDDLE_PIP"",""MIDDLE_DIP"",""MIDDLE_TIP"",""RING_MCP"",""RING_PIP"",""RING_DIP"",""RING_TIP"",""PINKY_MCP"",""PINKY_PIP"",""PINKY_DIP"",""PINKY_TIP""],""body_joints"":{""0"":""nose"",""11"":""shoulder_L"",""12"":""shoulder_R"",""13"":""elbow_L"",""14"":""elbow_R"",""15"":""wrist_L"",""16"":""wrist_R"",""23"":""hip_L"",""24"":""hip_R""}}}"
1781631404.4063556,"{""t"":1781631404442,""seq"":1650,""fps"":20.4,""frame"":{""origin"":""camera"",""x"":""right"",""y"":""up"",""z"":""away_from_camera"",""units"":""cm""},""calibration"":{""hand_size_cm"":8,""fov_deg"":75,""shoulder_width_cm"":40},""hands"":[{""label"":""Right"",""present"":false},{""label"":""Left"",""present"":false}],""body"":{""shoulder_L"":[12.9,23.5,183],""shoulder_R"":[-26.3,28.8,190.2],""elbow_L"":[16.7,-19.7,178.3],""elbow_R"":[-30.5,-12.5,182.4],""wrist_L"":[20.1,-59.6,174],""wrist_R"":[-34.3,-50.7,175.3]},""landmark_names"":{""hand_joints"":[""WRIST"",""THUMB_CMC"",""THUMB_MCP"",""THUMB_IP"",""THUMB_TIP"",""INDEX_MCP"",""INDEX_PIP"",""INDEX_DIP"",""INDEX_TIP"",""MIDDLE_MCP"",""MIDDLE_PIP"",""MIDDLE_DIP"",""MIDDLE_TIP"",""RING_MCP"",""RING_PIP"",""RING_DIP"",""RING_TIP"",""PINKY_MCP"",""PINKY_PIP"",""PINKY_DIP"",""PINKY_TIP""],""body_joints"":{""0"":""nose"",""11"":""shoulder_L"",""12"":""shoulder_R"",""13"":""elbow_L"",""14"":""elbow_R"",""15"":""wrist_L"",""16"":""wrist_R"",""23"":""hip_L"",""24"":""hip_R""}}}"
1781631404.4543278,"{""t"":1781631404489,""seq"":1651,""fps"":20.4,""frame"":{""origin"":""camera"",""x"":""right"",""y"":""up"",""z"":""away_from_camera"",""units"":""cm""},""calibration"":{""hand_size_cm"":8,""fov_deg"":75,""shoulder_width_cm"":40},""hands"":[{""label"":""Right"",""present"":false},{""label"":""Left"",""present"":false}],""body"":{""shoulder_L"":[9,22.4,173.9],""shoulder_R"":[-30.2,28.3,180.6],""elbow_L"":[14.8,-20.3,174],""elbow_R"":[-33,-11.9,178.1],""wrist_L"":[20.1,-59.6,174],""wrist_R"":[-35.7,-49,175.8]},""landmark_names"":{""hand_joints"":[""WRIST"",""THUMB_CMC"",""THUMB_MCP"",""THUMB_IP"",""THUMB_TIP"",""INDEX_MCP"",""INDEX_PIP"",""INDEX_DIP"",""INDEX_TIP"",""MIDDLE_MCP"",""MIDDLE_PIP"",""MIDDLE_DIP"",""MIDDLE_TIP"",""RING_MCP"",""RING_PIP"",""RING_DIP"",""RING_TIP"",""PINKY_MCP"",""PINKY_PIP"",""PINKY_DIP"",""PINKY_TIP""],""body_joints"":{""0"":""nose"",""11"":""shoulder_L"",""12"":""shoulder_R"",""13"":""elbow_L"",""14"":""elbow_R"",""15"":""wrist_L"",""16"":""wrist_R"",""23"":""hip_L"",""24"":""hip_R""}}}"
1781631404.4950528,"{""t"":1781631404529,""seq"":1652,""fps"":20.5,""frame"":{""origin"":""camera"",""x"":""right"",""y"":""up"",""z"":""away_from_camera"",""units"":""cm""},""calibration"":{""hand_size_cm"":8,""fov_deg"":75,""shoulder_width_cm"":40},""hands"":[{""label"":""Right"",""present"":false},{""label"":""Left"",""present"":false}],""body"":{""shoulder_L"":[9,22.4,173.9],""shoulder_R"":[-30.2,28.3,180.6],""elbow_L"":[14.8,-20.3,174],""elbow_R"":[-33,-11.9,178.1],""wrist_L"":[20.1,-59.6,174],""wrist_R"":[-35.7,-49,175.8]},""landmark_names"":{""hand_joints"":[""WRIST"",""THUMB_CMC"",""THUMB_MCP"",""THUMB_IP"",""THUMB_TIP"",""INDEX_MCP"",""INDEX_PIP"",""INDEX_DIP"",""INDEX_TIP"",""MIDDLE_MCP"",""MIDDLE_PIP"",""MIDDLE_DIP"",""MIDDLE_TIP"",""RING_MCP"",""RING_PIP"",""RING_DIP"",""RING_TIP"",""PINKY_MCP"",""PINKY_PIP"",""PINKY_DIP"",""PINKY_TIP""],""body_joints"":{""0"":""nose"",""11"":""shoulder_L"",""12"":""shoulder_R"",""13"":""elbow_L"",""14"":""elbow_R"",""15"":""wrist_L"",""16"":""wrist_R"",""23"":""hip_L"",""24"":""hip_R""}}}"
1781631404.5554764,"{""t"":1781631404588,""seq"":1653,""fps"":20.4,""frame"":{""origin"":""camera"",""x"":""right"",""y"":""up"",""z"":""away_from_camera"",""units"":""cm""},""calibration"":{""hand_size_cm"":8,""fov_deg"":75,""shoulder_width_cm"":40},""hands"":[{""label"":""Right"",""present"":false},{""label"":""Left"",""present"":false}],""body"":{""shoulder_L"":[9,22.4,173.9],""shoulder_R"":[-30.2,28.3,180.6],""elbow_L"":[14.8,-20.3,174],""elbow_R"":[-33,-11.9,178.1],""wrist_L"":[20.1,-59.6,174],""wrist_R"":[-35.7,-49,175.8]},""landmark_names"":{""hand_joints"":[""WRIST"",""THUMB_CMC"",""THUMB_MCP"",""THUMB_IP"",""THUMB_TIP"",""INDEX_MCP"",""INDEX_PIP"",""INDEX_DIP"",""INDEX_TIP"",""MIDDLE_MCP"",""MIDDLE_PIP"",""MIDDLE_DIP"",""MIDDLE_TIP"",""RING_MCP"",""RING_PIP"",""RING_DIP"",""RING_TIP"",""PINKY_MCP"",""PINKY_PIP"",""PINKY_DIP"",""PINKY_TIP""],""body_joints"":{""0"":""nose"",""11"":""shoulder_L"",""12"":""shoulder_R"",""13"":""elbow_L"",""14"":""elbow_R"",""15"":""wrist_L"",""16"":""wrist_R"",""23"":""hip_L"",""24"":""hip_R""}}}"
1781631404.5962923,"{""t"":1781631404628,""seq"":1654,""fps"":20.4,""frame"":{""origin"":""camera"",""x"":""right"",""y"":""up"",""z"":""away_from_camera"",""units"":""cm""},""calibration"":{""hand_size_cm"":8,""fov_deg"":75,""shoulder_width_cm"":40},""hands"":[{""label"":""Right"",""present"":false},{""label"":""Left"",""present"":false}],""body"":{""shoulder_L"":[3.7,20.9,157.1],""shoulder_R"":[-34.3,25.4,163.8],""elbow_L"":[12.3,-21,165.9],""elbow_R"":[-35,-13.3,170],""wrist_L"":[20.1,-59.6,174],""wrist_R"":[-35.7,-49,175.8]},""landmark_names"":{""hand_joints"":[""WRIST"",""THUMB_CMC"",""THUMB_MCP"",""THUMB_IP"",""THUMB_TIP"",""INDEX_MCP"",""INDEX_PIP"",""INDEX_DIP"",""INDEX_TIP"",""MIDDLE_MCP"",""MIDDLE_PIP"",""MIDDLE_DIP"",""MIDDLE_TIP"",""RING_MCP"",""RING_PIP"",""RING_DIP"",""RING_TIP"",""PINKY_MCP"",""PINKY_PIP"",""PINKY_DIP"",""PINKY_TIP""],""body_joints"":{""0"":""nose"",""11"":""shoulder_L"",""12"":""shoulder_R"",""13"":""elbow_L"",""14"":""elbow_R"",""15"":""wrist_L"",""16"":""wrist_R"",""23"":""hip_L"",""24"":""hip_R""}}}"
1781631404.6527748,"{""t"":1781631404684,""seq"":1655,""fps"":20.2,""frame"":{""origin"":""camera"",""x"":""right"",""y"":""up"",""z"":""away_from_camera"",""units"":""cm""},""calibration"":{""hand_size_cm"":8,""fov_deg"":75,""shoulder_width_cm"":40},""hands"":[{""label"":""Right"",""present"":false},{""label"":""Left"",""present"":true,""index"":0,""confidence"":0.842041015625,""depth_cm"":171.7,""wrist_cm"":{""x"":-55.21,""y"":-60.28,""z"":171.72},""palm_normal"":[-0.821,0.066,0.567],""finger_dir"":[0.254,-0.847,0.467],""finger_curl"":[0.108,0.381,0.399,0.444,0.522],""pinch_cm"":[3.8,2.5,2.5,3],""grip_aperture_cm"":3.8,""gesture"":""OPEN"",""gesture_id"":2,""is_grab"":false,""joints_cm"":[{""x"":-56.53,""y"":-61.72,""z"":175.81},{""x"":-55.19,""y"":-67.8,""z"":176.59},{""x"":-53.12,""y"":-73.27,""z"":176.58},{""x"":-50.54,""y"":-76.17,""z"":175.45},{""x"":-47.95,""y"":-76.72,""z"":173.76},{""x"":-53.98,""y"":-77.13,""z"":173.18},{""x"":-49.04,""y"":-81.67,""z"":173.46},{""x"":-48.26,""y"":-80.2,""z"":175.16},{""x"":-49.22,""y"":-79.17,""z"":177.52},{""x"":-52.91,""y"":-74.8,""z"":171.54},{""x"":-48.19,""y"":-80.13,""z"":172.65},{""x"":-47.77,""y"":-78.38,""z"":174.51},{""x"":-48.87,""y"":-76.71,""z"":176.16},{""x"":-51.66,""y"":-71.93,""z"":170.7},{""x"":-47.43,""y"":-76.88,""z"":171.79},{""x"":-47.49,""y"":-75.46,""z"":173.86},{""x"":-48.84,""y"":-74.15,""z"":175.58},{""x"":-50.51,""y"":-68.8,""z"":170.61},{""x"":-47.4,""y"":-72.27,""z"":171.26},{""x"":-47.62,""y"":-71.48,""z"":172.77},{""x"":-48.82,""y"":-70.56,""z"":174.13}]}],""body"":{""shoulder_L"":[3.7,20.9,157.1],""shoulder_R"":[-34.3,25.4,163.8],""elbow_L"":[12.3,-21,165.9],""elbow_R"":[-35,-13.3,170],""wrist_L"":[20.1,-59.6,174],""wrist_R"":[-35.7,-49,175.8]},""landmark_names"":{""hand_joints"":[""WRIST"",""THUMB_CMC"",""THUMB_MCP"",""THUMB_IP"",""THUMB_TIP"",""INDEX_MCP"",""INDEX_PIP"",""INDEX_DIP"",""INDEX_TIP"",""MIDDLE_MCP"",""MIDDLE_PIP"",""MIDDLE_DIP"",""MIDDLE_TIP"",""RING_MCP"",""RING_PIP"",""RING_DIP"",""RING_TIP"",""PINKY_MCP"",""PINKY_PIP"",""PINKY_DIP"",""PINKY_TIP""],""body_joints"":{""0"":""nose"",""11"":""shoulder_L"",""12"":""shoulder_R"",""13"":""elbow_L"",""14"":""elbow_R"",""15"":""wrist_L"",""16"":""wrist_R"",""23"":""hip_L"",""24"":""hip_R""}}}"
1781631404.7318377,"{""t"":1781631404761,""seq"":1657,""fps"":20.6,""frame"":{""origin"":""camera"",""x"":""right"",""y"":""up"",""z"":""away_from_camera"",""units"":""cm""},""calibration"":{""hand_size_cm"":8,""fov_deg"":75,""shoulder_width_cm"":40},""hands"":[{""label"":""Right"",""present"":true,""index"":1,""confidence"":0.99560546875,""depth_cm"":160.8,""wrist_cm"":{""x"":-57.64,""y"":-53.3,""z"":160.8},""palm_normal"":[0.928,0.353,-0.117],""finger_dir"":[0.324,-0.614,0.72],""finger_curl"":[0.025,0.249,0.254,0.289,0.454],""pinch_cm"":[5.5,6.7,8.4,9.2],""grip_aperture_cm"":5.5,""gesture"":""OPEN"",""gesture_id"":2,""is_grab"":false,""joints_cm"":[{""x"":-59.6,""y"":-55.12,""z"":166.28},{""x"":-54.37,""y"":-53.85,""z"":163.82},{""x"":-50.32,""y"":-56.25,""z"":161.99},{""x"":-47.09,""y"":-59.62,""z"":159.69},{""x"":-45.39,""y"":-62.58,""z"":157.91},{""x"":-52.44,""y"":-65.35,""z"":158.83},{""x"":-47.52,""y"":-69.45,""z"":159.67},{""x"":-46.42,""y"":-67.43,""z"":161.63},{""x"":-46.98,""y"":-65.17,""z"":163.39},{""x"":-54.22,""y"":-68.02,""z"":160.07},{""x"":-49.35,""y"":-71.04,""z"":161.64},{""x"":-48.41,""y"":-68.55,""z"":163.81},{""x"":-48.82,""y"":-65.88,""z"":164.33},{""x"":-55.54,""y"":-69.44,""z"":162.15},{""x"":-50.89,""y"":-71.23,""z"":163.13},{""x"":-50.25,""y"":-69.26,""z"":165.25},{""x"":-50.82,""y"":-67.06,""z"":165.75},{""x"":-56.42,""y"":-69.73,""z"":164.26},{""x"":-52.68,""y"":-71.78,""z"":165.03},{""x"":-51.83,""y"":-70.08,""z"":166.16},{""x"":-52.04,""y"":-68.16,""z"":166.37}]},{""label"":""Left"",""present"":true,""index"":0,""confidence"":0.9861602783203125,""depth_cm"":160.8,""wrist_cm"":{""x"":4.7,""y"":-56.66,""z"":160.8},""palm_normal"":[0.855,-0.145,0.498],""finger_dir"":[-0.449,-0.687,0.571],""finger_curl"":[0.007,0.135,0.068,0.053,0.157],""pinch_cm"":[4.4,6.3,8.2,8.3],""grip_aperture_cm"":4.4,""gesture"":""OPEN"",""gesture_id"":2,""is_grab"":false,""joints_cm"":[{""x"":4.83,""y"":-58.26,""z"":165.33},{""x"":0.83,""y"":-56.81,""z"":162.88},{""x"":-2.64,""y"":-59.69,""z"":161.01},{""x"":-5.17,""y"":-63.07,""z"":158.69},{""x"":-7.49,""y"":-65.24,""z"":157.64},{""x"":-1.1,""y"":-67.6,""z"":158.76},{""x"":-4.47,""y"":-71.47,""z"":159},{""x"":-6.6,""y"":-71.8,""z"":160.08},{""x"":-7.98,""y"":-71.26,""z"":161.62},{""x"":0.16,""y"":-69.9,""z"":160.16},{""x"":-3.53,""y"":-73.18,""z"":161.53},{""x"":-5.71,""y"":-72.94,""z"":162.81},{""x"":-7.23,""y"":-71.91,""z"":163.73},{""x"":1.03,""y"":-71.05,""z"":162.1},{""x"":-2.55,""y"":-73.08,""z"":163.2},{""x"":-4.65,""y"":-73.27,""z"":164.61},{""x"":-6.08,""y"":-72.53,""z"":165.48},{""x"":1.53,""y"":-71.28,""z"":163.99},{""x"":-1.74,""y"":-73.4,""z"":164.76},{""x"":-3.54,""y"":-73.27,""z"":165.3},{""x"":-4.7,""y"":-72.05,""z"":165.38}]}],""body"":{""shoulder_L"":[-1.6,25.4,145.9],""shoulder_R"":[-39.5,27.5,152.2],""elbow_L"":[3.2,-21,160.7],""elbow_R"":[-50.6,-18.1,164.9],""wrist_L"":[7.7,-63.8,174.3],""wrist_R"":[-60.9,-60.1,176.7]},""landmark_names"":{""hand_joints"":[""WRIST"",""THUMB_CMC"",""THUMB_MCP"",""THUMB_IP"",""THUMB_TIP"",""INDEX_MCP"",""INDEX_PIP"",""INDEX_DIP"",""INDEX_TIP"",""MIDDLE_MCP"",""MIDDLE_PIP"",""MIDDLE_DIP"",""MIDDLE_TIP"",""RING_MCP"",""RING_PIP"",""RING_DIP"",""RING_TIP"",""PINKY_MCP"",""PINKY_PIP"",""PINKY_DIP"",""PINKY_TIP""],""body_joints"":{""0"":""nose"",""11"":""shoulder_L"",""12"":""shoulder_R"",""13"":""elbow_L"",""14"":""elbow_R"",""15"":""wrist_L"",""16"":""wrist_R"",""23"":""hip_L"",""24"":""hip_R""}},""interhand_cm"":62.4}"
1781631404.7919416,"{""t"":1781631404820,""seq"":1659,""fps"":21.1,""frame"":{""origin"":""camera"",""x"":""right"",""y"":""up"",""z"":""away_from_camera"",""units"":""cm""},""calibration"":{""hand_size_cm"":8,""fov_deg"":75,""shoulder_width_cm"":40},""hands"":[{""label"":""Right"",""present"":true,""index"":1,""confidence"":0.998046875,""depth_cm"":155.7,""wrist_cm"":{""x"":-57.21,""y"":-49.8,""z"":155.66},""palm_normal"":[0.913,0.2,-0.354],""finger_dir"":[0.394,-0.651,0.648],""finger_curl"":[0.006,0.134,0.191,0.172,0.323],""pinch_cm"":[4.3,7.6,10.4,11],""grip_aperture_cm"":4.3,""gesture"":""PEACE"",""gesture_id"":4,""is_grab"":false,""joints_cm"":[{""x"":-59.03,""y"":-51.38,""z"":160.61},{""x"":-53.83,""y"":-50.21,""z"":158.42},{""x"":-49.67,""y"":-52.83,""z"":156.4},{""x"":-46.01,""y"":-55.57,""z"":153.98},{""x"":-43.16,""y"":-57.55,""z"":152.69},{""x"":-50.32,""y"":-61.38,""z"":153.56},{""x"":-46.26,""y"":-64.46,""z"":154.23},{""x"":-44.43,""y"":-63.34,""z"":155.46},{""x"":-43.98,""y"":-61.57,""z"":156.95},{""x"":-52.49,""y"":-64.08,""z"":154.89},{""x"":-48.57,""y"":-66,""z"":156.95},{""x"":-47.7,""y"":-63.65,""z"":159.21},{""x"":-47.73,""y"":-61.27,""z"":159.89},{""x"":-54.4,""y"":-65.34,""z"":157.13},{""x"":-50.72,""y"":-66.08,""z"":158.87},{""x"":-50.29,""y"":-64.23,""z"":161.06},{""x"":-50.77,""y"":-62.24,""z"":162.15},{""x"":-56.02,""y"":-65.71,""z"":159.57},{""x"":-52.71,""y"":-66.54,""z"":160.58},{""x"":-52.13,""y"":-64.98,""z"":162.01},{""x"":-52.22,""y"":-63.09,""z"":162.49}]},{""label"":""Left"",""present"":true,""index"":0,""confidence"":0.96246337890625,""depth_cm"":159.2,""wrist_cm"":{""x"":-0.19,""y"":-56.84,""z"":159.22},""palm_normal"":[0.974,0.031,0.223],""finger_dir"":[-0.147,-0.661,0.735],""finger_curl"":[0.004,0.069,0.003,0.057,0.08],""pinch_cm"":[3.1,4.5,6.2,6],""grip_aperture_cm"":3.1,""gesture"":""OPEN"",""gesture_id"":2,""is_grab"":false,""joints_cm"":[{""x"":-0.19,""y"":-58.76,""z"":164.61},{""x"":-4.25,""y"":-59.13,""z"":162.35},{""x"":-6.8,""y"":-64.45,""z"":160.76},{""x"":-8.33,""y"":-69.85,""z"":158.37},{""x"":-9.64,""y"":-73.84,""z"":156.72},{""x"":-3.61,""y"":-68.48,""z"":157.61},{""x"":-6.09,""y"":-74.41,""z"":157.45},{""x"":-7.85,""y"":-77.7,""z"":158.07},{""x"":-9.01,""y"":-80.05,""z"":159.15},{""x"":-2.22,""y"":-70.51,""z"":158.59},{""x"":-5.16,""y"":-76.07,""z"":159.17},{""x"":-7.19,""y"":-78.76,""z"":159.91},{""x"":-8.85,""y"":-80.39,""z"":160.85},{""x"":-1.5,""y"":-71.75,""z"":160.21},{""x"":-4.37,""y"":-76.33,""z"":160.45},{""x"":-6.44,""y"":-78.6,""z"":161.4},{""x"":-8.09,""y"":-80.06,""z"":162.81},{""x"":-1.36,""y"":-72.55,""z"":161.97},{""x"":-3.83,""y"":-76.14,""z"":162.14},{""x"":-5.46,""y"":-77.31,""z"":162.1},{""x"":-6.77,""y"":-77.84,""z"":162.46}]}],""body"":{""shoulder_L"":[-1.6,25.4,145.9],""shoulder_R"":[-39.5,27.5,152.2],""elbow_L"":[3.2,-21,160.7],""elbow_R"":[-50.6,-18.1,164.9],""wrist_L"":[7.7,-63.8,174.3],""wrist_R"":[-60.9,-60.1,176.7]},""landmark_names"":{""hand_joints"":[""WRIST"",""THUMB_CMC"",""THUMB_MCP"",""THUMB_IP"",""THUMB_TIP"",""INDEX_MCP"",""INDEX_PIP"",""INDEX_DIP"",""INDEX_TIP"",""MIDDLE_MCP"",""MIDDLE_PIP"",""MIDDLE_DIP"",""MIDDLE_TIP"",""RING_MCP"",""RING_PIP"",""RING_DIP"",""RING_TIP"",""PINKY_MCP"",""PINKY_PIP"",""PINKY_DIP"",""PINKY_TIP""],""body_joints"":{""0"":""nose"",""11"":""shoulder_L"",""12"":""shoulder_R"",""13"":""elbow_L"",""14"":""elbow_R"",""15"":""wrist_L"",""16"":""wrist_R"",""23"":""hip_L"",""24"":""hip_R""}},""interhand_cm"":57.6}"
1781631404.8293028,"{""t"":1781631404857,""seq"":1660,""fps"":21.3,""frame"":{""origin"":""camera"",""x"":""right"",""y"":""up"",""z"":""away_from_camera"",""units"":""cm""},""calibration"":{""hand_size_cm"":8,""fov_deg"":75,""shoulder_width_cm"":40},""hands"":[{""label"":""Right"",""present"":true,""index"":1,""confidence"":0.99658203125,""depth_cm"":152.9,""wrist_cm"":{""x"":-56.31,""y"":-49.77,""z"":152.88},""palm_normal"":[0.9,0.287,-0.328],""finger_dir"":[0.436,-0.578,0.69],""finger_curl"":[0.006,0.141,0.183,0.193,0.382],""pinch_cm"":[3.9,8.2,10.6,11.3],""grip_aperture_cm"":3.9,""gesture"":""PEACE"",""gesture_id"":4,""is_grab"":false,""joints_cm"":[{""x"":-58.31,""y"":-51.53,""z"":158.3},{""x"":-53.01,""y"":-49.82,""z"":155.81},{""x"":-48.38,""y"":-52.34,""z"":153.67},{""x"":-44.46,""y"":-55.16,""z"":150.98},{""x"":-41.76,""y"":-57.16,""z"":149.81},{""x"":-48.67,""y"":-60.14,""z"":150.55},{""x"":-44.85,""y"":-63.93,""z"":151.22},{""x"":-43.19,""y"":-62.82,""z"":152.55},{""x"":-42.77,""y"":-60.84,""z"":153.7},{""x"":-50.95,""y"":-63.22,""z"":152.03},{""x"":-47.44,""y"":-64.79,""z"":154.22},{""x"":-46.97,""y"":-62.49,""z"":156.53},{""x"":-47.42,""y"":-60.38,""z"":157.41},{""x"":-53.09,""y"":-64.86,""z"":154.39},{""x"":-49.62,""y"":-65.26,""z"":156.21},{""x"":-49.45,""y"":-63.43,""z"":158.52},{""x"":-50.11,""y"":-61.43,""z"":159.41},{""x"":-55,""y"":-65.72,""z"":156.97},{""x"":-51.82,""y"":-66.46,""z"":158.09},{""x"":-51.31,""y"":-64.75,""z"":159.36},{""x"":-51.53,""y"":-62.73,""z"":159.79}]},{""label"":""Left"",""present"":true,""index"":0,""confidence"":0.64404296875,""depth_cm"":156.3,""wrist_cm"":{""x"":-2.47,""y"":-56.43,""z"":156.29},""palm_normal"":[0.938,0.152,0.312],""finger_dir"":[-0.062,-0.81,0.583],""finger_curl"":[0.006,0.029,0.033,0.033,0.089],""pinch_cm"":[3.6,4.2,6.6,6.5],""grip_aperture_cm"":3.6,""gesture"":""OPEN"",""gesture_id"":2,""is_grab"":false,""joints_cm"":[{""x"":-2.54,""y"":-57.81,""z"":160.11},{""x"":-5.88,""y"":-59.65,""z"":157.74},{""x"":-7.91,""y"":-65.5,""z"":156.37},{""x"":-9.08,""y"":-70.66,""z"":154.22},{""x"":-10.37,""y"":-74.85,""z"":152.97},{""x"":-4.57,""y"":-70.12,""z"":154.33},{""x"":-6.07,""y"":-76.16,""z"":154.43},{""x"":-7.54,""y"":-79.27,""z"":154.68},{""x"":-8.74,""y"":-81.31,""z"":155.48},{""x"":-3.44,""y"":-70.96,""z"":155.72},{""x"":-5.19,""y"":-76.78,""z"":156.25},{""x"":-7.08,""y"":-79.3,""z"":156.51},{""x"":-8.68,""y"":-80.73,""z"":156.54},{""x"":-2.89,""y"":-71.27,""z"":157.61},{""x"":-4.58,""y"":-75.97,""z"":157.78},{""x"":-6.53,""y"":-78.68,""z"":158.47},{""x"":-8.16,""y"":-80.34,""z"":159.33},{""x"":-2.8,""y"":-71.2,""z"":159.23},{""x"":-4.35,""y"":-75.41,""z"":159.3},{""x"":-5.81,""y"":-77.19,""z"":158.8},{""x"":-7.09,""y"":-78.27,""z"":158.94}]}],""body"":{""shoulder_L"":[-5.4,30,141.9],""shoulder_R"":[-43.3,31,147.5],""elbow_L"":[-2.7,-16.1,153.7],""elbow_R"":[-51.5,-11.8,154.3],""wrist_L"":[-0.2,-58.8,164.6],""wrist_R"":[-59,-51.4,160.6]},""landmark_names"":{""hand_joints"":[""WRIST"",""THUMB_CMC"",""THUMB_MCP"",""THUMB_IP"",""THUMB_TIP"",""INDEX_MCP"",""INDEX_PIP"",""INDEX_DIP"",""INDEX_TIP"",""MIDDLE_MCP"",""MIDDLE_PIP"",""MIDDLE_DIP"",""MIDDLE_TIP"",""RING_MCP"",""RING_PIP"",""RING_DIP"",""RING_TIP"",""PINKY_MCP"",""PINKY_PIP"",""PINKY_DIP"",""PINKY_TIP""],""body_joints"":{""0"":""nose"",""11"":""shoulder_L"",""12"":""shoulder_R"",""13"":""elbow_L"",""14"":""elbow_R"",""15"":""wrist_L"",""16"":""wrist_R"",""23"":""hip_L"",""24"":""hip_R""}},""interhand_cm"":54.4}"
1781631404.8637176,"{""t"":1781631404891,""seq"":1661,""fps"":21.6,""frame"":{""origin"":""camera"",""x"":""right"",""y"":""up"",""z"":""away_from_camera"",""units"":""cm""},""calibration"":{""hand_size_cm"":8,""fov_deg"":75,""shoulder_width_cm"":40},""hands"":[{""label"":""Right"",""present"":true,""index"":1,""confidence"":0.990234375,""depth_cm"":151,""wrist_cm"":{""x"":-55.98,""y"":-50.69,""z"":151.01},""palm_normal"":[0.908,0.207,-0.366],""finger_dir"":[0.414,-0.586,0.697],""finger_curl"":[0.006,0.178,0.262,0.286,0.428],""pinch_cm"":[4.4,7.5,9.2,9.4],""grip_aperture_cm"":4.4,""gesture"":""PEACE"",""gesture_id"":4,""is_grab"":false,""joints_cm"":[{""x"":-57.99,""y"":-52.5,""z"":156.41},{""x"":-52.93,""y"":-51.44,""z"":154.45},{""x"":-48.51,""y"":-54.15,""z"":152.87},{""x"":-44.84,""y"":-57.17,""z"":150.24},{""x"":-42.22,""y"":-58.7,""z"":148.52},{""x"":-49.03,""y"":-60.73,""z"":149.47},{""x"":-44.95,""y"":-65.28,""z"":150.05},{""x"":-43.14,""y"":-63.9,""z"":151.25},{""x"":-42.79,""y"":-61.94,""z"":152.84},{""x"":-50.98,""y"":-63.45,""z"":150.39},{""x"":-46.81,""y"":-65.42,""z"":151.88},{""x"":-46.4,""y"":-62.82,""z"":154.28},{""x"":-47.23,""y"":-60.61,""z"":155.55},{""x"":-52.66,""y"":-64.93,""z"":151.95},{""x"":-48.56,""y"":-65.71,""z"":153.17},{""x"":-48.46,""y"":-63.39,""z"":155.33},{""x"":-49.58,""y"":-61.7,""z"":156.86},{""x"":-54.2,""y"":-65.94,""z"":153.91},{""x"":-50.59,""y"":-66.6,""z"":154.51},{""x"":-50.24,""y"":-64.57,""z"":155.96},{""x"":-50.86,""y"":-62.75,""z"":156.7}]},{""label"":""Left"",""present"":true,""index"":0,""confidence"":0.5322265625,""depth_cm"":154,""wrist_cm"":{""x"":-4.54,""y"":-56.48,""z"":153.96},""palm_normal"":[0.95,0.154,0.273],""finger_dir"":[-0.001,-0.869,0.494],""finger_curl"":[0,0.053,0.074,0.023,0.065],""pinch_cm"":[3,3.8,5.1,5.8],""grip_aperture_cm"":3,""gesture"":""OPEN"",""gesture_id"":2,""is_grab"":false,""joints_cm"":[{""x"":-4.64,""y"":-57.7,""z"":157.27},{""x"":-7.59,""y"":-60.02,""z"":155.11},{""x"":-9.24,""y"":-66.09,""z"":153.64},{""x"":-10.14,""y"":-71.41,""z"":151.8},{""x"":-11.53,""y"":-75.67,""z"":150.8},{""x"":-5.51,""y"":-71,""z"":152.05},{""x"":-7.29,""y"":-77.55,""z"":152.42},{""x"":-9.28,""y"":-80.18,""z"":152.55},{""x"":-10.95,""y"":-81.05,""z"":152.85},{""x"":-4.82,""y"":-71.74,""z"":153.41},{""x"":-6.68,""y"":-78.28,""z"":153.95},{""x"":-8.73,""y"":-80.51,""z"":153.86},{""x"":-10.49,""y"":-81.37,""z"":153.79},{""x"":-4.75,""y"":-72.01,""z"":155.16},{""x"":-6.5,""y"":-77.44,""z"":155.24},{""x"":-8.48,""y"":-80.1,""z"":155.36},{""x"":-10.27,""y"":-81.21,""z"":155.47},{""x"":-5.1,""y"":-71.82,""z"":156.71},{""x"":-6.72,""y"":-76.64,""z"":156.59},{""x"":-8.15,""y"":-78.98,""z"":156.34},{""x"":-9.6,""y"":-80.19,""z"":156.35}]}],""body"":{""shoulder_L"":[-5.4,30,141.9],""shoulder_R"":[-43.3,31,147.5],""elbow_L"":[-2.7,-16.1,153.7],""elbow_R"":[-51.5,-11.8,154.3],""wrist_L"":[-0.2,-58.8,164.6],""wrist_R"":[-59,-51.4,160.6]},""landmark_names"":{""hand_joints"":[""WRIST"",""THUMB_CMC"",""THUMB_MCP"",""THUMB_IP"",""THUMB_TIP"",""INDEX_MCP"",""INDEX_PIP"",""INDEX_DIP"",""INDEX_TIP"",""MIDDLE_MCP"",""MIDDLE_PIP"",""MIDDLE_DIP"",""MIDDLE_TIP"",""RING_MCP"",""RING_PIP"",""RING_DIP"",""RING_TIP"",""PINKY_MCP"",""PINKY_PIP"",""PINKY_DIP"",""PINKY_TIP""],""body_joints"":{""0"":""nose"",""11"":""shoulder_L"",""12"":""shoulder_R"",""13"":""elbow_L"",""14"":""elbow_R"",""15"":""wrist_L"",""16"":""wrist_R"",""23"":""hip_L"",""24"":""hip_R""}},""interhand_cm"":51.8}"
1781631404.92666,"{""t"":1781631404952,""seq"":1663,""fps"":22.4,""frame"":{""origin"":""camera"",""x"":""right"",""y"":""up"",""z"":""away_from_camera"",""units"":""cm""},""calibration"":{""hand_size_cm"":8,""fov_deg"":75,""shoulder_width_cm"":40},""hands"":[{""label"":""Right"",""present"":false},{""label"":""Left"",""present"":true,""index"":0,""confidence"":0.961334228515625,""depth_cm"":150.4,""wrist_cm"":{""x"":-8.26,""y"":-55.43,""z"":150.41},""palm_normal"":[0.893,0.277,0.354],""finger_dir"":[0.038,-0.832,0.553],""finger_curl"":[0.014,0.098,0.086,0.039,0.063],""pinch_cm"":[2.8,4,5.6,6],""grip_aperture_cm"":2.8,""gesture"":""OPEN"",""gesture_id"":2,""is_grab"":false,""joints_cm"":[{""x"":-8.48,""y"":-56.91,""z"":154.42},{""x"":-11.61,""y"":-59.59,""z"":151.93},{""x"":-13.03,""y"":-66.13,""z"":150.67},{""x"":-13.33,""y"":-71.61,""z"":148.82},{""x"":-14,""y"":-75.97,""z"":148.27},{""x"":-8.87,""y"":-69.98,""z"":148.5},{""x"":-9.85,""y"":-77.6,""z"":148.77},{""x"":-11.59,""y"":-80.39,""z"":149.41},{""x"":-13.12,""y"":-81.38,""z"":150.15},{""x"":-7.65,""y"":-70.57,""z"":149.86},{""x"":-9.35,""y"":-78.35,""z"":150.93},{""x"":-11.5,""y"":-80.7,""z"":151.69},{""x"":-13.18,""y"":-80.98,""z"":151.93},{""x"":-7.29,""y"":-70.75,""z"":151.61},{""x"":-9.22,""y"":-77.27,""z"":152.27},{""x"":-11.23,""y"":-79.43,""z"":153.01},{""x"":-12.85,""y"":-79.97,""z"":153.7},{""x"":-7.44,""y"":-70.61,""z"":153.15},{""x"":-9.23,""y"":-76.03,""z"":153.52},{""x"":-10.85,""y"":-78.06,""z"":153.98},{""x"":-12.28,""y"":-78.46,""z"":154.08}]}],""body"":{""shoulder_L"":[-8,31.8,140.3],""shoulder_R"":[-45.8,34.1,144.9],""elbow_L"":[-33.6,-13.1,146.9],""elbow_R"":[-52.1,-10.9,150.9],""wrist_L"":[-57.3,-54.6,153],""wrist_R"":[-58,-52.5,156.4]},""landmark_names"":{""hand_joints"":[""WRIST"",""THUMB_CMC"",""THUMB_MCP"",""THUMB_IP"",""THUMB_TIP"",""INDEX_MCP"",""INDEX_PIP"",""INDEX_DIP"",""INDEX_TIP"",""MIDDLE_MCP"",""MIDDLE_PIP"",""MIDDLE_DIP"",""MIDDLE_TIP"",""RING_MCP"",""RING_PIP"",""RING_DIP"",""RING_TIP"",""PINKY_MCP"",""PINKY_PIP"",""PINKY_DIP"",""PINKY_TIP""],""body_joints"":{""0"":""nose"",""11"":""shoulder_L"",""12"":""shoulder_R"",""13"":""elbow_L"",""14"":""elbow_R"",""15"":""wrist_L"",""16"":""wrist_R"",""23"":""hip_L"",""24"":""hip_R""}}}"
1781631404.9977162,"{""t"":1781631405022,""seq"":1665,""fps"":22.9,""frame"":{""origin"":""camera"",""x"":""right"",""y"":""up"",""z"":""away_from_camera"",""units"":""cm""},""calibration"":{""hand_size_cm"":8,""fov_deg"":75,""shoulder_width_cm"":40},""hands"":[{""label"":""Right"",""present"":true,""index"":0,""confidence"":0.96484375,""depth_cm"":146.5,""wrist_cm"":{""x"":-57.43,""y"":-66.35,""z"":146.52},""palm_normal"":[0.949,-0.169,-0.264],""finger_dir"":[-0.09,-0.954,0.288],""finger_curl"":[0.009,0.203,0.311,0.367,0.419],""pinch_cm"":[3.1,4.1,5.5,5.4],""grip_aperture_cm"":3.1,""gesture"":""OPEN"",""gesture_id"":2,""is_grab"":false,""joints_cm"":[{""x"":-58.12,""y"":-67.15,""z"":148.28},{""x"":-54.76,""y"":-70.3,""z"":146.75},{""x"":-53.04,""y"":-76.64,""z"":145.97},{""x"":-52.05,""y"":-81.94,""z"":145.05},{""x"":-51.02,""y"":-85.18,""z"":144.05},{""x"":-56.35,""y"":-81.34,""z"":145.08},{""x"":-54.64,""y"":-88.03,""z"":145.59},{""x"":-52.7,""y"":-88.14,""z"":145.81},{""x"":-52.1,""y"":-87.29,""z"":147.16},{""x"":-57.9,""y"":-81.78,""z"":146.23},{""x"":-56.26,""y"":-88.33,""z"":146.94},{""x"":-54.19,""y"":-88.26,""z"":147.38},{""x"":-53.09,""y"":-86.75,""z"":147.98},{""x"":-58.82,""y"":-81.74,""z"":147.44},{""x"":-56.99,""y"":-87.29,""z"":147.8},{""x"":-55.11,""y"":-87.76,""z"":148.37},{""x"":-54.23,""y"":-86.61,""z"":149.2},{""x"":-59.42,""y"":-81.67,""z"":148.6},{""x"":-57.65,""y"":-86.07,""z"":148.81},{""x"":-55.86,""y"":-86.49,""z"":148.87},{""x"":-54.62,""y"":-85.26,""z"":148.77}]},{""label"":""Left"",""present"":true,""index"":1,""confidence"":0.9889297485351562,""depth_cm"":148,""wrist_cm"":{""x"":-9.45,""y"":-53.92,""z"":148},""palm_normal"":[0.796,0.406,0.449],""finger_dir"":[-0.016,-0.726,0.687],""finger_curl"":[0.044,0.178,0.131,0.118,0.086],""pinch_cm"":[4.1,6,7.6,7.7],""grip_aperture_cm"":4.1,""gesture"":""OPEN"",""gesture_id"":2,""is_grab"":false,""joints_cm"":[{""x"":-9.79,""y"":-55.86,""z"":153.33},{""x"":-13.62,""y"":-57.71,""z"":150.72},{""x"":-15.87,""y"":-63.23,""z"":149.23},{""x"":-16.57,""y"":-68.94,""z"":146.76},{""x"":-16.9,""y"":-73.27,""z"":145.42},{""x"":-11.07,""y"":-67.6,""z"":146.25},{""x"":-12.92,""y"":-75.76,""z"":146.54},{""x"":-15.22,""y"":-78.2,""z"":147.76},{""x"":-17.17,""y"":-78.85,""z"":149.32},{""x"":-9.26,""y"":-69.12,""z"":147.35},{""x"":-11.94,""y"":-77.04,""z"":148.4},{""x"":-14.6,""y"":-79.17,""z"":149.86},{""x"":-16.62,""y"":-79.55,""z"":151.35},{""x"":-8.5,""y"":-69.98,""z"":149.01},{""x"":-11.44,""y"":-76.59,""z"":149.78},{""x"":-13.82,""y"":-78.53,""z"":151.35},{""x"":-15.6,""y"":-78.87,""z"":152.88},{""x"":-8.44,""y"":-70.32,""z"":150.72},{""x"":-11.02,""y"":-76.02,""z"":151.33},{""x"":-13.01,""y"":-77.58,""z"":152.28},{""x"":-14.55,""y"":-77.48,""z"":152.81}]}],""body"":{""shoulder_L"":[-8,31.8,140.3],""shoulder_R"":[-45.8,34.1,144.9],""elbow_L"":[-33.6,-13.1,146.9],""elbow_R"":[-52.1,-10.9,150.9],""wrist_L"":[-57.3,-54.6,153],""wrist_R"":[-58,-52.5,156.4]},""landmark_names"":{""hand_joints"":[""WRIST"",""THUMB_CMC"",""THUMB_MCP"",""THUMB_IP"",""THUMB_TIP"",""INDEX_MCP"",""INDEX_PIP"",""INDEX_DIP"",""INDEX_TIP"",""MIDDLE_MCP"",""MIDDLE_PIP"",""MIDDLE_DIP"",""MIDDLE_TIP"",""RING_MCP"",""RING_PIP"",""RING_DIP"",""RING_TIP"",""PINKY_MCP"",""PINKY_PIP"",""PINKY_DIP"",""PINKY_TIP""],""body_joints"":{""0"":""nose"",""11"":""shoulder_L"",""12"":""shoulder_R"",""13"":""elbow_L"",""14"":""elbow_R"",""15"":""wrist_L"",""16"":""wrist_R"",""23"":""hip_L"",""24"":""hip_R""}},""interhand_cm"":49.6}"
1781631405.0552285,"{""t"":1781631405079,""seq"":1667,""fps"":23.6,""frame"":{""origin"":""camera"",""x"":""right"",""y"":""up"",""z"":""away_from_camera"",""units"":""cm""},""calibration"":{""hand_size_cm"":8,""fov_deg"":75,""shoulder_width_cm"":40},""hands"":[{""label"":""Right"",""present"":true,""index"":0,""confidence"":0.96826171875,""depth_cm"":141.7,""wrist_cm"":{""x"":-56.09,""y"":-66.84,""z"":141.75},""palm_normal"":[0.976,-0.215,-0.022],""finger_dir"":[-0.171,-0.83,0.532],""finger_curl"":[0.009,0.183,0.162,0.2,0.402],""pinch_cm"":[5.4,7.6,9.1,9.7],""grip_aperture_cm"":5.4,""gesture"":""OPEN"",""gesture_id"":2,""is_grab"":false,""joints_cm"":[{""x"":-57.65,""y"":-68.7,""z"":145.69},{""x"":-53.49,""y"":-71.46,""z"":143.09},{""x"":-51.45,""y"":-77.3,""z"":141.13},{""x"":-49.99,""y"":-82.26,""z"":138.91},{""x"":-49.06,""y"":-86.14,""z"":137.74},{""x"":-56.13,""y"":-81.88,""z"":139.6},{""x"":-54.22,""y"":-89.98,""z"":140.14},{""x"":-52.41,""y"":-91.68,""z"":141.29},{""x"":-51.55,""y"":-91.45,""z"":142.97},{""x"":-57.97,""y"":-82.52,""z"":141.17},{""x"":-55.9,""y"":-90.67,""z"":142.65},{""x"":-53.69,""y"":-91.77,""z"":144.21},{""x"":-52.43,""y"":-91.03,""z"":145.31},{""x"":-59,""y"":-82.82,""z"":143.18},{""x"":-56.59,""y"":-88.99,""z"":144.08},{""x"":-54.75,""y"":-89.88,""z"":145.68},{""x"":-53.78,""y"":-89.21,""z"":146.68},{""x"":-59.45,""y"":-82.75,""z"":145.13},{""x"":-57.6,""y"":-87.91,""z"":145.76},{""x"":-56.01,""y"":-88.53,""z"":146.44},{""x"":-54.98,""y"":-87.86,""z"":146.89}]},{""label"":""Left"",""present"":true,""index"":1,""confidence"":0.9926872253417969,""depth_cm"":147.3,""wrist_cm"":{""x"":-8.42,""y"":-51.97,""z"":147.26},""palm_normal"":[0.785,0.479,0.392],""finger_dir"":[-0.123,-0.5,0.857],""finger_curl"":[0.028,0.231,0.167,0.172,0.105],""pinch_cm"":[4.3,6,7.6,7.8],""grip_aperture_cm"":4.3,""gesture"":""OPEN"",""gesture_id"":2,""is_grab"":false,""joints_cm"":[{""x"":-8.81,""y"":-54.42,""z"":154.2},{""x"":-13.48,""y"":-55.38,""z"":151.93},{""x"":-16.29,""y"":-61.1,""z"":150.3},{""x"":-17.41,""y"":-67.26,""z"":147.61},{""x"":-17.86,""y"":-71.73,""z"":145.85},{""x"":-12.09,""y"":-63.19,""z"":146.12},{""x"":-14.38,""y"":-72.51,""z"":146.29},{""x"":-16.51,""y"":-75.22,""z"":147.97},{""x"":-17.98,""y"":-76.16,""z"":150.19},{""x"":-9.79,""y"":-65.46,""z"":146.6},{""x"":-12.91,""y"":-74.95,""z"":147.68},{""x"":-15.29,""y"":-76.9,""z"":149.8},{""x"":-16.62,""y"":-76.88,""z"":151.74},{""x"":-8.36,""y"":-67.36,""z"":147.95},{""x"":-11.74,""y"":-75.21,""z"":148.82},{""x"":-13.86,""y"":-76.68,""z"":150.84},{""x"":-15.03,""y"":-76.66,""z"":153.06},{""x"":-7.6,""y"":-68.74,""z"":149.6},{""x"":-10.63,""y"":-74.9,""z"":150.27},{""x"":-12.6,""y"":-76.3,""z"":152.01},{""x"":-13.67,""y"":-76.12,""z"":153.14}]}],""body"":{""shoulder_L"":[-9.5,33,137.5],""shoulder_R"":[-47.3,34.2,141.1],""elbow_L"":[-9.7,-13.2,145.7],""elbow_R"":[-52.9,-18.5,144.8],""wrist_L"":[-9.8,-55.9,153.3],""wrist_R"":[-58.1,-67.2,148.3]},""landmark_names"":{""hand_joints"":[""WRIST"",""THUMB_CMC"",""THUMB_MCP"",""THUMB_IP"",""THUMB_TIP"",""INDEX_MCP"",""INDEX_PIP"",""INDEX_DIP"",""INDEX_TIP"",""MIDDLE_MCP"",""MIDDLE_PIP"",""MIDDLE_DIP"",""MIDDLE_TIP"",""RING_MCP"",""RING_PIP"",""RING_DIP"",""RING_TIP"",""PINKY_MCP"",""PINKY_PIP"",""PINKY_DIP"",""PINKY_TIP""],""body_joints"":{""0"":""nose"",""11"":""shoulder_L"",""12"":""shoulder_R"",""13"":""elbow_L"",""14"":""elbow_R"",""15"":""wrist_L"",""16"":""wrist_R"",""23"":""hip_L"",""24"":""hip_R""}},""interhand_cm"":50.2}"
1781631405.0979373,"{""t"":1781631405120,""seq"":1668,""fps"":23.6,""frame"":{""origin"":""camera"",""x"":""right"",""y"":""up"",""z"":""away_from_camera"",""units"":""cm""},""calibration"":{""hand_size_cm"":8,""fov_deg"":75,""shoulder_width_cm"":40},""hands"":[{""label"":""Right"",""present"":true,""index"":0,""confidence"":0.978515625,""depth_cm"":139.7,""wrist_cm"":{""x"":-55.07,""y"":-66.04,""z"":139.65},""palm_normal"":[0.986,-0.167,0.013],""finger_dir"":[-0.147,-0.828,0.541],""finger_curl"":[0.014,0.152,0.121,0.112,0.419],""pinch_cm"":[5.1,7.2,8.6,9.4],""grip_aperture_cm"":5.1,""gesture"":""OPEN"",""gesture_id"":2,""is_grab"":false,""joints_cm"":[{""x"":-56.52,""y"":-67.78,""z"":143.33},{""x"":-52.44,""y"":-70.87,""z"":140.86},{""x"":-50.27,""y"":-76.76,""z"":138.8},{""x"":-48.74,""y"":-81.85,""z"":136.78},{""x"":-47.96,""y"":-86.08,""z"":136},{""x"":-54.97,""y"":-81.68,""z"":137.42},{""x"":-53.15,""y"":-89.97,""z"":138.15},{""x"":-51.19,""y"":-91.27,""z"":139.24},{""x"":-50.34,""y"":-90.92,""z"":140.91},{""x"":-56.72,""y"":-81.94,""z"":139.04},{""x"":-54.73,""y"":-89.87,""z"":140.63},{""x"":-52.4,""y"":-90.93,""z"":141.99},{""x"":-51.12,""y"":-90.44,""z"":143.19},{""x"":-57.73,""y"":-81.9,""z"":141.16},{""x"":-55.36,""y"":-87.66,""z"":141.93},{""x"":-53.52,""y"":-88.76,""z"":143.44},{""x"":-52.41,""y"":-88.26,""z"":144.43},{""x"":-58.2,""y"":-81.51,""z"":143.11},{""x"":-56.38,""y"":-86.41,""z"":143.62},{""x"":-54.89,""y"":-87.05,""z"":144.31},{""x"":-53.89,""y"":-86.36,""z"":144.81}]},{""label"":""Left"",""present"":true,""index"":1,""confidence"":0.9907913208007812,""depth_cm"":147.8,""wrist_cm"":{""x"":-8.65,""y"":-51.82,""z"":147.78},""palm_normal"":[0.662,0.615,0.428],""finger_dir"":[-0.068,-0.52,0.852],""finger_curl"":[0.021,0.217,0.153,0.167,0.147],""pinch_cm"":[4.8,6.3,7.9,8.2],""grip_aperture_cm"":4.8,""gesture"":""OPEN"",""gesture_id"":2,""is_grab"":false,""joints_cm"":[{""x"":-9.09,""y"":-54.43,""z"":155.22},{""x"":-13.69,""y"":-56.02,""z"":152.9},{""x"":-16.25,""y"":-61.95,""z"":151.04},{""x"":-17.25,""y"":-68.2,""z"":148.27},{""x"":-17.71,""y"":-72.74,""z"":146.19},{""x"":-11.7,""y"":-63.12,""z"":146.55},{""x"":-14.15,""y"":-72.34,""z"":146.86},{""x"":-16.24,""y"":-75.51,""z"":148.51},{""x"":-17.87,""y"":-76.72,""z"":150.99},{""x"":-9.32,""y"":-65.27,""z"":147.1},{""x"":-12.52,""y"":-74.81,""z"":148.23},{""x"":-14.93,""y"":-77.45,""z"":150.28},{""x"":-16.55,""y"":-77.98,""z"":152.44},{""x"":-7.81,""y"":-67.06,""z"":148.44},{""x"":-11.24,""y"":-74.82,""z"":149.31},{""x"":-13.43,""y"":-76.92,""z"":151.42},{""x"":-14.82,""y"":-77.5,""z"":153.67},{""x"":-7.01,""y"":-68.35,""z"":150.2},{""x"":-10.14,""y"":-74.22,""z"":150.85},{""x"":-12.02,""y"":-75.47,""z"":152.62},{""x"":-13.03,""y"":-75.23,""z"":153.68}]}],""body"":{""shoulder_L"":[-9.5,33,137.5],""shoulder_R"":[-47.3,34.2,141.1],""elbow_L"":[-9.7,-13.2,145.7],""elbow_R"":[-52.9,-18.5,144.8],""wrist_L"":[-9.8,-55.9,153.3],""wrist_R"":[-58.1,-67.2,148.3]},""landmark_names"":{""hand_joints"":[""WRIST"",""THUMB_CMC"",""THUMB_MCP"",""THUMB_IP"",""THUMB_TIP"",""INDEX_MCP"",""INDEX_PIP"",""INDEX_DIP"",""INDEX_TIP"",""MIDDLE_MCP"",""MIDDLE_PIP"",""MIDDLE_DIP"",""MIDDLE_TIP"",""RING_MCP"",""RING_PIP"",""RING_DIP"",""RING_TIP"",""PINKY_MCP"",""PINKY_PIP"",""PINKY_DIP"",""PINKY_TIP""],""body_joints"":{""0"":""nose"",""11"":""shoulder_L"",""12"":""shoulder_R"",""13"":""elbow_L"",""14"":""elbow_R"",""15"":""wrist_L"",""16"":""wrist_R"",""23"":""hip_L"",""24"":""hip_R""}},""interhand_cm"":49.2}"
1781631405.1357412,"{""t"":1781631405158,""seq"":1669,""fps"":23.9,""frame"":{""origin"":""camera"",""x"":""right"",""y"":""up"",""z"":""away_from_camera"",""units"":""cm""},""calibration"":{""hand_size_cm"":8,""fov_deg"":75,""shoulder_width_cm"":40},""hands"":[{""label"":""Right"",""present"":true,""index"":0,""confidence"":0.9716796875,""depth_cm"":137.4,""wrist_cm"":{""x"":-53.82,""y"":-65.98,""z"":137.41},""palm_normal"":[0.989,-0.147,0.002],""finger_dir"":[-0.124,-0.83,0.544],""finger_curl"":[0.003,0.17,0.137,0.155,0.424],""pinch_cm"":[5.5,7.4,8.4,9],""grip_aperture_cm"":5.5,""gesture"":""OPEN"",""gesture_id"":2,""is_grab"":false,""joints_cm"":[{""x"":-55.31,""y"":-67.8,""z"":141.21},{""x"":-51.35,""y"":-71.15,""z"":138.97},{""x"":-49.21,""y"":-76.77,""z"":137.12},{""x"":-47.64,""y"":-81.37,""z"":134.96},{""x"":-46.8,""y"":-84.89,""z"":133.7},{""x"":-53.58,""y"":-81.52,""z"":135.41},{""x"":-51.67,""y"":-89.57,""z"":135.96},{""x"":-49.84,""y"":-90.56,""z"":137.11},{""x"":-49.13,""y"":-90.27,""z"":139.06},{""x"":-55.26,""y"":-81.85,""z"":136.81},{""x"":-53.29,""y"":-89.83,""z"":138.14},{""x"":-51.25,""y"":-90.63,""z"":139.76},{""x"":-50.14,""y"":-89.92,""z"":140.98},{""x"":-56.23,""y"":-81.99,""z"":138.75},{""x"":-54.08,""y"":-88.23,""z"":139.51},{""x"":-52.29,""y"":-89.01,""z"":140.84},{""x"":-51.37,""y"":-88.44,""z"":141.91},{""x"":-56.75,""y"":-81.9,""z"":140.67},{""x"":-55.03,""y"":-87.17,""z"":141.09},{""x"":-53.51,""y"":-87.73,""z"":141.69},{""x"":-52.53,""y"":-87.05,""z"":142.19}]},{""label"":""Left"",""present"":true,""index"":1,""confidence"":0.9872207641601562,""depth_cm"":146.7,""wrist_cm"":{""x"":-8.09,""y"":-51.26,""z"":146.65},""palm_normal"":[0.664,0.639,0.389],""finger_dir"":[-0.099,-0.441,0.892],""finger_curl"":[0.021,0.189,0.136,0.155,0.126],""pinch_cm"":[4.5,6.1,7.4,7.9],""grip_aperture_cm"":4.5,""gesture"":""OPEN"",""gesture_id"":2,""is_grab"":false,""joints_cm"":[{""x"":-8.52,""y"":-54.01,""z"":154.52},{""x"":-13.11,""y"":-55.42,""z"":152.09},{""x"":-15.7,""y"":-61.51,""z"":150.28},{""x"":-16.56,""y"":-67.86,""z"":147.42},{""x"":-17.04,""y"":-72.46,""z"":145.32},{""x"":-11.78,""y"":-61.99,""z"":145.5},{""x"":-13.9,""y"":-71.73,""z"":145.83},{""x"":-15.77,""y"":-75.33,""z"":147.34},{""x"":-17.22,""y"":-76.95,""z"":149.78},{""x"":-9.35,""y"":-64.04,""z"":145.94},{""x"":-12.28,""y"":-74.11,""z"":146.96},{""x"":-14.57,""y"":-77.29,""z"":149.07},{""x"":-16.08,""y"":-78.35,""z"":151.34},{""x"":-7.66,""y"":-65.91,""z"":147.21},{""x"":-10.89,""y"":-74.08,""z"":147.97},{""x"":-13.02,""y"":-76.59,""z"":150.01},{""x"":-14.37,""y"":-77.65,""z"":152.42},{""x"":-6.58,""y"":-67.42,""z"":148.97},{""x"":-9.53,""y"":-73.5,""z"":149.59},{""x"":-11.43,""y"":-75.19,""z"":151.39},{""x"":-12.45,""y"":-75.35,""z"":152.51}]}],""body"":{""shoulder_L"":[-9.9,33.1,132.8],""shoulder_R"":[-47.1,34.1,135.7],""elbow_L"":[-9.5,-12.4,144.5],""elbow_R"":[-52,-18.9,139.7],""wrist_L"":[-9.1,-54.4,155.2],""wrist_R"":[-56.5,-67.8,143.3]},""landmark_names"":{""hand_joints"":[""WRIST"",""THUMB_CMC"",""THUMB_MCP"",""THUMB_IP"",""THUMB_TIP"",""INDEX_MCP"",""INDEX_PIP"",""INDEX_DIP"",""INDEX_TIP"",""MIDDLE_MCP"",""MIDDLE_PIP"",""MIDDLE_DIP"",""MIDDLE_TIP"",""RING_MCP"",""RING_PIP"",""RING_DIP"",""RING_TIP"",""PINKY_MCP"",""PINKY_PIP"",""PINKY_DIP"",""PINKY_TIP""],""body_joints"":{""0"":""nose"",""11"":""shoulder_L"",""12"":""shoulder_R"",""13"":""elbow_L"",""14"":""elbow_R"",""15"":""wrist_L"",""16"":""wrist_R"",""23"":""hip_L"",""24"":""hip_R""}},""interhand_cm"":48.9}"
1781631405.1702642,"{""t"":1781631405192,""seq"":1670,""fps"":24.3,""frame"":{""origin"":""camera"",""x"":""right"",""y"":""up"",""z"":""away_from_camera"",""units"":""cm""},""calibration"":{""hand_size_cm"":8,""fov_deg"":75,""shoulder_width_cm"":40},""hands"":[{""label"":""Right"",""present"":true,""index"":0,""confidence"":0.97314453125,""depth_cm"":134.9,""wrist_cm"":{""x"":-52.07,""y"":-66.42,""z"":134.91},""palm_normal"":[0.916,-0.324,-0.235],""finger_dir"":[-0.158,-0.832,0.531],""finger_curl"":[0.013,0.204,0.187,0.2,0.313],""pinch_cm"":[5,6.5,7.3,7.4],""grip_aperture_cm"":5,""gesture"":""OPEN"",""gesture_id"":2,""is_grab"":false,""joints_cm"":[{""x"":-53.58,""y"":-68.34,""z"":138.83},{""x"":-50.1,""y"":-72.43,""z"":137.36},{""x"":-48.22,""y"":-77.78,""z"":136.12},{""x"":-46.69,""y"":-81.97,""z"":134.03},{""x"":-45.51,""y"":-85.31,""z"":132.42},{""x"":-52.41,""y"":-81.76,""z"":133.88},{""x"":-50.34,""y"":-89.38,""z"":134.34},{""x"":-48.57,""y"":-90.65,""z"":135.5},{""x"":-47.8,""y"":-90.43,""z"":137.34},{""x"":-53.83,""y"":-82.02,""z"":134.41},{""x"":-51.55,""y"":-89.69,""z"":135.63},{""x"":-49.75,""y"":-90.68,""z"":137.56},{""x"":-48.72,""y"":-89.93,""z"":138.82},{""x"":-54.55,""y"":-82.11,""z"":135.6},{""x"":-52.16,""y"":-88.69,""z"":136.47},{""x"":-50.55,""y"":-89.63,""z"":138.12},{""x"":-49.7,""y"":-89.12,""z"":139.4},{""x"":-54.8,""y"":-81.94,""z"":137.02},{""x"":-53.03,""y"":-87.55,""z"":137.48},{""x"":-51.7,""y"":-88.63,""z"":138.51},{""x"":-50.76,""y"":-88.23,""z"":139.2}]},{""label"":""Left"",""present"":true,""index"":1,""confidence"":0.9915618896484375,""depth_cm"":146.7,""wrist_cm"":{""x"":-7.43,""y"":-51.46,""z"":146.65},""palm_normal"":[0.743,0.562,0.363],""finger_dir"":[-0.103,-0.44,0.892],""finger_curl"":[0.013,0.188,0.139,0.181,0.163],""pinch_cm"":[3.8,5.3,6.7,7.2],""grip_aperture_cm"":3.8,""gesture"":""OPEN"",""gesture_id"":2,""is_grab"":false,""joints_cm"":[{""x"":-7.81,""y"":-54.1,""z"":154.16},{""x"":-12.45,""y"":-55.68,""z"":152.01},{""x"":-14.97,""y"":-62.24,""z"":150.1},{""x"":-15.79,""y"":-68.65,""z"":147.45},{""x"":-16.16,""y"":-73.5,""z"":145.67},{""x"":-11.46,""y"":-62.37,""z"":145.59},{""x"":-13.26,""y"":-72.24,""z"":145.81},{""x"":-14.86,""y"":-76.17,""z"":147.11},{""x"":-16.02,""y"":-77.84,""z"":149.43},{""x"":-8.97,""y"":-64.41,""z"":145.96},{""x"":-11.73,""y"":-74.64,""z"":146.94},{""x"":-13.7,""y"":-77.46,""z"":148.86},{""x"":-14.86,""y"":-78.18,""z"":150.88},{""x"":-7.23,""y"":-66.28,""z"":147.24},{""x"":-10.21,""y"":-74.71,""z"":147.9},{""x"":-12.09,""y"":-76.85,""z"":149.77},{""x"":-13.17,""y"":-77.58,""z"":152.07},{""x"":-6.1,""y"":-67.8,""z"":148.9},{""x"":-8.94,""y"":-73.65,""z"":149.35},{""x"":-10.71,""y"":-75.26,""z"":151.01},{""x"":-11.65,""y"":-75.72,""z"":152.37}]}],""body"":{""shoulder_L"":[-9.9,33.1,132.8],""shoulder_R"":[-47.1,34.1,135.7],""elbow_L"":[-9.5,-12.4,144.5],""elbow_R"":[-52,-18.9,139.7],""wrist_L"":[-9.1,-54.4,155.2],""wrist_R"":[-56.5,-67.8,143.3]},""landmark_names"":{""hand_joints"":[""WRIST"",""THUMB_CMC"",""THUMB_MCP"",""THUMB_IP"",""THUMB_TIP"",""INDEX_MCP"",""INDEX_PIP"",""INDEX_DIP"",""INDEX_TIP"",""MIDDLE_MCP"",""MIDDLE_PIP"",""MIDDLE_DIP"",""MIDDLE_TIP"",""RING_MCP"",""RING_PIP"",""RING_DIP"",""RING_TIP"",""PINKY_MCP"",""PINKY_PIP"",""PINKY_DIP"",""PINKY_TIP""],""body_joints"":{""0"":""nose"",""11"":""shoulder_L"",""12"":""shoulder_R"",""13"":""elbow_L"",""14"":""elbow_R"",""15"":""wrist_L"",""16"":""wrist_R"",""23"":""hip_L"",""24"":""hip_R""}},""interhand_cm"":48.5}"
1781631405.2058637,"{""t"":1781631405227,""seq"":1671,""fps"":24.5,""frame"":{""origin"":""camera"",""x"":""right"",""y"":""up"",""z"":""away_from_camera"",""units"":""cm""},""calibration"":{""hand_size_cm"":8,""fov_deg"":75,""shoulder_width_cm"":40},""hands"":[{""label"":""Right"",""present"":true,""index"":0,""confidence"":0.98583984375,""depth_cm"":133.1,""wrist_cm"":{""x"":-50.87,""y"":-66.7,""z"":133.13},""palm_normal"":[0.966,-0.252,-0.058],""finger_dir"":[-0.159,-0.758,0.632],""finger_curl"":[0.003,0.208,0.176,0.22,0.438],""pinch_cm"":[5.5,7.7,8.8,9.6],""grip_aperture_cm"":5.5,""gesture"":""OPEN"",""gesture_id"":2,""is_grab"":false,""joints_cm"":[{""x"":-52.7,""y"":-69.1,""z"":137.9},{""x"":-48.72,""y"":-71.98,""z"":135.36},{""x"":-46.66,""y"":-77.42,""z"":133.4},{""x"":-45.22,""y"":-81.84,""z"":130.97},{""x"":-44.15,""y"":-85.18,""z"":129.54},{""x"":-50.8,""y"":-80.7,""z"":131.08},{""x"":-49.15,""y"":-88.76,""z"":131.58},{""x"":-47.4,""y"":-90.5,""z"":132.89},{""x"":-46.71,""y"":-90.73,""z"":134.94},{""x"":-52.6,""y"":-81.33,""z"":132.47},{""x"":-50.56,""y"":-89.26,""z"":133.79},{""x"":-48.64,""y"":-90.5,""z"":135.78},{""x"":-47.69,""y"":-90.04,""z"":137.07},{""x"":-53.67,""y"":-81.86,""z"":134.53},{""x"":-51.44,""y"":-88.4,""z"":135.34},{""x"":-49.74,""y"":-89.4,""z"":136.92},{""x"":-48.97,""y"":-88.91,""z"":138.06},{""x"":-54.24,""y"":-82.15,""z"":136.62},{""x"":-52.49,""y"":-87.72,""z"":137.03},{""x"":-51.07,""y"":-88.5,""z"":137.83},{""x"":-50.26,""y"":-87.98,""z"":138.46}]},{""label"":""Left"",""present"":true,""index"":1,""confidence"":0.9869842529296875,""depth_cm"":146.2,""wrist_cm"":{""x"":-6.95,""y"":-52.12,""z"":146.19},""palm_normal"":[0.665,0.617,0.422],""finger_dir"":[-0.134,-0.457,0.879],""finger_curl"":[0.018,0.201,0.126,0.17,0.188],""pinch_cm"":[4,5.2,6.2,6.4],""grip_aperture_cm"":4,""gesture"":""OPEN"",""gesture_id"":2,""is_grab"":false,""joints_cm"":[{""x"":-7.29,""y"":-54.67,""z"":153.34},{""x"":-11.87,""y"":-56.83,""z"":151.55},{""x"":-14.36,""y"":-63.13,""z"":149.78},{""x"":-15.1,""y"":-69.12,""z"":147.19},{""x"":-15.23,""y"":-73.74,""z"":145.41},{""x"":-11.4,""y"":-62.85,""z"":145.36},{""x"":-13.08,""y"":-72.25,""z"":145.59},{""x"":-14.25,""y"":-76.53,""z"":146.97},{""x"":-15.06,""y"":-78.81,""z"":149.4},{""x"":-8.8,""y"":-64.61,""z"":145.5},{""x"":-11.1,""y"":-74.58,""z"":146.31},{""x"":-12.56,""y"":-78.38,""z"":148.38},{""x"":-13.54,""y"":-79.95,""z"":150.5},{""x"":-6.8,""y"":-66.34,""z"":146.61},{""x"":-9.24,""y"":-75.19,""z"":147.23},{""x"":-10.83,""y"":-78.05,""z"":149},{""x"":-11.89,""y"":-79.29,""z"":151.32},{""x"":-5.36,""y"":-67.91,""z"":148.21},{""x"":-7.62,""y"":-74.33,""z"":148.48},{""x"":-9.23,""y"":-76.45,""z"":149.93},{""x"":-10.28,""y"":-77.36,""z"":151.31}]}],""body"":{""shoulder_L"":[-9.9,33.1,132.8],""shoulder_R"":[-47.1,34.1,135.7],""elbow_L"":[-9.5,-12.4,144.5],""elbow_R"":[-52,-18.9,139.7],""wrist_L"":[-9.1,-54.4,155.2],""wrist_R"":[-56.5,-67.8,143.3]},""landmark_names"":{""hand_joints"":[""WRIST"",""THUMB_CMC"",""THUMB_MCP"",""THUMB_IP"",""THUMB_TIP"",""INDEX_MCP"",""INDEX_PIP"",""INDEX_DIP"",""INDEX_TIP"",""MIDDLE_MCP"",""MIDDLE_PIP"",""MIDDLE_DIP"",""MIDDLE_TIP"",""RING_MCP"",""RING_PIP"",""RING_DIP"",""RING_TIP"",""PINKY_MCP"",""PINKY_PIP"",""PINKY_DIP"",""PINKY_TIP""],""body_joints"":{""0"":""nose"",""11"":""shoulder_L"",""12"":""shoulder_R"",""13"":""elbow_L"",""14"":""elbow_R"",""15"":""wrist_L"",""16"":""wrist_R"",""23"":""hip_L"",""24"":""hip_R""}},""interhand_cm"":48.1}"
1781631405.2671647,"{""t"":1781631405287,""seq"":1673,""fps"":25.2,""frame"":{""origin"":""camera"",""x"":""right"",""y"":""up"",""z"":""away_from_camera"",""units"":""cm""},""calibration"":{""hand_size_cm"":8,""fov_deg"":75,""shoulder_width_cm"":40},""hands"":[{""label"":""Right"",""present"":true,""index"":0,""confidence"":0.9658203125,""depth_cm"":129.2,""wrist_cm"":{""x"":-49.11,""y"":-65.67,""z"":129.2},""palm_normal"":[0.893,-0.374,-0.25],""finger_dir"":[-0.18,-0.806,0.563],""finger_curl"":[0.008,0.144,0.11,0.147,0.247],""pinch_cm"":[5.5,7.8,9.1,9.1],""grip_aperture_cm"":5.5,""gesture"":""OPEN"",""gesture_id"":2,""is_grab"":false,""joints_cm"":[{""x"":-50.74,""y"":-67.84,""z"":133.48},{""x"":-47.07,""y"":-71.55,""z"":131.73},{""x"":-44.97,""y"":-76.88,""z"":129.96},{""x"":-43.37,""y"":-81.25,""z"":127.67},{""x"":-42.04,""y"":-84.52,""z"":125.69},{""x"":-49.21,""y"":-80.49,""z"":127.55},{""x"":-47.49,""y"":-87.45,""z"":127.9},{""x"":-46.06,""y"":-89.88,""z"":129.13},{""x"":-45.3,""y"":-90.99,""z"":130.91},{""x"":-50.86,""y"":-80.94,""z"":128.55},{""x"":-49.08,""y"":-88.3,""z"":129.94},{""x"":-47.51,""y"":-90.45,""z"":131.72},{""x"":-46.49,""y"":-91.25,""z"":133.15},{""x"":-51.83,""y"":-81.28,""z"":130.25},{""x"":-50.08,""y"":-87.65,""z"":131.36},{""x"":-48.66,""y"":-89.95,""z"":133.14},{""x"":-47.56,""y"":-90.63,""z"":134.34},{""x"":-52.25,""y"":-81.42,""z"":132.18},{""x"":-50.88,""y"":-86.97,""z"":132.67},{""x"":-49.55,""y"":-88.9,""z"":133.5},{""x"":-48.43,""y"":-89.46,""z"":133.97}]},{""label"":""Left"",""present"":true,""index"":1,""confidence"":0.9860916137695312,""depth_cm"":143.1,""wrist_cm"":{""x"":-5.76,""y"":-54.8,""z"":143.13},""palm_normal"":[0.735,0.536,0.415],""finger_dir"":[-0.087,-0.533,0.842],""finger_curl"":[0.008,0.156,0.058,0.108,0.21],""pinch_cm"":[4.3,5.4,6.5,6.9],""grip_aperture_cm"":4.3,""gesture"":""OPEN"",""gesture_id"":2,""is_grab"":false,""joints_cm"":[{""x"":-6.03,""y"":-57.31,""z"":149.66},{""x"":-10.73,""y"":-59.33,""z"":147.66},{""x"":-12.99,""y"":-65.85,""z"":145.97},{""x"":-13.34,""y"":-72.15,""z"":143.53},{""x"":-13.55,""y"":-76.82,""z"":141.85},{""x"":-9.32,""y"":-67.29,""z"":142.12},{""x"":-10.72,""y"":-76.47,""z"":142.35},{""x"":-12.16,""y"":-80.83,""z"":143.7},{""x"":-13.38,""y"":-83.46,""z"":145.96},{""x"":-6.59,""y"":-68.58,""z"":142.47},{""x"":-8.5,""y"":-78.4,""z"":143.48},{""x"":-10.36,""y"":-81.88,""z"":145.33},{""x"":-11.68,""y"":-83.22,""z"":147.02},{""x"":-4.71,""y"":-69.49,""z"":143.68},{""x"":-6.66,""y"":-77.96,""z"":144.29},{""x"":-8.54,""y"":-80.69,""z"":145.98},{""x"":-9.81,""y"":-81.92,""z"":148.01},{""x"":-3.58,""y"":-70.04,""z"":145.2},{""x"":-5.3,""y"":-76.15,""z"":145.51},{""x"":-6.99,""y"":-78.08,""z"":147.04},{""x"":-8.14,""y"":-78.57,""z"":148.12}]}],""body"":{""shoulder_L"":[-10.3,35.1,131],""shoulder_R"":[-47.8,34.5,133.8],""elbow_L"":[-8.8,-11.6,142.6],""elbow_R"":[-50.4,-19.4,135.9],""wrist_L"":[-7.3,-54.7,153.3],""wrist_R"":[-52.7,-69.1,137.9]},""landmark_names"":{""hand_joints"":[""WRIST"",""THUMB_CMC"",""THUMB_MCP"",""THUMB_IP"",""THUMB_TIP"",""INDEX_MCP"",""INDEX_PIP"",""INDEX_DIP"",""INDEX_TIP"",""MIDDLE_MCP"",""MIDDLE_PIP"",""MIDDLE_DIP"",""MIDDLE_TIP"",""RING_MCP"",""RING_PIP"",""RING_DIP"",""RING_TIP"",""PINKY_MCP"",""PINKY_PIP"",""PINKY_DIP"",""PINKY_TIP""],""body_joints"":{""0"":""nose"",""11"":""shoulder_L"",""12"":""shoulder_R"",""13"":""elbow_L"",""14"":""elbow_R"",""15"":""wrist_L"",""16"":""wrist_R"",""23"":""hip_L"",""24"":""hip_R""}},""interhand_cm"":46.8}"
1781631405.303481,"{""t"":1781631405323,""seq"":1674,""fps"":25.9,""frame"":{""origin"":""camera"",""x"":""right"",""y"":""up"",""z"":""away_from_camera"",""units"":""cm""},""calibration"":{""hand_size_cm"":8,""fov_deg"":75,""shoulder_width_cm"":40},""hands"":[{""label"":""Right"",""present"":true,""index"":0,""confidence"":0.9853515625,""depth_cm"":127.9,""wrist_cm"":{""x"":-49.66,""y"":-67.59,""z"":127.92},""palm_normal"":[0.897,-0.293,-0.332],""finger_dir"":[-0.005,-0.756,0.654],""finger_curl"":[0.011,0.118,0.135,0.185,0.193],""pinch_cm"":[4.5,6.6,8.1,7.8],""grip_aperture_cm"":4.5,""gesture"":""OPEN"",""gesture_id"":2,""is_grab"":false,""joints_cm"":[{""x"":-51.54,""y"":-70.15,""z"":132.76},{""x"":-47.39,""y"":-72.81,""z"":131.2},{""x"":-45,""y"":-78.29,""z"":129.67},{""x"":-43.48,""y"":-82.71,""z"":127.31},{""x"":-41.93,""y"":-86,""z"":125.1},{""x"":-48.09,""y"":-81.79,""z"":126.63},{""x"":-46.86,""y"":-88.85,""z"":126.9},{""x"":-45.35,""y"":-91.38,""z"":127.83},{""x"":-44.52,""y"":-92.58,""z"":129.48},{""x"":-49.97,""y"":-82.47,""z"":127.3},{""x"":-48.51,""y"":-89.69,""z"":128.13},{""x"":-47.02,""y"":-92.44,""z"":129.77},{""x"":-46.07,""y"":-93.77,""z"":131.39},{""x"":-51.32,""y"":-83.05,""z"":128.75},{""x"":-49.8,""y"":-89.75,""z"":129.47},{""x"":-48.46,""y"":-92.45,""z"":131.24},{""x"":-47.51,""y"":-93.41,""z"":132.78},{""x"":-52.2,""y"":-83.52,""z"":130.45},{""x"":-50.81,""y"":-89.17,""z"":130.73},{""x"":-49.35,""y"":-91.6,""z"":131.58},{""x"":-48.15,""y"":-92.68,""z"":132.31}]},{""label"":""Left"",""present"":true,""index"":1,""confidence"":0.974517822265625,""depth_cm"":142.5,""wrist_cm"":{""x"":-5.39,""y"":-56.33,""z"":142.45},""palm_normal"":[0.734,0.525,0.431],""finger_dir"":[-0.103,-0.541,0.835],""finger_curl"":[0.002,0.177,0.048,0.11,0.157],""pinch_cm"":[4.2,5.5,6.2,6.3],""grip_aperture_cm"":4.2,""gesture"":""OPEN"",""gesture_id"":2,""is_grab"":false,""joints_cm"":[{""x"":-5.63,""y"":-58.85,""z"":148.83},{""x"":-10.35,""y"":-61.55,""z"":147.21},{""x"":-12.59,""y"":-68.19,""z"":145.48},{""x"":-12.91,""y"":-74.46,""z"":142.94},{""x"":-13.16,""y"":-79.4,""z"":141.36},{""x"":-9.06,""y"":-69.03,""z"":141.55},{""x"":-10.31,""y"":-77.98,""z"":141.73},{""x"":-11.51,""y"":-82.51,""z"":143.1},{""x"":-12.57,""y"":-85.43,""z"":145.45},{""x"":-6.27,""y"":-70.19,""z"":141.82},{""x"":-7.75,""y"":-79.92,""z"":142.62},{""x"":-9.27,""y"":-84.28,""z"":144.51},{""x"":-10.58,""y"":-86.66,""z"":146.49},{""x"":-4.26,""y"":-71.03,""z"":142.92},{""x"":-5.68,""y"":-79.66,""z"":143.29},{""x"":-7.34,""y"":-83.59,""z"":144.95},{""x"":-8.75,""y"":-85.93,""z"":147.06},{""x"":-3.05,""y"":-71.58,""z"":144.42},{""x"":-4.41,""y"":-78.2,""z"":144.62},{""x"":-5.91,""y"":-81.13,""z"":145.85},{""x"":-7.18,""y"":-82.63,""z"":146.87}]}],""body"":{""shoulder_L"":[-10.3,35.1,131],""shoulder_R"":[-47.8,34.5,133.8],""elbow_L"":[-8.8,-11.6,142.6],""elbow_R"":[-50.4,-19.4,135.9],""wrist_L"":[-7.3,-54.7,153.3],""wrist_R"":[-52.7,-69.1,137.9]},""landmark_names"":{""hand_joints"":[""WRIST"",""THUMB_CMC"",""THUMB_MCP"",""THUMB_IP"",""THUMB_TIP"",""INDEX_MCP"",""INDEX_PIP"",""INDEX_DIP"",""INDEX_TIP"",""MIDDLE_MCP"",""MIDDLE_PIP"",""MIDDLE_DIP"",""MIDDLE_TIP"",""RING_MCP"",""RING_PIP"",""RING_DIP"",""RING_TIP"",""PINKY_MCP"",""PINKY_PIP"",""PINKY_DIP"",""PINKY_TIP""],""body_joints"":{""0"":""nose"",""11"":""shoulder_L"",""12"":""shoulder_R"",""13"":""elbow_L"",""14"":""elbow_R"",""15"":""wrist_L"",""16"":""wrist_R"",""23"":""hip_L"",""24"":""hip_R""}},""interhand_cm"":47.9}"
1781631405.3414476,"{""t"":1781631405360,""seq"":1675,""fps"":26.4,""frame"":{""origin"":""camera"",""x"":""right"",""y"":""up"",""z"":""away_from_camera"",""units"":""cm""},""calibration"":{""hand_size_cm"":8,""fov_deg"":75,""shoulder_width_cm"":40},""hands"":[{""label"":""Right"",""present"":true,""index"":0,""confidence"":0.9931640625,""depth_cm"":126.8,""wrist_cm"":{""x"":-49.78,""y"":-68.89,""z"":126.76},""palm_normal"":[0.886,-0.356,-0.298],""finger_dir"":[-0.053,-0.716,0.696],""finger_curl"":[0.008,0.14,0.122,0.156,0.257],""pinch_cm"":[5.8,8.3,10.2,10.3],""grip_aperture_cm"":5.8,""gesture"":""OPEN"",""gesture_id"":2,""is_grab"":false,""joints_cm"":[{""x"":-51.78,""y"":-71.65,""z"":131.86},{""x"":-47.44,""y"":-74.46,""z"":129.82},{""x"":-44.81,""y"":-79.7,""z"":127.82},{""x"":-43.15,""y"":-83.76,""z"":125.23},{""x"":-41.71,""y"":-87.01,""z"":123.24},{""x"":-48.1,""y"":-82.83,""z"":124.66},{""x"":-47.05,""y"":-90.48,""z"":125.45},{""x"":-45.55,""y"":-92.77,""z"":126.8},{""x"":-44.81,""y"":-93.71,""z"":128.94},{""x"":-50.31,""y"":-83.42,""z"":125.97},{""x"":-48.98,""y"":-91.18,""z"":127.53},{""x"":-47.45,""y"":-93.61,""z"":129.57},{""x"":-46.42,""y"":-94.12,""z"":131.26},{""x"":-51.98,""y"":-83.89,""z"":128.09},{""x"":-50.38,""y"":-90.88,""z"":129.4},{""x"":-49.13,""y"":-93.26,""z"":131.45},{""x"":-48.27,""y"":-93.59,""z"":132.95},{""x"":-53.24,""y"":-84.36,""z"":130.49},{""x"":-51.69,""y"":-89.99,""z"":131.07},{""x"":-50.33,""y"":-91.81,""z"":132.1},{""x"":-49.26,""y"":-92.05,""z"":132.77}]},{""label"":""Left"",""present"":true,""index"":1,""confidence"":0.975433349609375,""depth_cm"":141.3,""wrist_cm"":{""x"":-4.78,""y"":-58.57,""z"":141.32},""palm_normal"":[0.823,0.452,0.345],""finger_dir"":[-0.104,-0.477,0.873],""finger_curl"":[0.003,0.145,0.068,0.174,0.212],""pinch_cm"":[4.3,5.4,6.1,6.3],""grip_aperture_cm"":4.3,""gesture"":""OPEN"",""gesture_id"":2,""is_grab"":false,""joints_cm"":[{""x"":-5.01,""y"":-61.34,""z"":148},{""x"":-9.64,""y"":-63.27,""z"":146.22},{""x"":-11.95,""y"":-69.7,""z"":144.26},{""x"":-12.45,""y"":-76.08,""z"":141.82},{""x"":-12.71,""y"":-80.68,""z"":139.92},{""x"":-8.52,""y"":-70.99,""z"":140.4},{""x"":-10.03,""y"":-80.34,""z"":140.6},{""x"":-11.34,""y"":-85,""z"":141.84},{""x"":-12.36,""y"":-87.89,""z"":144.04},{""x"":-5.86,""y"":-72.48,""z"":140.66},{""x"":-7.67,""y"":-82.48,""z"":141.19},{""x"":-9.33,""y"":-86.71,""z"":142.97},{""x"":-10.69,""y"":-89.04,""z"":144.97},{""x"":-4,""y"":-73.8,""z"":141.87},{""x"":-5.68,""y"":-82.71,""z"":141.98},{""x"":-7.5,""y"":-86.3,""z"":143.43},{""x"":-8.97,""y"":-88.41,""z"":145.61},{""x"":-2.85,""y"":-74.7,""z"":143.43},{""x"":-4.3,""y"":-82.01,""z"":143.46},{""x"":-5.92,""y"":-84.86,""z"":144.32},{""x"":-7.27,""y"":-86.48,""z"":145.59}]}],""body"":{""shoulder_L"":[-9.7,35.4,128.7],""shoulder_R"":[-47,35.1,131.3],""elbow_L"":[-7.6,-13.6,139.2],""elbow_R"":[-49.4,-19.6,132],""wrist_L"":[-5.6,-58.9,148.8],""wrist_R"":[-51.5,-70.1,132.8]},""landmark_names"":{""hand_joints"":[""WRIST"",""THUMB_CMC"",""THUMB_MCP"",""THUMB_IP"",""THUMB_TIP"",""INDEX_MCP"",""INDEX_PIP"",""INDEX_DIP"",""INDEX_TIP"",""MIDDLE_MCP"",""MIDDLE_PIP"",""MIDDLE_DIP"",""MIDDLE_TIP"",""RING_MCP"",""RING_PIP"",""RING_DIP"",""RING_TIP"",""PINKY_MCP"",""PINKY_PIP"",""PINKY_DIP"",""PINKY_TIP""],""body_joints"":{""0"":""nose"",""11"":""shoulder_L"",""12"":""shoulder_R"",""13"":""elbow_L"",""14"":""elbow_R"",""15"":""wrist_L"",""16"":""wrist_R"",""23"":""hip_L"",""24"":""hip_R""}},""interhand_cm"":48.4}"
1781631405.3979235,"{""t"":1781631405415,""seq"":1677,""fps"":27.1,""frame"":{""origin"":""camera"",""x"":""right"",""y"":""up"",""z"":""away_from_camera"",""units"":""cm""},""calibration"":{""hand_size_cm"":8,""fov_deg"":75,""shoulder_width_cm"":40},""hands"":[{""label"":""Right"",""present"":true,""index"":0,""confidence"":0.99462890625,""depth_cm"":124.7,""wrist_cm"":{""x"":-50.87,""y"":-70.7,""z"":124.68},""palm_normal"":[0.903,-0.34,-0.262],""finger_dir"":[-0.023,-0.647,0.762],""finger_curl"":[0.011,0.051,0.042,0.127,0.123],""pinch_cm"":[5.1,7.1,8.4,8.3],""grip_aperture_cm"":5.1,""gesture"":""OPEN"",""gesture_id"":2,""is_grab"":false,""joints_cm"":[{""x"":-53.12,""y"":-73.82,""z"":130.19},{""x"":-48.76,""y"":-76.33,""z"":128.29},{""x"":-46.2,""y"":-81.96,""z"":126.47},{""x"":-44.84,""y"":-86.59,""z"":124.05},{""x"":-43.69,""y"":-89.47,""z"":121.79},{""x"":-49.06,""y"":-83.87,""z"":122.97},{""x"":-48.37,""y"":-92.2,""z"":123.55},{""x"":-47.11,""y"":-96.11,""z"":124.6},{""x"":-46.58,""y"":-98.82,""z"":126.5},{""x"":-51.53,""y"":-84.9,""z"":123.97},{""x"":-50.58,""y"":-93.08,""z"":125},{""x"":-49.42,""y"":-97.25,""z"":126.9},{""x"":-48.54,""y"":-99.36,""z"":128.38},{""x"":-53.44,""y"":-85.88,""z"":125.62},{""x"":-52.3,""y"":-93.25,""z"":126.53},{""x"":-51.2,""y"":-96.87,""z"":128.35},{""x"":-50.32,""y"":-98.49,""z"":129.73},{""x"":-54.93,""y"":-86.93,""z"":127.77},{""x"":-53.82,""y"":-92.94,""z"":128.05},{""x"":-52.42,""y"":-95.73,""z"":128.82},{""x"":-51.22,""y"":-97.04,""z"":129.36}]},{""label"":""Left"",""present"":true,""index"":1,""confidence"":0.9849929809570312,""depth_cm"":139.8,""wrist_cm"":{""x"":-4.12,""y"":-63.31,""z"":139.77},""palm_normal"":[0.919,0.303,0.253],""finger_dir"":[-0.121,-0.392,0.912],""finger_curl"":[0.014,0.281,0.089,0.201,0.272],""pinch_cm"":[4.5,5.3,5.9,5.9],""grip_aperture_cm"":4.5,""gesture"":""OPEN"",""gesture_id"":2,""is_grab"":false,""joints_cm"":[{""x"":-4.32,""y"":-66.4,""z"":146.6},{""x"":-8.97,""y"":-68.14,""z"":145.01},{""x"":-11.5,""y"":-74.44,""z"":143.23},{""x"":-12.03,""y"":-80.53,""z"":140.71},{""x"":-11.98,""y"":-84.81,""z"":138.73},{""x"":-8.31,""y"":-74.65,""z"":139.2},{""x"":-9.65,""y"":-84.3,""z"":139.07},{""x"":-10.64,""y"":-89.77,""z"":140.62},{""x"":-11.24,""y"":-93.63,""z"":143.02},{""x"":-5.53,""y"":-76.43,""z"":139.17},{""x"":-7.19,""y"":-87.25,""z"":139.76},{""x"":-8.58,""y"":-91.62,""z"":141.84},{""x"":-9.42,""y"":-93.46,""z"":143.85},{""x"":-3.4,""y"":-78.17,""z"":140.09},{""x"":-4.78,""y"":-88.28,""z"":140.32},{""x"":-6.29,""y"":-91.75,""z"":141.94},{""x"":-7.28,""y"":-93.31,""z"":144.24},{""x"":-1.92,""y"":-79.81,""z"":141.44},{""x"":-2.72,""y"":-87.77,""z"":141.35},{""x"":-3.88,""y"":-90.8,""z"":142.39},{""x"":-4.75,""y"":-92.41,""z"":143.81}]}],""body"":{""shoulder_L"":[-9.7,35.4,128.7],""shoulder_R"":[-47,35.1,131.3],""elbow_L"":[-7.6,-13.6,139.2],""elbow_R"":[-49.4,-19.6,132],""wrist_L"":[-5.6,-58.9,148.8],""wrist_R"":[-51.5,-70.1,132.8]},""landmark_names"":{""hand_joints"":[""WRIST"",""THUMB_CMC"",""THUMB_MCP"",""THUMB_IP"",""THUMB_TIP"",""INDEX_MCP"",""INDEX_PIP"",""INDEX_DIP"",""INDEX_TIP"",""MIDDLE_MCP"",""MIDDLE_PIP"",""MIDDLE_DIP"",""MIDDLE_TIP"",""RING_MCP"",""RING_PIP"",""RING_DIP"",""RING_TIP"",""PINKY_MCP"",""PINKY_PIP"",""PINKY_DIP"",""PINKY_TIP""],""body_joints"":{""0"":""nose"",""11"":""shoulder_L"",""12"":""shoulder_R"",""13"":""elbow_L"",""14"":""elbow_R"",""15"":""wrist_L"",""16"":""wrist_R"",""23"":""hip_L"",""24"":""hip_R""}},""interhand_cm"":49.7}"
1781631405.4682636,"{""t"":1781631405485,""seq"":1679,""fps"":27.8,""frame"":{""origin"":""camera"",""x"":""right"",""y"":""up"",""z"":""away_from_camera"",""units"":""cm""},""calibration"":{""hand_size_cm"":8,""fov_deg"":75,""shoulder_width_cm"":40},""hands"":[{""label"":""Right"",""present"":true,""index"":0,""confidence"":0.97998046875,""depth_cm"":122.2,""wrist_cm"":{""x"":-52.24,""y"":-71.1,""z"":122.24},""palm_normal"":[0.76,-0.448,-0.471],""finger_dir"":[-0.165,-0.834,0.527],""finger_curl"":[0.007,0.084,0.032,0.092,0.084],""pinch_cm"":[4.1,6.1,7.2,7],""grip_aperture_cm"":4.1,""gesture"":""OPEN"",""gesture_id"":2,""is_grab"":false,""joints_cm"":[{""x"":-53.7,""y"":-73.07,""z"":125.64},{""x"":-49.76,""y"":-76.44,""z"":124.32},{""x"":-47.77,""y"":-82.33,""z"":123.11},{""x"":-46.95,""y"":-87.06,""z"":121.56},{""x"":-46.4,""y"":-90.43,""z"":120.5},{""x"":-51.2,""y"":-85.96,""z"":120.92},{""x"":-51.31,""y"":-92.96,""z"":121.48},{""x"":-50.48,""y"":-96.48,""z"":122.38},{""x"":-49.96,""y"":-98.63,""z"":123.71},{""x"":-53.45,""y"":-85.96,""z"":121.72},{""x"":-53.41,""y"":-93.1,""z"":123},{""x"":-52.59,""y"":-96.81,""z"":124.52},{""x"":-51.84,""y"":-98.56,""z"":125.74},{""x"":-55.18,""y"":-85.73,""z"":123.07},{""x"":-54.91,""y"":-92.46,""z"":124.16},{""x"":-54.17,""y"":-96.1,""z"":125.62},{""x"":-53.38,""y"":-97.65,""z"":126.77},{""x"":-56.46,""y"":-85.36,""z"":124.57},{""x"":-56.04,""y"":-90.87,""z"":125.16},{""x"":-55.13,""y"":-93.75,""z"":125.75},{""x"":-54.17,""y"":-95.12,""z"":126.23}]},{""label"":""Left"",""present"":true,""index"":1,""confidence"":0.9898529052734375,""depth_cm"":133.4,""wrist_cm"":{""x"":-2.95,""y"":-65.23,""z"":133.36},""palm_normal"":[0.921,0.331,0.204],""finger_dir"":[-0.096,-0.314,0.945],""finger_curl"":[0.027,0.25,0.086,0.26,0.313],""pinch_cm"":[4,4.9,5.4,5.5],""grip_aperture_cm"":4,""gesture"":""OPEN"",""gesture_id"":2,""is_grab"":false,""joints_cm"":[{""x"":-3.11,""y"":-68.72,""z"":140.49},{""x"":-7.78,""y"":-70.47,""z"":138.7},{""x"":-10.27,""y"":-76.83,""z"":137.06},{""x"":-10.89,""y"":-82.55,""z"":134.43},{""x"":-10.87,""y"":-86.96,""z"":132.5},{""x"":-7.25,""y"":-76.1,""z"":132.72},{""x"":-8.09,""y"":-86.36,""z"":132.51},{""x"":-8.96,""y"":-92.34,""z"":133.63},{""x"":-9.87,""y"":-97.09,""z"":136.1},{""x"":-4.34,""y"":-77.54,""z"":132.77},{""x"":-5.15,""y"":-88.67,""z"":132.97},{""x"":-6.61,""y"":-94.32,""z"":134.62},{""x"":-8.07,""y"":-97.74,""z"":136.79},{""x"":-2.07,""y"":-79.1,""z"":133.69},{""x"":-2.58,""y"":-89.15,""z"":133.54},{""x"":-4.22,""y"":-94.05,""z"":134.84},{""x"":-5.75,""y"":-97.13,""z"":137.08},{""x"":-0.53,""y"":-80.69,""z"":135.13},{""x"":-0.84,""y"":-88.59,""z"":134.8},{""x"":-2.16,""y"":-92.26,""z"":135.53},{""x"":-3.46,""y"":-94.85,""z"":137.11}]}],""body"":{""shoulder_L"":[-6.9,33.1,122],""shoulder_R"":[-44.1,35.1,124.5],""elbow_L"":[-5.6,-18.6,134.8],""elbow_R"":[-48.8,-21.5,127.5],""wrist_L"":[-4.3,-66.4,146.6],""wrist_R"":[-53.1,-73.8,130.2]},""landmark_names"":{""hand_joints"":[""WRIST"",""THUMB_CMC"",""THUMB_MCP"",""THUMB_IP"",""THUMB_TIP"",""INDEX_MCP"",""INDEX_PIP"",""INDEX_DIP"",""INDEX_TIP"",""MIDDLE_MCP"",""MIDDLE_PIP"",""MIDDLE_DIP"",""MIDDLE_TIP"",""RING_MCP"",""RING_PIP"",""RING_DIP"",""RING_TIP"",""PINKY_MCP"",""PINKY_PIP"",""PINKY_DIP"",""PINKY_TIP""],""body_joints"":{""0"":""nose"",""11"":""shoulder_L"",""12"":""shoulder_R"",""13"":""elbow_L"",""14"":""elbow_R"",""15"":""wrist_L"",""16"":""wrist_R"",""23"":""hip_L"",""24"":""hip_R""}},""interhand_cm"":50.9}"
1781631405.5305653,"{""t"":1781631405546,""seq"":1681,""fps"":28.5,""frame"":{""origin"":""camera"",""x"":""right"",""y"":""up"",""z"":""away_from_camera"",""units"":""cm""},""calibration"":{""hand_size_cm"":8,""fov_deg"":75,""shoulder_width_cm"":40},""hands"":[{""label"":""Right"",""present"":false},{""label"":""Left"",""present"":true,""index"":0,""confidence"":0.9927177429199219,""depth_cm"":121.7,""wrist_cm"":{""x"":-1.03,""y"":-62.14,""z"":121.65},""palm_normal"":[0.871,0.456,0.182],""finger_dir"":[-0.044,-0.296,0.954],""finger_curl"":[0.028,0.235,0.142,0.187,0.224],""pinch_cm"":[3.9,4.6,5.3,5.6],""grip_aperture_cm"":3.9,""gesture"":""OPEN"",""gesture_id"":2,""is_grab"":false,""joints_cm"":[{""x"":-1.09,""y"":-66,""z"":129.22},{""x"":-5.5,""y"":-67.96,""z"":127.25},{""x"":-8.07,""y"":-74.37,""z"":125.7},{""x"":-8.71,""y"":-80.12,""z"":123.37},{""x"":-8.11,""y"":-84.18,""z"":120.83},{""x"":-4.42,""y"":-72.1,""z"":121.01},{""x"":-5.06,""y"":-82.85,""z"":120.8},{""x"":-6.3,""y"":-88.82,""z"":121.93},{""x"":-7.65,""y"":-92.98,""z"":124.4},{""x"":-1.59,""y"":-73.44,""z"":121.08},{""x"":-2.28,""y"":-85.1,""z"":121.16},{""x"":-4.23,""y"":-90.88,""z"":122.91},{""x"":-5.98,""y"":-93.89,""z"":124.92},{""x"":0.46,""y"":-75.22,""z"":121.99},{""x"":-0.2,""y"":-85.77,""z"":122.02},{""x"":-2.34,""y"":-90.63,""z"":123.14},{""x"":-4.15,""y"":-93.62,""z"":125.38},{""x"":1.74,""y"":-77.15,""z"":123.43},{""x"":1.2,""y"":-85.41,""z"":123.25},{""x"":-0.42,""y"":-89.37,""z"":124.24},{""x"":-1.88,""y"":-91.84,""z"":125.67}]}],""body"":{""shoulder_L"":[-3.3,30.1,111.4],""shoulder_R"":[-40.4,35,114.1],""elbow_L"":[-2.7,-22.3,126.4],""elbow_R"":[-47.4,-20.2,118.7],""wrist_L"":[-2.1,-70.6,140.2],""wrist_R"":[-53.8,-71.1,123]},""landmark_names"":{""hand_joints"":[""WRIST"",""THUMB_CMC"",""THUMB_MCP"",""THUMB_IP"",""THUMB_TIP"",""INDEX_MCP"",""INDEX_PIP"",""INDEX_DIP"",""INDEX_TIP"",""MIDDLE_MCP"",""MIDDLE_PIP"",""MIDDLE_DIP"",""MIDDLE_TIP"",""RING_MCP"",""RING_PIP"",""RING_DIP"",""RING_TIP"",""PINKY_MCP"",""PINKY_PIP"",""PINKY_DIP"",""PINKY_TIP""],""body_joints"":{""0"":""nose"",""11"":""shoulder_L"",""12"":""shoulder_R"",""13"":""elbow_L"",""14"":""elbow_R"",""15"":""wrist_L"",""16"":""wrist_R"",""23"":""hip_L"",""24"":""hip_R""}}}"
1781631405.5715182,"{""t"":1781631405587,""seq"":1682,""fps"":29,""frame"":{""origin"":""camera"",""x"":""right"",""y"":""up"",""z"":""away_from_camera"",""units"":""cm""},""calibration"":{""hand_size_cm"":8,""fov_deg"":75,""shoulder_width_cm"":40},""hands"":[{""label"":""Right"",""present"":false},{""label"":""Left"",""present"":true,""index"":0,""confidence"":0.9942092895507812,""depth_cm"":121.4,""wrist_cm"":{""x"":0.38,""y"":-62.35,""z"":121.36},""palm_normal"":[0.903,0.339,0.265],""finger_dir"":[-0.12,-0.393,0.912],""finger_curl"":[0.012,0.225,0.103,0.128,0.253],""pinch_cm"":[3.5,4.5,5.1,5.3],""grip_aperture_cm"":3.5,""gesture"":""OPEN"",""gesture_id"":2,""is_grab"":false,""joints_cm"":[{""x"":0.4,""y"":-65.82,""z"":128.12},{""x"":-4.14,""y"":-68.1,""z"":126.51},{""x"":-6.8,""y"":-74.3,""z"":124.86},{""x"":-7.59,""y"":-80.37,""z"":122.81},{""x"":-7.36,""y"":-84.76,""z"":120.7},{""x"":-3.54,""y"":-73.42,""z"":120.79},{""x"":-4.59,""y"":-83,""z"":120.55},{""x"":-5.57,""y"":-88.9,""z"":121.69},{""x"":-6.63,""y"":-93.52,""z"":123.95},{""x"":-0.73,""y"":-74.86,""z"":120.89},{""x"":-1.35,""y"":-85.4,""z"":121.03},{""x"":-2.61,""y"":-91.35,""z"":122.86},{""x"":-3.78,""y"":-94.81,""z"":124.65},{""x"":1.44,""y"":-76.37,""z"":121.73},{""x"":1.03,""y"":-86.2,""z"":121.89},{""x"":-0.37,""y"":-90.97,""z"":122.92},{""x"":-1.58,""y"":-94.19,""z"":124.9},{""x"":2.85,""y"":-77.79,""z"":122.97},{""x"":2.68,""y"":-85.54,""z"":122.72},{""x"":1.67,""y"":-89.52,""z"":123.48},{""x"":0.7,""y"":-92.45,""z"":124.87}]}],""body"":{""shoulder_L"":[-3.3,30.1,111.4],""shoulder_R"":[-40.4,35,114.1],""elbow_L"":[-2.7,-22.3,126.4],""elbow_R"":[-47.4,-20.2,118.7],""wrist_L"":[-2.1,-70.6,140.2],""wrist_R"":[-53.8,-71.1,123]},""landmark_names"":{""hand_joints"":[""WRIST"",""THUMB_CMC"",""THUMB_MCP"",""THUMB_IP"",""THUMB_TIP"",""INDEX_MCP"",""INDEX_PIP"",""INDEX_DIP"",""INDEX_TIP"",""MIDDLE_MCP"",""MIDDLE_PIP"",""MIDDLE_DIP"",""MIDDLE_TIP"",""RING_MCP"",""RING_PIP"",""RING_DIP"",""RING_TIP"",""PINKY_MCP"",""PINKY_PIP"",""PINKY_DIP"",""PINKY_TIP""],""body_joints"":{""0"":""nose"",""11"":""shoulder_L"",""12"":""shoulder_R"",""13"":""elbow_L"",""14"":""elbow_R"",""15"":""wrist_L"",""16"":""wrist_R"",""23"":""hip_L"",""24"":""hip_R""}}}"
1781631405.623409,"{""t"":1781631405638,""seq"":1683,""fps"":28.7,""frame"":{""origin"":""camera"",""x"":""right"",""y"":""up"",""z"":""away_from_camera"",""units"":""cm""},""calibration"":{""hand_size_cm"":8,""fov_deg"":75,""shoulder_width_cm"":40},""hands"":[{""label"":""Right"",""present"":false},{""label"":""Left"",""present"":true,""index"":0,""confidence"":0.988250732421875,""depth_cm"":120.5,""wrist_cm"":{""x"":1.71,""y"":-62.89,""z"":120.53},""palm_normal"":[0.726,0.576,0.375],""finger_dir"":[-0.1,-0.452,0.886],""finger_curl"":[0.01,0.254,0.105,0.168,0.191],""pinch_cm"":[4.2,4.7,5.3,5.4],""grip_aperture_cm"":4.2,""gesture"":""OPEN"",""gesture_id"":2,""is_grab"":false,""joints_cm"":[{""x"":1.8,""y"":-66.26,""z"":126.99},{""x"":-2.74,""y"":-68.82,""z"":125.72},{""x"":-5.5,""y"":-75.1,""z"":124.1},{""x"":-6.39,""y"":-81.17,""z"":122.2},{""x"":-6.28,""y"":-85.42,""z"":120.01},{""x"":-2.58,""y"":-73.9,""z"":120.11},{""x"":-3.39,""y"":-82.94,""z"":119.95},{""x"":-3.87,""y"":-88.73,""z"":121.24},{""x"":-4.2,""y"":-93.49,""z"":123.74},{""x"":0.22,""y"":-75.15,""z"":120.02},{""x"":-0.42,""y"":-85.13,""z"":120.21},{""x"":-1.11,""y"":-90.88,""z"":122.03},{""x"":-1.69,""y"":-94.56,""z"":123.87},{""x"":2.56,""y"":-76.66,""z"":120.81},{""x"":2.05,""y"":-86.12,""z"":120.91},{""x"":1.03,""y"":-90.88,""z"":122.2},{""x"":0.17,""y"":-94.05,""z"":124.18},{""x"":4.3,""y"":-78.17,""z"":121.99},{""x"":3.89,""y"":-85.63,""z"":121.8},{""x"":3.11,""y"":-89.62,""z"":122.6},{""x"":2.33,""y"":-92.52,""z"":123.76}]}],""body"":{""shoulder_L"":[-3.3,30.1,111.4],""shoulder_R"":[-40.4,35,114.1],""elbow_L"":[-2.7,-22.3,126.4],""elbow_R"":[-47.4,-20.2,118.7],""wrist_L"":[-2.1,-70.6,140.2],""wrist_R"":[-53.8,-71.1,123]},""landmark_names"":{""hand_joints"":[""WRIST"",""THUMB_CMC"",""THUMB_MCP"",""THUMB_IP"",""THUMB_TIP"",""INDEX_MCP"",""INDEX_PIP"",""INDEX_DIP"",""INDEX_TIP"",""MIDDLE_MCP"",""MIDDLE_PIP"",""MIDDLE_DIP"",""MIDDLE_TIP"",""RING_MCP"",""RING_PIP"",""RING_DIP"",""RING_TIP"",""PINKY_MCP"",""PINKY_PIP"",""PINKY_DIP"",""PINKY_TIP""],""body_joints"":{""0"":""nose"",""11"":""shoulder_L"",""12"":""shoulder_R"",""13"":""elbow_L"",""14"":""elbow_R"",""15"":""wrist_L"",""16"":""wrist_R"",""23"":""hip_L"",""24"":""hip_R""}}}"
1781631405.6607614,"{""t"":1781631405674,""seq"":1684,""fps"":29.3,""frame"":{""origin"":""camera"",""x"":""right"",""y"":""up"",""z"":""away_from_camera"",""units"":""cm""},""calibration"":{""hand_size_cm"":8,""fov_deg"":75,""shoulder_width_cm"":40},""hands"":[{""label"":""Right"",""present"":true,""index"":0,""confidence"":0.87451171875,""depth_cm"":117.4,""wrist_cm"":{""x"":-56.02,""y"":-72.59,""z"":117.43},""palm_normal"":[0.85,-0.311,-0.424],""finger_dir"":[-0.189,-0.934,0.304],""finger_curl"":[0.001,0.229,0.26,0.521,0.948],""pinch_cm"":[2.9,4.5,5.8,6.4],""grip_aperture_cm"":2.9,""gesture"":""OPEN"",""gesture_id"":2,""is_grab"":false,""joints_cm"":[{""x"":-56.85,""y"":-73.67,""z"":119.18},{""x"":-52.98,""y"":-78.42,""z"":118.04},{""x"":-51.59,""y"":-85.31,""z"":117.46},{""x"":-51.03,""y"":-90.4,""z"":116.93},{""x"":-50.58,""y"":-93.48,""z"":116.77},{""x"":-54.99,""y"":-90.33,""z"":116.06},{""x"":-54.74,""y"":-95.51,""z"":116.62},{""x"":-54.28,""y"":-95.18,""z"":117.62},{""x"":-54.32,""y"":-95.07,""z"":119.23},{""x"":-57.24,""y"":-89.76,""z"":117.05},{""x"":-57.44,""y"":-95.17,""z"":117.82},{""x"":-57.09,""y"":-95.03,""z"":118.75},{""x"":-56.81,""y"":-93.92,""z"":119.5},{""x"":-59.08,""y"":-89.13,""z"":118.44},{""x"":-59.4,""y"":-93.91,""z"":118.82},{""x"":-58.82,""y"":-93.77,""z"":119.24},{""x"":-58.63,""y"":-92.99,""z"":120.26},{""x"":-60.54,""y"":-88.48,""z"":119.61},{""x"":-60.75,""y"":-92.32,""z"":119.71},{""x"":-60.3,""y"":-92.25,""z"":119.7},{""x"":-59.67,""y"":-91.15,""z"":119.62}]},{""label"":""Left"",""present"":false}],""body"":{""shoulder_L"":[-0.6,29.4,105.3],""shoulder_R"":[-37.2,37.1,107.4],""elbow_L"":[0.6,-20.3,116.6],""elbow_R"":[-45.9,-19.2,115.5],""wrist_L"":[1.8,-66.3,127],""wrist_R"":[-53.8,-71.1,123]},""landmark_names"":{""hand_joints"":[""WRIST"",""THUMB_CMC"",""THUMB_MCP"",""THUMB_IP"",""THUMB_TIP"",""INDEX_MCP"",""INDEX_PIP"",""INDEX_DIP"",""INDEX_TIP"",""MIDDLE_MCP"",""MIDDLE_PIP"",""MIDDLE_DIP"",""MIDDLE_TIP"",""RING_MCP"",""RING_PIP"",""RING_DIP"",""RING_TIP"",""PINKY_MCP"",""PINKY_PIP"",""PINKY_DIP"",""PINKY_TIP""],""body_joints"":{""0"":""nose"",""11"":""shoulder_L"",""12"":""shoulder_R"",""13"":""elbow_L"",""14"":""elbow_R"",""15"":""wrist_L"",""16"":""wrist_R"",""23"":""hip_L"",""24"":""hip_R""}}}"
1781631405.7074633,"{""t"":1781631405721,""seq"":1686,""fps"":30.2,""frame"":{""origin"":""camera"",""x"":""right"",""y"":""up"",""z"":""away_from_camera"",""units"":""cm""},""calibration"":{""hand_size_cm"":8,""fov_deg"":75,""shoulder_width_cm"":40},""hands"":[{""label"":""Right"",""present"":false},{""label"":""Left"",""present"":false}],""body"":{""shoulder_L"":[-0.6,29.4,105.3],""shoulder_R"":[-37.2,37.1,107.4],""elbow_L"":[0.6,-20.3,116.6],""elbow_R"":[-45.9,-19.2,115.5],""wrist_L"":[1.8,-66.3,127],""wrist_R"":[-53.8,-71.1,123]},""landmark_names"":{""hand_joints"":[""WRIST"",""THUMB_CMC"",""THUMB_MCP"",""THUMB_IP"",""THUMB_TIP"",""INDEX_MCP"",""INDEX_PIP"",""INDEX_DIP"",""INDEX_TIP"",""MIDDLE_MCP"",""MIDDLE_PIP"",""MIDDLE_DIP"",""MIDDLE_TIP"",""RING_MCP"",""RING_PIP"",""RING_DIP"",""RING_TIP"",""PINKY_MCP"",""PINKY_PIP"",""PINKY_DIP"",""PINKY_TIP""],""body_joints"":{""0"":""nose"",""11"":""shoulder_L"",""12"":""shoulder_R"",""13"":""elbow_L"",""14"":""elbow_R"",""15"":""wrist_L"",""16"":""wrist_R"",""23"":""hip_L"",""24"":""hip_R""}}}"
1781631405.7449522,"{""t"":1781631405757,""seq"":1687,""fps"":29.9,""frame"":{""origin"":""camera"",""x"":""right"",""y"":""up"",""z"":""away_from_camera"",""units"":""cm""},""calibration"":{""hand_size_cm"":8,""fov_deg"":75,""shoulder_width_cm"":40},""hands"":[{""label"":""Right"",""present"":false},{""label"":""Left"",""present"":false}],""body"":{""shoulder_L"":[1.8,25.8,91.4],""shoulder_R"":[-32.2,33,93.4],""elbow_L"":[1.8,-22.1,109.9],""elbow_R"":[-45,-22.5,106.8],""wrist_L"":[1.8,-66.3,127],""wrist_R"":[-56.9,-73.7,119.2]},""landmark_names"":{""hand_joints"":[""WRIST"",""THUMB_CMC"",""THUMB_MCP"",""THUMB_IP"",""THUMB_TIP"",""INDEX_MCP"",""INDEX_PIP"",""INDEX_DIP"",""INDEX_TIP"",""MIDDLE_MCP"",""MIDDLE_PIP"",""MIDDLE_DIP"",""MIDDLE_TIP"",""RING_MCP"",""RING_PIP"",""RING_DIP"",""RING_TIP"",""PINKY_MCP"",""PINKY_PIP"",""PINKY_DIP"",""PINKY_TIP""],""body_joints"":{""0"":""nose"",""11"":""shoulder_L"",""12"":""shoulder_R"",""13"":""elbow_L"",""14"":""elbow_R"",""15"":""wrist_L"",""16"":""wrist_R"",""23"":""hip_L"",""24"":""hip_R""}}}"
1781631405.781622,"{""t"":1781631405793,""seq"":1688,""fps"":29.8,""frame"":{""origin"":""camera"",""x"":""right"",""y"":""up"",""z"":""away_from_camera"",""units"":""cm""},""calibration"":{""hand_size_cm"":8,""fov_deg"":75,""shoulder_width_cm"":40},""hands"":[{""label"":""Right"",""present"":false},{""label"":""Left"",""present"":false}],""body"":{""shoulder_L"":[1.8,25.8,91.4],""shoulder_R"":[-32.2,33,93.4],""elbow_L"":[1.8,-22.1,109.9],""elbow_R"":[-45,-22.5,106.8],""wrist_L"":[1.8,-66.3,127],""wrist_R"":[-56.9,-73.7,119.2]},""landmark_names"":{""hand_joints"":[""WRIST"",""THUMB_CMC"",""THUMB_MCP"",""THUMB_IP"",""THUMB_TIP"",""INDEX_MCP"",""INDEX_PIP"",""INDEX_DIP"",""INDEX_TIP"",""MIDDLE_MCP"",""MIDDLE_PIP"",""MIDDLE_DIP"",""MIDDLE_TIP"",""RING_MCP"",""RING_PIP"",""RING_DIP"",""RING_TIP"",""PINKY_MCP"",""PINKY_PIP"",""PINKY_DIP"",""PINKY_TIP""],""body_joints"":{""0"":""nose"",""11"":""shoulder_L"",""12"":""shoulder_R"",""13"":""elbow_L"",""14"":""elbow_R"",""15"":""wrist_L"",""16"":""wrist_R"",""23"":""hip_L"",""24"":""hip_R""}}}"
1781631405.8385499,"{""t"":1781631405849,""seq"":1690,""fps"":30.3,""frame"":{""origin"":""camera"",""x"":""right"",""y"":""up"",""z"":""away_from_camera"",""units"":""cm""},""calibration"":{""hand_size_cm"":8,""fov_deg"":75,""shoulder_width_cm"":40},""hands"":[{""label"":""Right"",""present"":false},{""label"":""Left"",""present"":false}],""body"":{""shoulder_L"":[3.1,26.2,88.2],""shoulder_R"":[-31.1,33.4,90.5],""elbow_L"":[2.4,-21.9,108.4],""elbow_R"":[-44.5,-22.3,105.4],""wrist_L"":[1.8,-66.3,127],""wrist_R"":[-56.9,-73.7,119.2]},""landmark_names"":{""hand_joints"":[""WRIST"",""THUMB_CMC"",""THUMB_MCP"",""THUMB_IP"",""THUMB_TIP"",""INDEX_MCP"",""INDEX_PIP"",""INDEX_DIP"",""INDEX_TIP"",""MIDDLE_MCP"",""MIDDLE_PIP"",""MIDDLE_DIP"",""MIDDLE_TIP"",""RING_MCP"",""RING_PIP"",""RING_DIP"",""RING_TIP"",""PINKY_MCP"",""PINKY_PIP"",""PINKY_DIP"",""PINKY_TIP""],""body_joints"":{""0"":""nose"",""11"":""shoulder_L"",""12"":""shoulder_R"",""13"":""elbow_L"",""14"":""elbow_R"",""15"":""wrist_L"",""16"":""wrist_R"",""23"":""hip_L"",""24"":""hip_R""}}}"
1781631405.8775945,"{""t"":1781631405888,""seq"":1691,""fps"":29.9,""frame"":{""origin"":""camera"",""x"":""right"",""y"":""up"",""z"":""away_from_camera"",""units"":""cm""},""calibration"":{""hand_size_cm"":8,""fov_deg"":75,""shoulder_width_cm"":40},""hands"":[{""label"":""Right"",""present"":false},{""label"":""Left"",""present"":false}],""body"":{""shoulder_L"":[3.1,26.2,88.2],""shoulder_R"":[-31.1,33.4,90.5],""elbow_L"":[2.4,-21.9,108.4],""elbow_R"":[-44.5,-22.3,105.4],""wrist_L"":[1.8,-66.3,127],""wrist_R"":[-56.9,-73.7,119.2]},""landmark_names"":{""hand_joints"":[""WRIST"",""THUMB_CMC"",""THUMB_MCP"",""THUMB_IP"",""THUMB_TIP"",""INDEX_MCP"",""INDEX_PIP"",""INDEX_DIP"",""INDEX_TIP"",""MIDDLE_MCP"",""MIDDLE_PIP"",""MIDDLE_DIP"",""MIDDLE_TIP"",""RING_MCP"",""RING_PIP"",""RING_DIP"",""RING_TIP"",""PINKY_MCP"",""PINKY_PIP"",""PINKY_DIP"",""PINKY_TIP""],""body_joints"":{""0"":""nose"",""11"":""shoulder_L"",""12"":""shoulder_R"",""13"":""elbow_L"",""14"":""elbow_R"",""15"":""wrist_L"",""16"":""wrist_R"",""23"":""hip_L"",""24"":""hip_R""}}}"
1781631405.9313266,"{""t"":1781631405941,""seq"":1693,""fps"":30.3,""frame"":{""origin"":""camera"",""x"":""right"",""y"":""up"",""z"":""away_from_camera"",""units"":""cm""},""calibration"":{""hand_size_cm"":8,""fov_deg"":75,""shoulder_width_cm"":40},""hands"":[{""label"":""Right"",""present"":false},{""label"":""Left"",""present"":false}],""body"":{""shoulder_L"":[4.1,24.2,81.4],""shoulder_R"":[-28.5,32.2,83.1],""elbow_L"":[2.9,-22.9,105.1],""elbow_R"":[-43.2,-22.9,101.9],""wrist_L"":[1.8,-66.3,127],""wrist_R"":[-56.9,-73.7,119.2]},""landmark_names"":{""hand_joints"":[""WRIST"",""THUMB_CMC"",""THUMB_MCP"",""THUMB_IP"",""THUMB_TIP"",""INDEX_MCP"",""INDEX_PIP"",""INDEX_DIP"",""INDEX_TIP"",""MIDDLE_MCP"",""MIDDLE_PIP"",""MIDDLE_DIP"",""MIDDLE_TIP"",""RING_MCP"",""RING_PIP"",""RING_DIP"",""RING_TIP"",""PINKY_MCP"",""PINKY_PIP"",""PINKY_DIP"",""PINKY_TIP""],""body_joints"":{""0"":""nose"",""11"":""shoulder_L"",""12"":""shoulder_R"",""13"":""elbow_L"",""14"":""elbow_R"",""15"":""wrist_L"",""16"":""wrist_R"",""23"":""hip_L"",""24"":""hip_R""}}}"
1781631405.9688942,"{""t"":1781631405978,""seq"":1694,""fps"":30.3,""frame"":{""origin"":""camera"",""x"":""right"",""y"":""up"",""z"":""away_from_camera"",""units"":""cm""},""calibration"":{""hand_size_cm"":8,""fov_deg"":75,""shoulder_width_cm"":40},""hands"":[{""label"":""Right"",""present"":false},{""label"":""Left"",""present"":false}],""body"":{""shoulder_L"":[4.1,24.2,81.4],""shoulder_R"":[-28.5,32.2,83.1],""elbow_L"":[2.9,-22.9,105.1],""elbow_R"":[-43.2,-22.9,101.9],""wrist_L"":[1.8,-66.3,127],""wrist_R"":[-56.9,-73.7,119.2]},""landmark_names"":{""hand_joints"":[""WRIST"",""THUMB_CMC"",""THUMB_MCP"",""THUMB_IP"",""THUMB_TIP"",""INDEX_MCP"",""INDEX_PIP"",""INDEX_DIP"",""INDEX_TIP"",""MIDDLE_MCP"",""MIDDLE_PIP"",""MIDDLE_DIP"",""MIDDLE_TIP"",""RING_MCP"",""RING_PIP"",""RING_DIP"",""RING_TIP"",""PINKY_MCP"",""PINKY_PIP"",""PINKY_DIP"",""PINKY_TIP""],""body_joints"":{""0"":""nose"",""11"":""shoulder_L"",""12"":""shoulder_R"",""13"":""elbow_L"",""14"":""elbow_R"",""15"":""wrist_L"",""16"":""wrist_R"",""23"":""hip_L"",""24"":""hip_R""}}}"
1781631406.0035293,"{""t"":1781631406012,""seq"":1695,""fps"":30.1,""frame"":{""origin"":""camera"",""x"":""right"",""y"":""up"",""z"":""away_from_camera"",""units"":""cm""},""calibration"":{""hand_size_cm"":8,""fov_deg"":75,""shoulder_width_cm"":40},""hands"":[{""label"":""Right"",""present"":false},{""label"":""Left"",""present"":false}],""body"":{""shoulder_L"":[4.1,24.2,81.4],""shoulder_R"":[-28.5,32.2,83.1],""elbow_L"":[2.9,-22.9,105.1],""elbow_R"":[-43.2,-22.9,101.9],""wrist_L"":[1.8,-66.3,127],""wrist_R"":[-56.9,-73.7,119.2]},""landmark_names"":{""hand_joints"":[""WRIST"",""THUMB_CMC"",""THUMB_MCP"",""THUMB_IP"",""THUMB_TIP"",""INDEX_MCP"",""INDEX_PIP"",""INDEX_DIP"",""INDEX_TIP"",""MIDDLE_MCP"",""MIDDLE_PIP"",""MIDDLE_DIP"",""MIDDLE_TIP"",""RING_MCP"",""RING_PIP"",""RING_DIP"",""RING_TIP"",""PINKY_MCP"",""PINKY_PIP"",""PINKY_DIP"",""PINKY_TIP""],""body_joints"":{""0"":""nose"",""11"":""shoulder_L"",""12"":""shoulder_R"",""13"":""elbow_L"",""14"":""elbow_R"",""15"":""wrist_L"",""16"":""wrist_R"",""23"":""hip_L"",""24"":""hip_R""}}}"
1781631406.0512488,"{""t"":1781631406059,""seq"":1696,""fps"":29.6,""frame"":{""origin"":""camera"",""x"":""right"",""y"":""up"",""z"":""away_from_camera"",""units"":""cm""},""calibration"":{""hand_size_cm"":8,""fov_deg"":75,""shoulder_width_cm"":40},""hands"":[{""label"":""Right"",""present"":false},{""label"":""Left"",""present"":false}],""body"":{""shoulder_L"":[4.6,22.6,76.2],""shoulder_R"":[-27.1,30.2,78.7],""elbow_L"":[3.2,-23.6,102.6],""elbow_R"":[-42.6,-23.8,99.7],""wrist_L"":[1.8,-66.3,127],""wrist_R"":[-56.9,-73.7,119.2]},""landmark_names"":{""hand_joints"":[""WRIST"",""THUMB_CMC"",""THUMB_MCP"",""THUMB_IP"",""THUMB_TIP"",""INDEX_MCP"",""INDEX_PIP"",""INDEX_DIP"",""INDEX_TIP"",""MIDDLE_MCP"",""MIDDLE_PIP"",""MIDDLE_DIP"",""MIDDLE_TIP"",""RING_MCP"",""RING_PIP"",""RING_DIP"",""RING_TIP"",""PINKY_MCP"",""PINKY_PIP"",""PINKY_DIP"",""PINKY_TIP""],""body_joints"":{""0"":""nose"",""11"":""shoulder_L"",""12"":""shoulder_R"",""13"":""elbow_L"",""14"":""elbow_R"",""15"":""wrist_L"",""16"":""wrist_R"",""23"":""hip_L"",""24"":""hip_R""}}}"
1781631406.1157753,"{""t"":1781631406122,""seq"":1698,""fps"":30.1,""frame"":{""origin"":""camera"",""x"":""right"",""y"":""up"",""z"":""away_from_camera"",""units"":""cm""},""calibration"":{""hand_size_cm"":8,""fov_deg"":75,""shoulder_width_cm"":40},""hands"":[{""label"":""Right"",""present"":false},{""label"":""Left"",""present"":false}],""body"":{""shoulder_L"":[4.6,22.6,76.2],""shoulder_R"":[-27.1,30.2,78.7],""elbow_L"":[3.2,-23.6,102.6],""elbow_R"":[-42.6,-23.8,99.7],""wrist_L"":[1.8,-66.3,127],""wrist_R"":[-56.9,-73.7,119.2]},""landmark_names"":{""hand_joints"":[""WRIST"",""THUMB_CMC"",""THUMB_MCP"",""THUMB_IP"",""THUMB_TIP"",""INDEX_MCP"",""INDEX_PIP"",""INDEX_DIP"",""INDEX_TIP"",""MIDDLE_MCP"",""MIDDLE_PIP"",""MIDDLE_DIP"",""MIDDLE_TIP"",""RING_MCP"",""RING_PIP"",""RING_DIP"",""RING_TIP"",""PINKY_MCP"",""PINKY_PIP"",""PINKY_DIP"",""PINKY_TIP""],""body_joints"":{""0"":""nose"",""11"":""shoulder_L"",""12"":""shoulder_R"",""13"":""elbow_L"",""14"":""elbow_R"",""15"":""wrist_L"",""16"":""wrist_R"",""23"":""hip_L"",""24"":""hip_R""}}}"
1781631406.1753025,"{""t"":1781631406181,""seq"":1700,""fps"":30.4,""frame"":{""origin"":""camera"",""x"":""right"",""y"":""up"",""z"":""away_from_camera"",""units"":""cm""},""calibration"":{""hand_size_cm"":8,""fov_deg"":75,""shoulder_width_cm"":40},""hands"":[{""label"":""Right"",""present"":false},{""label"":""Left"",""present"":false}],""body"":{""shoulder_L"":[4.6,21.2,71.7],""shoulder_R"":[-26.9,27.4,73.8],""elbow_L"":[3.1,-24.3,100.5],""elbow_R"":[-42.5,-25.2,97.4],""wrist_L"":[1.8,-66.3,127],""wrist_R"":[-56.9,-73.7,119.2]},""landmark_names"":{""hand_joints"":[""WRIST"",""THUMB_CMC"",""THUMB_MCP"",""THUMB_IP"",""THUMB_TIP"",""INDEX_MCP"",""INDEX_PIP"",""INDEX_DIP"",""INDEX_TIP"",""MIDDLE_MCP"",""MIDDLE_PIP"",""MIDDLE_DIP"",""MIDDLE_TIP"",""RING_MCP"",""RING_PIP"",""RING_DIP"",""RING_TIP"",""PINKY_MCP"",""PINKY_PIP"",""PINKY_DIP"",""PINKY_TIP""],""body_joints"":{""0"":""nose"",""11"":""shoulder_L"",""12"":""shoulder_R"",""13"":""elbow_L"",""14"":""elbow_R"",""15"":""wrist_L"",""16"":""wrist_R"",""23"":""hip_L"",""24"":""hip_R""}}}"
1781631406.2122755,"{""t"":1781631406218,""seq"":1701,""fps"":30.1,""frame"":{""origin"":""camera"",""x"":""right"",""y"":""up"",""z"":""away_from_camera"",""units"":""cm""},""calibration"":{""hand_size_cm"":8,""fov_deg"":75,""shoulder_width_cm"":40},""hands"":[{""label"":""Right"",""present"":false},{""label"":""Left"",""present"":false}],""body"":{""shoulder_L"":[4.6,21.2,71.7],""shoulder_R"":[-26.9,27.4,73.8],""elbow_L"":[3.1,-24.3,100.5],""elbow_R"":[-42.5,-25.2,97.4],""wrist_L"":[1.8,-66.3,127],""wrist_R"":[-56.9,-73.7,119.2]},""landmark_names"":{""hand_joints"":[""WRIST"",""THUMB_CMC"",""THUMB_MCP"",""THUMB_IP"",""THUMB_TIP"",""INDEX_MCP"",""INDEX_PIP"",""INDEX_DIP"",""INDEX_TIP"",""MIDDLE_MCP"",""MIDDLE_PIP"",""MIDDLE_DIP"",""MIDDLE_TIP"",""RING_MCP"",""RING_PIP"",""RING_DIP"",""RING_TIP"",""PINKY_MCP"",""PINKY_PIP"",""PINKY_DIP"",""PINKY_TIP""],""body_joints"":{""0"":""nose"",""11"":""shoulder_L"",""12"":""shoulder_R"",""13"":""elbow_L"",""14"":""elbow_R"",""15"":""wrist_L"",""16"":""wrist_R"",""23"":""hip_L"",""24"":""hip_R""}}}"
1781631406.2772014,"{""t"":1781631406282,""seq"":1703,""fps"":30.2,""frame"":{""origin"":""camera"",""x"":""right"",""y"":""up"",""z"":""away_from_camera"",""units"":""cm""},""calibration"":{""hand_size_cm"":8,""fov_deg"":75,""shoulder_width_cm"":40},""hands"":[{""label"":""Right"",""present"":false},{""label"":""Left"",""present"":false}],""body"":{""shoulder_L"":[4.2,17.5,63],""shoulder_R"":[-25.5,21.8,65.9],""elbow_L"":[3,-26,96.3],""elbow_R"":[-41.8,-27.9,93.6],""wrist_L"":[1.8,-66.3,127],""wrist_R"":[-56.9,-73.7,119.2]},""landmark_names"":{""hand_joints"":[""WRIST"",""THUMB_CMC"",""THUMB_MCP"",""THUMB_IP"",""THUMB_TIP"",""INDEX_MCP"",""INDEX_PIP"",""INDEX_DIP"",""INDEX_TIP"",""MIDDLE_MCP"",""MIDDLE_PIP"",""MIDDLE_DIP"",""MIDDLE_TIP"",""RING_MCP"",""RING_PIP"",""RING_DIP"",""RING_TIP"",""PINKY_MCP"",""PINKY_PIP"",""PINKY_DIP"",""PINKY_TIP""],""body_joints"":{""0"":""nose"",""11"":""shoulder_L"",""12"":""shoulder_R"",""13"":""elbow_L"",""14"":""elbow_R"",""15"":""wrist_L"",""16"":""wrist_R"",""23"":""hip_L"",""24"":""hip_R""}}}"
1781631406.3128834,"{""t"":1781631406317,""seq"":1704,""fps"":30.3,""frame"":{""origin"":""camera"",""x"":""right"",""y"":""up"",""z"":""away_from_camera"",""units"":""cm""},""calibration"":{""hand_size_cm"":8,""fov_deg"":75,""shoulder_width_cm"":40},""hands"":[{""label"":""Right"",""present"":false},{""label"":""Left"",""present"":false}],""body"":{""shoulder_L"":[4.2,17.5,63],""shoulder_R"":[-25.5,21.8,65.9],""elbow_L"":[3,-26,96.3],""elbow_R"":[-41.8,-27.9,93.6],""wrist_L"":[1.8,-66.3,127],""wrist_R"":[-56.9,-73.7,119.2]},""landmark_names"":{""hand_joints"":[""WRIST"",""THUMB_CMC"",""THUMB_MCP"",""THUMB_IP"",""THUMB_TIP"",""INDEX_MCP"",""INDEX_PIP"",""INDEX_DIP"",""INDEX_TIP"",""MIDDLE_MCP"",""MIDDLE_PIP"",""MIDDLE_DIP"",""MIDDLE_TIP"",""RING_MCP"",""RING_PIP"",""RING_DIP"",""RING_TIP"",""PINKY_MCP"",""PINKY_PIP"",""PINKY_DIP"",""PINKY_TIP""],""body_joints"":{""0"":""nose"",""11"":""shoulder_L"",""12"":""shoulder_R"",""13"":""elbow_L"",""14"":""elbow_R"",""15"":""wrist_L"",""16"":""wrist_R"",""23"":""hip_L"",""24"":""hip_R""}}}"
1781631406.3805199,"{""t"":1781631406384,""seq"":1706,""fps"":29.9,""frame"":{""origin"":""camera"",""x"":""right"",""y"":""up"",""z"":""away_from_camera"",""units"":""cm""},""calibration"":{""hand_size_cm"":8,""fov_deg"":75,""shoulder_width_cm"":40},""hands"":[{""label"":""Right"",""present"":false},{""label"":""Left"",""present"":false}],""body"":{""shoulder_L"":[3.8,14.6,55.3],""shoulder_R"":[-23.7,17.5,57.9],""elbow_L"":[2.7,-27.4,92.6],""elbow_R"":[-40.9,-29.9,89.8],""wrist_L"":[1.8,-66.3,127],""wrist_R"":[-56.9,-73.7,119.2]},""landmark_names"":{""hand_joints"":[""WRIST"",""THUMB_CMC"",""THUMB_MCP"",""THUMB_IP"",""THUMB_TIP"",""INDEX_MCP"",""INDEX_PIP"",""INDEX_DIP"",""INDEX_TIP"",""MIDDLE_MCP"",""MIDDLE_PIP"",""MIDDLE_DIP"",""MIDDLE_TIP"",""RING_MCP"",""RING_PIP"",""RING_DIP"",""RING_TIP"",""PINKY_MCP"",""PINKY_PIP"",""PINKY_DIP"",""PINKY_TIP""],""body_joints"":{""0"":""nose"",""11"":""shoulder_L"",""12"":""shoulder_R"",""13"":""elbow_L"",""14"":""elbow_R"",""15"":""wrist_L"",""16"":""wrist_R"",""23"":""hip_L"",""24"":""hip_R""}}}"
1781631406.433575,"{""t"":1781631406436,""seq"":1708,""fps"":30.5,""frame"":{""origin"":""camera"",""x"":""right"",""y"":""up"",""z"":""away_from_camera"",""units"":""cm""},""calibration"":{""hand_size_cm"":8,""fov_deg"":75,""shoulder_width_cm"":40},""hands"":[{""label"":""Right"",""present"":false},{""label"":""Left"",""present"":false}],""body"":{""shoulder_L"":[3.6,12.9,50.8],""shoulder_R"":[-22,15.3,52.6],""elbow_L"":[2.6,-28.3,90.4],""elbow_R"":[-40.1,-31,87.2],""wrist_L"":[1.8,-66.3,127],""wrist_R"":[-56.9,-73.7,119.2]},""landmark_names"":{""hand_joints"":[""WRIST"",""THUMB_CMC"",""THUMB_MCP"",""THUMB_IP"",""THUMB_TIP"",""INDEX_MCP"",""INDEX_PIP"",""INDEX_DIP"",""INDEX_TIP"",""MIDDLE_MCP"",""MIDDLE_PIP"",""MIDDLE_DIP"",""MIDDLE_TIP"",""RING_MCP"",""RING_PIP"",""RING_DIP"",""RING_TIP"",""PINKY_MCP"",""PINKY_PIP"",""PINKY_DIP"",""PINKY_TIP""],""body_joints"":{""0"":""nose"",""11"":""shoulder_L"",""12"":""shoulder_R"",""13"":""elbow_L"",""14"":""elbow_R"",""15"":""wrist_L"",""16"":""wrist_R"",""23"":""hip_L"",""24"":""hip_R""}}}"
1781631406.476574,"{""t"":1781631406479,""seq"":1709,""fps"":29.9,""frame"":{""origin"":""camera"",""x"":""right"",""y"":""up"",""z"":""away_from_camera"",""units"":""cm""},""calibration"":{""hand_size_cm"":8,""fov_deg"":75,""shoulder_width_cm"":40},""hands"":[{""label"":""Right"",""present"":false},{""label"":""Left"",""present"":false}],""body"":{""shoulder_L"":[3.6,12.9,50.8],""shoulder_R"":[-22,15.3,52.6],""elbow_L"":[2.6,-28.3,90.4],""elbow_R"":[-40.1,-31,87.2],""wrist_L"":[1.8,-66.3,127],""wrist_R"":[-56.9,-73.7,119.2]},""landmark_names"":{""hand_joints"":[""WRIST"",""THUMB_CMC"",""THUMB_MCP"",""THUMB_IP"",""THUMB_TIP"",""INDEX_MCP"",""INDEX_PIP"",""INDEX_DIP"",""INDEX_TIP"",""MIDDLE_MCP"",""MIDDLE_PIP"",""MIDDLE_DIP"",""MIDDLE_TIP"",""RING_MCP"",""RING_PIP"",""RING_DIP"",""RING_TIP"",""PINKY_MCP"",""PINKY_PIP"",""PINKY_DIP"",""PINKY_TIP""],""body_joints"":{""0"":""nose"",""11"":""shoulder_L"",""12"":""shoulder_R"",""13"":""elbow_L"",""14"":""elbow_R"",""15"":""wrist_L"",""16"":""wrist_R"",""23"":""hip_L"",""24"":""hip_R""}}}"
1781631406.5127575,"{""t"":1781631406514,""seq"":1710,""fps"":30,""frame"":{""origin"":""camera"",""x"":""right"",""y"":""up"",""z"":""away_from_camera"",""units"":""cm""},""calibration"":{""hand_size_cm"":8,""fov_deg"":75,""shoulder_width_cm"":40},""hands"":[{""label"":""Right"",""present"":false},{""label"":""Left"",""present"":false}],""body"":{""shoulder_L"":[3.6,12.9,50.8],""shoulder_R"":[-22,15.3,52.6],""elbow_L"":[2.6,-28.3,90.4],""elbow_R"":[-40.1,-31,87.2],""wrist_L"":[1.8,-66.3,127],""wrist_R"":[-56.9,-73.7,119.2]},""landmark_names"":{""hand_joints"":[""WRIST"",""THUMB_CMC"",""THUMB_MCP"",""THUMB_IP"",""THUMB_TIP"",""INDEX_MCP"",""INDEX_PIP"",""INDEX_DIP"",""INDEX_TIP"",""MIDDLE_MCP"",""MIDDLE_PIP"",""MIDDLE_DIP"",""MIDDLE_TIP"",""RING_MCP"",""RING_PIP"",""RING_DIP"",""RING_TIP"",""PINKY_MCP"",""PINKY_PIP"",""PINKY_DIP"",""PINKY_TIP""],""body_joints"":{""0"":""nose"",""11"":""shoulder_L"",""12"":""shoulder_R"",""13"":""elbow_L"",""14"":""elbow_R"",""15"":""wrist_L"",""16"":""wrist_R"",""23"":""hip_L"",""24"":""hip_R""}}}"
1781631406.5491211,"{""t"":1781631406550,""seq"":1711,""fps"":30.1,""frame"":{""origin"":""camera"",""x"":""right"",""y"":""up"",""z"":""away_from_camera"",""units"":""cm""},""calibration"":{""hand_size_cm"":8,""fov_deg"":75,""shoulder_width_cm"":40},""hands"":[{""label"":""Right"",""present"":false},{""label"":""Left"",""present"":false}],""body"":{""shoulder_L"":[3.4,11.8,46.7],""shoulder_R"":[-20.4,13.3,47.4],""elbow_L"":[2.6,-28.8,88.4],""elbow_R"":[-39.3,-31.9,84.7],""wrist_L"":[1.8,-66.3,127],""wrist_R"":[-56.9,-73.7,119.2]},""landmark_names"":{""hand_joints"":[""WRIST"",""THUMB_CMC"",""THUMB_MCP"",""THUMB_IP"",""THUMB_TIP"",""INDEX_MCP"",""INDEX_PIP"",""INDEX_DIP"",""INDEX_TIP"",""MIDDLE_MCP"",""MIDDLE_PIP"",""MIDDLE_DIP"",""MIDDLE_TIP"",""RING_MCP"",""RING_PIP"",""RING_DIP"",""RING_TIP"",""PINKY_MCP"",""PINKY_PIP"",""PINKY_DIP"",""PINKY_TIP""],""body_joints"":{""0"":""nose"",""11"":""shoulder_L"",""12"":""shoulder_R"",""13"":""elbow_L"",""14"":""elbow_R"",""15"":""wrist_L"",""16"":""wrist_R"",""23"":""hip_L"",""24"":""hip_R""}}}"
1781631406.6135275,"{""t"":1781631406614,""seq"":1713,""fps"":30.9,""frame"":{""origin"":""camera"",""x"":""right"",""y"":""up"",""z"":""away_from_camera"",""units"":""cm""},""calibration"":{""hand_size_cm"":8,""fov_deg"":75,""shoulder_width_cm"":40},""hands"":[{""label"":""Right"",""present"":false},{""label"":""Left"",""present"":false}],""body"":{""shoulder_L"":[3.4,11.8,46.7],""shoulder_R"":[-20.4,13.3,47.4],""elbow_L"":[2.6,-28.8,88.4],""elbow_R"":[-39.3,-31.9,84.7],""wrist_L"":[1.8,-66.3,127],""wrist_R"":[-56.9,-73.7,119.2]},""landmark_names"":{""hand_joints"":[""WRIST"",""THUMB_CMC"",""THUMB_MCP"",""THUMB_IP"",""THUMB_TIP"",""INDEX_MCP"",""INDEX_PIP"",""INDEX_DIP"",""INDEX_TIP"",""MIDDLE_MCP"",""MIDDLE_PIP"",""MIDDLE_DIP"",""MIDDLE_TIP"",""RING_MCP"",""RING_PIP"",""RING_DIP"",""RING_TIP"",""PINKY_MCP"",""PINKY_PIP"",""PINKY_DIP"",""PINKY_TIP""],""body_joints"":{""0"":""nose"",""11"":""shoulder_L"",""12"":""shoulder_R"",""13"":""elbow_L"",""14"":""elbow_R"",""15"":""wrist_L"",""16"":""wrist_R"",""23"":""hip_L"",""24"":""hip_R""}}}"
1781631406.6765733,"{""t"":1781631406676,""seq"":1715,""fps"":30.4,""frame"":{""origin"":""camera"",""x"":""right"",""y"":""up"",""z"":""away_from_camera"",""units"":""cm""},""calibration"":{""hand_size_cm"":8,""fov_deg"":75,""shoulder_width_cm"":40},""hands"":[{""label"":""Right"",""present"":false},{""label"":""Left"",""present"":false}],""body"":{""shoulder_L"":[3.5,10.5,42.1],""shoulder_R"":[-18.8,12.3,43.4],""elbow_L"":[2.6,-29.4,86.3],""elbow_R"":[-38.6,-32.4,82.8],""wrist_L"":[1.8,-66.3,127],""wrist_R"":[-56.9,-73.7,119.2]},""landmark_names"":{""hand_joints"":[""WRIST"",""THUMB_CMC"",""THUMB_MCP"",""THUMB_IP"",""THUMB_TIP"",""INDEX_MCP"",""INDEX_PIP"",""INDEX_DIP"",""INDEX_TIP"",""MIDDLE_MCP"",""MIDDLE_PIP"",""MIDDLE_DIP"",""MIDDLE_TIP"",""RING_MCP"",""RING_PIP"",""RING_DIP"",""RING_TIP"",""PINKY_MCP"",""PINKY_PIP"",""PINKY_DIP"",""PINKY_TIP""],""body_joints"":{""0"":""nose"",""11"":""shoulder_L"",""12"":""shoulder_R"",""13"":""elbow_L"",""14"":""elbow_R"",""15"":""wrist_L"",""16"":""wrist_R"",""23"":""hip_L"",""24"":""hip_R""}}}"
1781631406.7484298,"{""t"":1781631406747,""seq"":1717,""fps"":30.4,""frame"":{""origin"":""camera"",""x"":""right"",""y"":""up"",""z"":""away_from_camera"",""units"":""cm""},""calibration"":{""hand_size_cm"":8,""fov_deg"":75,""shoulder_width_cm"":40},""hands"":[{""label"":""Right"",""present"":false},{""label"":""Left"",""present"":false}],""body"":{""shoulder_L"":[3.5,10.3,41.3],""shoulder_R"":[-18.5,12.3,42.4],""elbow_L"":[2.6,-29.5,85.9],""elbow_R"":[-38.4,-32.4,82.3],""wrist_L"":[1.8,-66.3,127],""wrist_R"":[-56.9,-73.7,119.2]},""landmark_names"":{""hand_joints"":[""WRIST"",""THUMB_CMC"",""THUMB_MCP"",""THUMB_IP"",""THUMB_TIP"",""INDEX_MCP"",""INDEX_PIP"",""INDEX_DIP"",""INDEX_TIP"",""MIDDLE_MCP"",""MIDDLE_PIP"",""MIDDLE_DIP"",""MIDDLE_TIP"",""RING_MCP"",""RING_PIP"",""RING_DIP"",""RING_TIP"",""PINKY_MCP"",""PINKY_PIP"",""PINKY_DIP"",""PINKY_TIP""],""body_joints"":{""0"":""nose"",""11"":""shoulder_L"",""12"":""shoulder_R"",""13"":""elbow_L"",""14"":""elbow_R"",""15"":""wrist_L"",""16"":""wrist_R"",""23"":""hip_L"",""24"":""hip_R""}}}"
1781631406.8102489,"{""t"":1781631406808,""seq"":1719,""fps"":30.2,""frame"":{""origin"":""camera"",""x"":""right"",""y"":""up"",""z"":""away_from_camera"",""units"":""cm""},""calibration"":{""hand_size_cm"":8,""fov_deg"":75,""shoulder_width_cm"":40},""hands"":[{""label"":""Right"",""present"":false},{""label"":""Left"",""present"":false}],""body"":{""shoulder_L"":[3.5,10.3,41.3],""shoulder_R"":[-18.5,12.3,42.4],""elbow_L"":[2.6,-29.5,85.9],""elbow_R"":[-38.4,-32.4,82.3],""wrist_L"":[1.8,-66.3,127],""wrist_R"":[-56.9,-73.7,119.2]},""landmark_names"":{""hand_joints"":[""WRIST"",""THUMB_CMC"",""THUMB_MCP"",""THUMB_IP"",""THUMB_TIP"",""INDEX_MCP"",""INDEX_PIP"",""INDEX_DIP"",""INDEX_TIP"",""MIDDLE_MCP"",""MIDDLE_PIP"",""MIDDLE_DIP"",""MIDDLE_TIP"",""RING_MCP"",""RING_PIP"",""RING_DIP"",""RING_TIP"",""PINKY_MCP"",""PINKY_PIP"",""PINKY_DIP"",""PINKY_TIP""],""body_joints"":{""0"":""nose"",""11"":""shoulder_L"",""12"":""shoulder_R"",""13"":""elbow_L"",""14"":""elbow_R"",""15"":""wrist_L"",""16"":""wrist_R"",""23"":""hip_L"",""24"":""hip_R""}}}"
1781631406.8748167,"{""t"":1781631406872,""seq"":1721,""fps"":30.3,""frame"":{""origin"":""camera"",""x"":""right"",""y"":""up"",""z"":""away_from_camera"",""units"":""cm""},""calibration"":{""hand_size_cm"":8,""fov_deg"":75,""shoulder_width_cm"":40},""hands"":[{""label"":""Right"",""present"":false},{""label"":""Left"",""present"":false}],""body"":{""shoulder_L"":[3.5,10.2,41],""shoulder_R"":[-18.4,13,41.5],""elbow_L"":[2.6,-29.6,85.7],""elbow_R"":[-38.4,-32,81.9],""wrist_L"":[1.8,-66.3,127],""wrist_R"":[-56.9,-73.7,119.2]},""landmark_names"":{""hand_joints"":[""WRIST"",""THUMB_CMC"",""THUMB_MCP"",""THUMB_IP"",""THUMB_TIP"",""INDEX_MCP"",""INDEX_PIP"",""INDEX_DIP"",""INDEX_TIP"",""MIDDLE_MCP"",""MIDDLE_PIP"",""MIDDLE_DIP"",""MIDDLE_TIP"",""RING_MCP"",""RING_PIP"",""RING_DIP"",""RING_TIP"",""PINKY_MCP"",""PINKY_PIP"",""PINKY_DIP"",""PINKY_TIP""],""body_joints"":{""0"":""nose"",""11"":""shoulder_L"",""12"":""shoulder_R"",""13"":""elbow_L"",""14"":""elbow_R"",""15"":""wrist_L"",""16"":""wrist_R"",""23"":""hip_L"",""24"":""hip_R""}}}"
1781631406.9208512,"{""t"":1781631406917,""seq"":1722,""fps"":29.7,""frame"":{""origin"":""camera"",""x"":""right"",""y"":""up"",""z"":""away_from_camera"",""units"":""cm""},""calibration"":{""hand_size_cm"":8,""fov_deg"":75,""shoulder_width_cm"":40},""hands"":[{""label"":""Right"",""present"":false},{""label"":""Left"",""present"":false}],""body"":{""shoulder_L"":[3.5,10.2,41],""shoulder_R"":[-18.4,13,41.5],""elbow_L"":[2.6,-29.6,85.7],""elbow_R"":[-38.4,-32,81.9],""wrist_L"":[1.8,-66.3,127],""wrist_R"":[-56.9,-73.7,119.2]},""landmark_names"":{""hand_joints"":[""WRIST"",""THUMB_CMC"",""THUMB_MCP"",""THUMB_IP"",""THUMB_TIP"",""INDEX_MCP"",""INDEX_PIP"",""INDEX_DIP"",""INDEX_TIP"",""MIDDLE_MCP"",""MIDDLE_PIP"",""MIDDLE_DIP"",""MIDDLE_TIP"",""RING_MCP"",""RING_PIP"",""RING_DIP"",""RING_TIP"",""PINKY_MCP"",""PINKY_PIP"",""PINKY_DIP"",""PINKY_TIP""],""body_joints"":{""0"":""nose"",""11"":""shoulder_L"",""12"":""shoulder_R"",""13"":""elbow_L"",""14"":""elbow_R"",""15"":""wrist_L"",""16"":""wrist_R"",""23"":""hip_L"",""24"":""hip_R""}}}"
1781631406.9862573,"{""t"":1781631406982,""seq"":1724,""fps"":29.9,""frame"":{""origin"":""camera"",""x"":""right"",""y"":""up"",""z"":""away_from_camera"",""units"":""cm""},""calibration"":{""hand_size_cm"":8,""fov_deg"":75,""shoulder_width_cm"":40},""hands"":[{""label"":""Right"",""present"":false},{""label"":""Left"",""present"":false}],""body"":{""shoulder_L"":[3.6,9.8,40.5],""shoulder_R"":[-18.7,14,42.1],""elbow_L"":[2.6,-29.8,85.5],""elbow_R"":[-38.5,-31.6,82.2],""wrist_L"":[1.8,-66.3,127],""wrist_R"":[-56.9,-73.7,119.2]},""landmark_names"":{""hand_joints"":[""WRIST"",""THUMB_CMC"",""THUMB_MCP"",""THUMB_IP"",""THUMB_TIP"",""INDEX_MCP"",""INDEX_PIP"",""INDEX_DIP"",""INDEX_TIP"",""MIDDLE_MCP"",""MIDDLE_PIP"",""MIDDLE_DIP"",""MIDDLE_TIP"",""RING_MCP"",""RING_PIP"",""RING_DIP"",""RING_TIP"",""PINKY_MCP"",""PINKY_PIP"",""PINKY_DIP"",""PINKY_TIP""],""body_joints"":{""0"":""nose"",""11"":""shoulder_L"",""12"":""shoulder_R"",""13"":""elbow_L"",""14"":""elbow_R"",""15"":""wrist_L"",""16"":""wrist_R"",""23"":""hip_L"",""24"":""hip_R""}}}"
1781631407.0222766,"{""t"":1781631407017,""seq"":1725,""fps"":30.3,""frame"":{""origin"":""camera"",""x"":""right"",""y"":""up"",""z"":""away_from_camera"",""units"":""cm""},""calibration"":{""hand_size_cm"":8,""fov_deg"":75,""shoulder_width_cm"":40},""hands"":[{""label"":""Right"",""present"":false},{""label"":""Left"",""present"":false}],""body"":{""shoulder_L"":[3.6,9.8,40.5],""shoulder_R"":[-18.7,14,42.1],""elbow_L"":[2.6,-29.8,85.5],""elbow_R"":[-38.5,-31.6,82.2],""wrist_L"":[1.8,-66.3,127],""wrist_R"":[-56.9,-73.7,119.2]},""landmark_names"":{""hand_joints"":[""WRIST"",""THUMB_CMC"",""THUMB_MCP"",""THUMB_IP"",""THUMB_TIP"",""INDEX_MCP"",""INDEX_PIP"",""INDEX_DIP"",""INDEX_TIP"",""MIDDLE_MCP"",""MIDDLE_PIP"",""MIDDLE_DIP"",""MIDDLE_TIP"",""RING_MCP"",""RING_PIP"",""RING_DIP"",""RING_TIP"",""PINKY_MCP"",""PINKY_PIP"",""PINKY_DIP"",""PINKY_TIP""],""body_joints"":{""0"":""nose"",""11"":""shoulder_L"",""12"":""shoulder_R"",""13"":""elbow_L"",""14"":""elbow_R"",""15"":""wrist_L"",""16"":""wrist_R"",""23"":""hip_L"",""24"":""hip_R""}}}"
1781631407.0825448,"{""t"":1781631407076,""seq"":1727,""fps"":30.4,""frame"":{""origin"":""camera"",""x"":""right"",""y"":""up"",""z"":""away_from_camera"",""units"":""cm""},""calibration"":{""hand_size_cm"":8,""fov_deg"":75,""shoulder_width_cm"":40},""hands"":[{""label"":""Right"",""present"":false},{""label"":""Left"",""present"":false}],""body"":{""shoulder_L"":[3.6,9.4,40.1],""shoulder_R"":[-18.6,13.9,41.7],""elbow_L"":[2.7,-30,85.3],""elbow_R"":[-38.5,-31.7,82],""wrist_L"":[1.8,-66.3,127],""wrist_R"":[-56.9,-73.7,119.2]},""landmark_names"":{""hand_joints"":[""WRIST"",""THUMB_CMC"",""THUMB_MCP"",""THUMB_IP"",""THUMB_TIP"",""INDEX_MCP"",""INDEX_PIP"",""INDEX_DIP"",""INDEX_TIP"",""MIDDLE_MCP"",""MIDDLE_PIP"",""MIDDLE_DIP"",""MIDDLE_TIP"",""RING_MCP"",""RING_PIP"",""RING_DIP"",""RING_TIP"",""PINKY_MCP"",""PINKY_PIP"",""PINKY_DIP"",""PINKY_TIP""],""body_joints"":{""0"":""nose"",""11"":""shoulder_L"",""12"":""shoulder_R"",""13"":""elbow_L"",""14"":""elbow_R"",""15"":""wrist_L"",""16"":""wrist_R"",""23"":""hip_L"",""24"":""hip_R""}}}"
